scenario,target,baseline,n_seeds,mean_seed_spearman,sd_across_seeds_spearman,min_seed_spearman,max_seed_spearman,mean_seed_mae_log,sd_across_seeds_mae_log,min_seed_mae_log,max_seed_mae_log
double_unseen,log_prot,B3_historical_MFE,4,0.5375782779491978,0.04135081935483296,0.48649384143215907,0.5828734485005519,1.237222209192573,0.004219712496723995,1.2331678141062654,1.2420272034506836
double_unseen,log_prot,B4_sequence_only,4,0.5234619075092435,0.0448501985547842,0.47063353247284184,0.5758570688742548,1.2562849450936686,0.007951677028864302,1.246106914109116,1.264147140477873
double_unseen,log_prot,B6_TSS_accessibility,4,0.5883024149259535,0.04202472744835313,0.542088453271195,0.6362356237745035,1.174403757313761,0.02131401213859781,1.1439056272853922,1.1933773897591677
double_unseen,log_prot,Ridge_B3_historical_MFE,4,0.5933737143950544,0.012371730995281577,0.5759577536955494,0.6040450588855284,1.230757866387827,0.0059672687917179616,1.2234184602964329,1.2375808054948128
double_unseen,log_prot,Ridge_B4_sequence_only,4,0.5946040673745436,0.0092789353282482,0.5816782328692343,0.6029253905809733,1.2300462487628963,0.008098141370168269,1.219105053487043,1.2385376443602838
double_unseen,log_prot,Ridge_B6_TSS_accessibility,4,0.5964526325488756,0.014697213353569407,0.5761819673166964,0.6075888994506927,1.2220783829001516,0.004803790420919236,1.2154422790438915,1.2264846147017872
double_unseen,log_translation_proxy,B3_historical_MFE,4,0.37971953951398396,0.02729857408842536,0.3487950580918689,0.4152861979761333,0.9727050595859112,0.018956630641978157,0.9473061412378996,0.9886015808088275
double_unseen,log_translation_proxy,B4_sequence_only,4,0.36429941380811165,0.02497759085264349,0.33104816760839395,0.3912612237463461,0.984998398975317,0.015339079518560126,0.9650548691051387,1.000167211105953
double_unseen,log_translation_proxy,B6_TSS_accessibility,4,0.4756190048661496,0.020753433211952346,0.46141989515449017,0.5059883797354336,0.8769801493462634,0.013374098986527876,0.8592461621985246,0.8917305019205122
double_unseen,log_translation_proxy,B7_OSTIR,4,0.44047679542746365,0.00892170308445114,0.43328984755605565,0.4518709540322079,0.888082827572129,0.015101767254484087,0.8682140861246875,0.9025685954254298
double_unseen,log_translation_proxy,Ridge_B3_historical_MFE,4,0.4722648178332559,0.006177955260738782,0.4675470039579547,0.48068865137904443,0.881721153957039,0.012057739197134045,0.8660161392713508,0.8950735758307214
double_unseen,log_translation_proxy,Ridge_B4_sequence_only,4,0.4699455115797239,0.009515342044755515,0.4585401664554253,0.4790605417005989,0.880340097875264,0.010165187672178394,0.8654611516633723,0.8882875892397518
double_unseen,log_translation_proxy,Ridge_B6_TSS_accessibility,4,0.4773914498514399,0.010370266769495321,0.4665996542695037,0.4895119726787328,0.8705652396081062,0.006290933612957184,0.8631197799430117,0.8768924028394753
promoter_holdout,log_prot,B3_historical_MFE,4,0.6469372106142834,0.020093592478519072,0.6192362266723481,0.666085418402204,1.1081455059894476,0.02160316734396952,1.0909280991711647,1.1397505285477145
promoter_holdout,log_prot,B4_sequence_only,4,0.6362375485674113,0.020020885233539277,0.6080832027964421,0.6550211519782698,1.1234688517426592,0.023414955444233176,1.1042058900499219,1.1570865477751013
promoter_holdout,log_prot,B6_TSS_accessibility,4,0.708143202865247,0.015186544080407299,0.6934446524949983,0.7279735414744157,1.0257955288647482,0.013084903879335159,1.0100745913025948,1.0409911336737285
promoter_holdout,log_prot,Ridge_B3_historical_MFE,4,0.606692002109575,0.004487478469588015,0.6014772241512563,0.6122433320316644,1.2086156164463635,0.007784516792388154,1.2000070219219157,1.217728517201961
promoter_holdout,log_prot,Ridge_B4_sequence_only,4,0.6081193598267283,0.004411423987424603,0.6022118110531011,0.6117765465684524,1.2074291111801312,0.0077779046353957885,1.2003958382576254,1.2161980283266842
promoter_holdout,log_prot,Ridge_B6_TSS_accessibility,4,0.6187511548564559,0.003806689870092165,0.613672200416908,0.6228693956543346,1.1873000842917445,0.005818886349255767,1.1799964552275526,1.1931134326882749
promoter_holdout,log_translation_proxy,B3_historical_MFE,4,0.5245285661908388,0.011576640868470425,0.5089166747051646,0.5339202733120476,0.8642994723564499,0.011020548455883437,0.8495260332647069,0.8729124120040437
promoter_holdout,log_translation_proxy,B4_sequence_only,4,0.5111915042578481,0.015761657254564646,0.4921557849478651,0.5302286514570771,0.875916911432588,0.010585519666802457,0.8653936862723727,0.8855865222817998
promoter_holdout,log_translation_proxy,B6_TSS_accessibility,4,0.6297567159694403,0.00865518052164414,0.6234794617657586,0.6425118546106365,0.7585614280714462,0.008348474504967753,0.7521426266382679,0.7698821856086369
promoter_holdout,log_translation_proxy,B7_OSTIR,4,0.46428876106658845,0.0029422763849009767,0.4613126820643105,0.4678247856739725,0.8791553382978967,0.0006406148075434049,0.8784032236227748,0.8799605415187717
promoter_holdout,log_translation_proxy,Ridge_B3_historical_MFE,4,0.5011364778593204,0.008013087399048961,0.4906328515919025,0.5101038624557622,0.8662038686968406,0.0027151407657339858,0.8635174826943913,0.8699794719218765
promoter_holdout,log_translation_proxy,Ridge_B4_sequence_only,4,0.49490456027640917,0.009037446654307307,0.4827728251277666,0.504409967130286,0.8687697666358327,0.003041405006531797,0.8659337788278417,0.8730732103308567
promoter_holdout,log_translation_proxy,Ridge_B6_TSS_accessibility,4,0.5117636419135697,0.007511224055304776,0.5015310036832924,0.5193503770329493,0.8508802520579315,0.0028688294025519595,0.8476414291476123,0.8546031158190267
random,log_prot,B3_historical_MFE,4,0.857334166166024,0.0005450302100925669,0.8566696885996835,0.8578879705479764,0.7261674062941679,0.0012582944017564609,0.7246324483683757,0.7272555760691273
random,log_prot,B4_sequence_only,4,0.8535127743552322,0.0004212484462265111,0.8531649425051537,0.8541260173895493,0.7294126325124574,0.001445153965382826,0.7277522733996433,0.730808219162369
random,log_prot,B6_TSS_accessibility,4,0.8971797496092477,0.0008346046211242041,0.8960637767906462,0.8980476394839527,0.6383514530166903,0.0019798556991392985,0.6354750479306543,0.6396598827776564
random,log_prot,Ridge_B3_historical_MFE,4,0.6335773460067085,0.0002828275095233907,0.6333730346885551,0.6339936059055209,1.1774278269935758,0.00032505015574491405,1.177047367778447,1.1778411471122525
random,log_prot,Ridge_B4_sequence_only,4,0.6329168444421176,0.0003031478798149593,0.632667718161148,0.6333584422523681,1.1786798993537762,0.0002675554238500147,1.17843025794206,1.1790318446360477
random,log_prot,Ridge_B6_TSS_accessibility,4,0.6465150341712638,0.00024224185994676197,0.6462993156607963,0.6468614131965966,1.155004324522742,0.0002875799402899566,1.1546163574765465,1.1552522913092593
random,log_translation_proxy,B3_historical_MFE,4,0.7635159448643849,0.0008508037894790401,0.7629615463303427,0.7647705768976507,0.6247590912130982,0.0012956936685045218,0.6232923267845126,0.625908584695144
random,log_translation_proxy,B4_sequence_only,4,0.7605297921997757,0.0004101134844223759,0.7600984073309304,0.7610506522885202,0.629107750498878,0.0006301786639047746,0.6284683723549376,0.6298972221532854
random,log_translation_proxy,B6_TSS_accessibility,4,0.8246615773138051,0.0014316810595558095,0.8231475088990132,0.8265669821845814,0.5442630124295552,0.001264460421436906,0.5423709929841951,0.544996042932312
random,log_translation_proxy,B7_OSTIR,4,0.460799531324803,0.0001915578157337465,0.4605322528665794,0.46098670979999146,0.8744634929459147,0.000134865938784671,0.8743571047098161,0.8746509253292608
random,log_translation_proxy,Ridge_B3_historical_MFE,4,0.527682845292758,0.0004073630782222054,0.5273273247242285,0.5280596919782077,0.8488371715888381,0.00027754333603979554,0.8484905199823057,0.8491096309188693
random,log_translation_proxy,Ridge_B4_sequence_only,4,0.5205847377339561,0.00018998503249704522,0.5203581254484175,0.5207643175565971,0.8529316025740611,0.00020210616511790618,0.8527397210884893,0.8531995334145398
random,log_translation_proxy,Ridge_B6_TSS_accessibility,4,0.5379619025195983,0.0005828125767099502,0.5372432902427886,0.5386265415159769,0.8331823522290582,0.0003380499132344467,0.8327226109820964,0.8335060730408465
rbs_holdout,log_prot,B3_historical_MFE,4,0.7640349939551766,0.01452340554803783,0.7437051275016272,0.7754470806751728,0.90588734728134,0.013612294337247153,0.8965731302718243,0.9254981050944988
rbs_holdout,log_prot,B4_sequence_only,4,0.7582150498264275,0.01767818407323996,0.7348130583716848,0.7731988596675506,0.9127583537395205,0.017045137267151702,0.8994250071784358,0.9354886774925708
rbs_holdout,log_prot,B6_TSS_accessibility,4,0.7963887984573609,0.011576486167793268,0.7840242194316148,0.8099692359120905,0.8473816741997147,0.016940418092474437,0.8323437931210957,0.8627007717490042
rbs_holdout,log_prot,Ridge_B3_historical_MFE,4,0.6170535926146996,0.0025318881081272545,0.6145933290764891,0.6200995986441161,1.201226014770413,0.0021268682462300213,1.1989932250058624,1.20411416020278
rbs_holdout,log_prot,Ridge_B4_sequence_only,4,0.6164677564145475,0.0021588126835583093,0.6142983812018061,0.6193014566640178,1.2022986325553462,0.0018092821619021494,1.2004959813762583,1.2047446825252044
rbs_holdout,log_prot,Ridge_B6_TSS_accessibility,4,0.6221828884290195,0.001228591920181482,0.621007072570645,0.6238622346648004,1.1881715539897766,0.0012396644356913171,1.1870212065487205,1.1899261453022092
rbs_holdout,log_translation_proxy,B3_historical_MFE,4,0.6400130244367851,0.025556117481311483,0.6079011708603277,0.667716851026938,0.742863200554374,0.007072864922864478,0.7365853079488017,0.7530169001994942
rbs_holdout,log_translation_proxy,B4_sequence_only,4,0.6367405464801243,0.02995317008190379,0.6006780654347859,0.6687928709677307,0.7478860874723812,0.008822982021827498,0.739935539052855,0.7593793420926971
rbs_holdout,log_translation_proxy,B6_TSS_accessibility,4,0.7052267688195331,0.016934944311268046,0.687685175878989,0.7277786046188223,0.6715654106467639,0.005537179516507062,0.6673384884266305,0.6792166210267226
rbs_holdout,log_translation_proxy,B7_OSTIR,4,0.44462271291389066,0.006365892474365464,0.4381645575933152,0.45276947899682973,0.8783038865659231,0.002284544985962736,0.8751830740993961,0.8801204266948034
rbs_holdout,log_translation_proxy,Ridge_B3_historical_MFE,4,0.49519568277322634,0.0035256037070636225,0.49047677459950395,0.49873094644391325,0.867564738779821,0.003219698942996346,0.8639258371567238,0.870423398289133
rbs_holdout,log_translation_proxy,Ridge_B4_sequence_only,4,0.4924387265890052,0.002814668101171823,0.4891443872141667,0.49532376502497444,0.8707818406026782,0.00414005503866503,0.8656953826238272,0.8749725676324829
rbs_holdout,log_translation_proxy,Ridge_B6_TSS_accessibility,4,0.5005677333222193,0.0009642324266547823,0.4992683090564974,0.5014653913964967,0.8576303811576991,0.0046064617705445865,0.8522606810423259,0.8621656826491136
