seed,scenario,target,better_model,comparator_model,metric,n_paired_folds,mean_fold_delta,sd_fold_delta
7,double_unseen,log_prot,B6_TSS_accessibility,B4_sequence_only,mae_log,5,-0.08575872468853114,0.07781755888410306
7,double_unseen,log_prot,B6_TSS_accessibility,B4_sequence_only,spearman,5,0.06875540441447833,0.05391421615407864
7,double_unseen,log_prot,B6_TSS_accessibility,Ridge_B6_TSS_accessibility,mae_log,5,-0.04809619891244523,0.10894486331692745
7,double_unseen,log_prot,B6_TSS_accessibility,Ridge_B6_TSS_accessibility,spearman,5,0.0006316742855688618,0.08795817968087663
7,double_unseen,log_translation_proxy,B6_TSS_accessibility,B4_sequence_only,mae_log,5,-0.121896902908748,0.06580440929249794
7,double_unseen,log_translation_proxy,B6_TSS_accessibility,B4_sequence_only,spearman,5,0.09886637226135656,0.06347176726803523
7,double_unseen,log_translation_proxy,B6_TSS_accessibility,B7_OSTIR,mae_log,5,-0.024298287228224625,0.07754124741747093
7,double_unseen,log_translation_proxy,B6_TSS_accessibility,B7_OSTIR,spearman,5,0.029916058346239303,0.1228364218708086
7,double_unseen,log_translation_proxy,B6_TSS_accessibility,Ridge_B6_TSS_accessibility,mae_log,5,0.0013779053577296807,0.0773821091365277
7,double_unseen,log_translation_proxy,B6_TSS_accessibility,Ridge_B6_TSS_accessibility,spearman,5,-0.018923708210522038,0.11135262497312687
7,promoter_holdout,log_prot,B6_TSS_accessibility,B4_sequence_only,mae_log,5,-0.09894573025726645,0.0464466489553092
7,promoter_holdout,log_prot,B6_TSS_accessibility,B4_sequence_only,spearman,5,0.06798619894361228,0.02586163907484806
7,promoter_holdout,log_prot,B6_TSS_accessibility,Ridge_B6_TSS_accessibility,mae_log,5,-0.17126545466222234,0.07350124411228469
7,promoter_holdout,log_prot,B6_TSS_accessibility,Ridge_B6_TSS_accessibility,spearman,5,0.09188058032939535,0.04457557320228509
7,promoter_holdout,log_translation_proxy,B6_TSS_accessibility,B4_sequence_only,mae_log,5,-0.11457188776222993,0.0456065648447396
7,promoter_holdout,log_translation_proxy,B6_TSS_accessibility,B4_sequence_only,spearman,5,0.11761959570604796,0.04847613703964163
7,promoter_holdout,log_translation_proxy,B6_TSS_accessibility,B7_OSTIR,mae_log,5,-0.10933527658047107,0.040758896988461135
7,promoter_holdout,log_translation_proxy,B6_TSS_accessibility,B7_OSTIR,spearman,5,0.16010637462712904,0.05340828856281454
7,promoter_holdout,log_translation_proxy,B6_TSS_accessibility,Ridge_B6_TSS_accessibility,mae_log,5,-0.07775924353897552,0.06036067042856137
7,promoter_holdout,log_translation_proxy,B6_TSS_accessibility,Ridge_B6_TSS_accessibility,spearman,5,0.11119991702615036,0.07243463781351941
7,random,log_prot,B6_TSS_accessibility,B4_sequence_only,mae_log,5,-0.09115099414077928,0.010654247947717382
7,random,log_prot,B6_TSS_accessibility,B4_sequence_only,spearman,5,0.043965219833020486,0.0054632452105393995
7,random,log_prot,B6_TSS_accessibility,Ridge_B6_TSS_accessibility,mae_log,5,-0.5153024247129251,0.022330940592694075
7,random,log_prot,B6_TSS_accessibility,Ridge_B6_TSS_accessibility,spearman,5,0.25070275602634534,0.008832738716836656
7,random,log_translation_proxy,B6_TSS_accessibility,B4_sequence_only,mae_log,5,-0.08452503974454943,0.005492663945571788
7,random,log_translation_proxy,B6_TSS_accessibility,B4_sequence_only,spearman,5,0.06314177099168912,0.00816403427867956
7,random,log_translation_proxy,B6_TSS_accessibility,B7_OSTIR,mae_log,5,-0.32957737315447916,0.011575092772604312
7,random,log_translation_proxy,B6_TSS_accessibility,B7_OSTIR,spearman,5,0.36366017041362986,0.01098693710125507
7,random,log_translation_proxy,B6_TSS_accessibility,Ridge_B6_TSS_accessibility,mae_log,5,-0.2879428794267594,0.01355456473863912
7,random,log_translation_proxy,B6_TSS_accessibility,Ridge_B6_TSS_accessibility,spearman,5,0.2855658817642325,0.016400088973706782
7,rbs_holdout,log_prot,B6_TSS_accessibility,B4_sequence_only,mae_log,5,-0.08311751388490429,0.070774877063797
7,rbs_holdout,log_prot,B6_TSS_accessibility,B4_sequence_only,spearman,5,0.047074183866951946,0.03492340476084691
7,rbs_holdout,log_prot,B6_TSS_accessibility,Ridge_B6_TSS_accessibility,mae_log,5,-0.35465822908891764,0.07053013218191549
7,rbs_holdout,log_prot,B6_TSS_accessibility,Ridge_B6_TSS_accessibility,spearman,5,0.1775752609654979,0.05115314838212317
7,rbs_holdout,log_translation_proxy,B6_TSS_accessibility,B4_sequence_only,mae_log,5,-0.08246200336646445,0.04507681420922928
7,rbs_holdout,log_translation_proxy,B6_TSS_accessibility,B4_sequence_only,spearman,5,0.0733410321628424,0.025673271828344675
7,rbs_holdout,log_translation_proxy,B6_TSS_accessibility,B7_OSTIR,mae_log,5,-0.21247060113690494,0.053296931186357366
7,rbs_holdout,log_translation_proxy,B6_TSS_accessibility,B7_OSTIR,spearman,5,0.245981465123405,0.08945049585690625
7,rbs_holdout,log_translation_proxy,B6_TSS_accessibility,Ridge_B6_TSS_accessibility,mae_log,5,-0.19451585709121527,0.046496229591224354
7,rbs_holdout,log_translation_proxy,B6_TSS_accessibility,Ridge_B6_TSS_accessibility,spearman,5,0.1994826350637373,0.09279740716112593
42,double_unseen,log_prot,B6_TSS_accessibility,B4_sequence_only,mae_log,5,-0.06735177230458227,0.032576901197438425
42,double_unseen,log_prot,B6_TSS_accessibility,B4_sequence_only,spearman,5,0.07145492079835321,0.045797842776171487
42,double_unseen,log_prot,B6_TSS_accessibility,Ridge_B6_TSS_accessibility,mae_log,5,-0.028533297215330756,0.12952143088007556
42,double_unseen,log_prot,B6_TSS_accessibility,Ridge_B6_TSS_accessibility,spearman,5,-0.034093514045501316,0.07760079917724923
42,double_unseen,log_translation_proxy,B6_TSS_accessibility,B4_sequence_only,mae_log,5,-0.10294039683521146,0.035476460864267
42,double_unseen,log_translation_proxy,B6_TSS_accessibility,B4_sequence_only,spearman,5,0.13037172754609622,0.05175093076749926
42,double_unseen,log_translation_proxy,B6_TSS_accessibility,B7_OSTIR,mae_log,5,0.010459538944124325,0.09585335206995123
42,double_unseen,log_translation_proxy,B6_TSS_accessibility,B7_OSTIR,spearman,5,0.02796915248739844,0.16816331340914809
42,double_unseen,log_translation_proxy,B6_TSS_accessibility,Ridge_B6_TSS_accessibility,mae_log,5,0.015553845125800093,0.06229138958292474
42,double_unseen,log_translation_proxy,B6_TSS_accessibility,Ridge_B6_TSS_accessibility,spearman,5,-0.005179759115013505,0.08238234704262404
42,promoter_holdout,log_prot,B6_TSS_accessibility,B4_sequence_only,mae_log,5,-0.08152084840567822,0.047669493795027336
42,promoter_holdout,log_prot,B6_TSS_accessibility,B4_sequence_only,spearman,5,0.06132257905302838,0.04071968361260087
42,promoter_holdout,log_prot,B6_TSS_accessibility,Ridge_B6_TSS_accessibility,mae_log,5,-0.1551951625300928,0.12837263399345195
42,promoter_holdout,log_prot,B6_TSS_accessibility,Ridge_B6_TSS_accessibility,spearman,5,0.0808110138075974,0.06498403735567258
42,promoter_holdout,log_translation_proxy,B6_TSS_accessibility,B4_sequence_only,mae_log,5,-0.11300586501518026,0.023777303262169154
42,promoter_holdout,log_translation_proxy,B6_TSS_accessibility,B4_sequence_only,spearman,5,0.11228320315355952,0.048568096924866785
42,promoter_holdout,log_translation_proxy,B6_TSS_accessibility,B7_OSTIR,mae_log,5,-0.1266523046037402,0.0756366513058658
42,promoter_holdout,log_translation_proxy,B6_TSS_accessibility,B7_OSTIR,spearman,5,0.1811991725463261,0.08016355799951354
42,promoter_holdout,log_translation_proxy,B6_TSS_accessibility,Ridge_B6_TSS_accessibility,mae_log,5,-0.09858485784667148,0.06978114619395484
42,promoter_holdout,log_translation_proxy,B6_TSS_accessibility,Ridge_B6_TSS_accessibility,spearman,5,0.12316147757768733,0.05844615423798091
42,random,log_prot,B6_TSS_accessibility,B4_sequence_only,mae_log,5,-0.0907586069850939,0.008291759348049972
42,random,log_prot,B6_TSS_accessibility,B4_sequence_only,spearman,5,0.04267757626931097,0.006959116417487582
42,random,log_prot,B6_TSS_accessibility,Ridge_B6_TSS_accessibility,mae_log,5,-0.5149564746988899,0.015561136238578391
42,random,log_prot,B6_TSS_accessibility,Ridge_B6_TSS_accessibility,spearman,5,0.24920236359404963,0.007880778947271651
42,random,log_translation_proxy,B6_TSS_accessibility,B4_sequence_only,mae_log,5,-0.08609737937074244,0.008273114825087642
42,random,log_translation_proxy,B6_TSS_accessibility,B4_sequence_only,spearman,5,0.06593497834210083,0.009221534913264363
42,random,log_translation_proxy,B6_TSS_accessibility,B7_OSTIR,mae_log,5,-0.3321011359613104,0.014139804544406375
42,random,log_translation_proxy,B6_TSS_accessibility,B7_OSTIR,spearman,5,0.36574157180437367,0.013692824584419729
42,random,log_translation_proxy,B6_TSS_accessibility,Ridge_B6_TSS_accessibility,mae_log,5,-0.29078602795512787,0.006068605595128914
42,random,log_translation_proxy,B6_TSS_accessibility,Ridge_B6_TSS_accessibility,spearman,5,0.2884057469465923,0.010162874092970288
42,rbs_holdout,log_prot,B6_TSS_accessibility,B4_sequence_only,mae_log,5,-0.07278790574356653,0.046490279099937734
42,rbs_holdout,log_prot,B6_TSS_accessibility,B4_sequence_only,spearman,5,0.049211161059929995,0.029777574844251527
42,rbs_holdout,log_prot,B6_TSS_accessibility,Ridge_B6_TSS_accessibility,mae_log,5,-0.3243204347997163,0.038687497565026256
42,rbs_holdout,log_prot,B6_TSS_accessibility,Ridge_B6_TSS_accessibility,spearman,5,0.16301714686096974,0.0282938403818671
42,rbs_holdout,log_translation_proxy,B6_TSS_accessibility,B4_sequence_only,mae_log,5,-0.08016272106597444,0.02678790278068753
42,rbs_holdout,log_translation_proxy,B6_TSS_accessibility,B4_sequence_only,spearman,5,0.0870071104442032,0.029423983650729735
42,rbs_holdout,log_translation_proxy,B6_TSS_accessibility,B7_OSTIR,mae_log,5,-0.1987992991279229,0.08025371305129293
42,rbs_holdout,log_translation_proxy,B6_TSS_accessibility,B7_OSTIR,spearman,5,0.24636344191814114,0.10961236006400081
42,rbs_holdout,log_translation_proxy,B6_TSS_accessibility,Ridge_B6_TSS_accessibility,mae_log,5,-0.1761939421267851,0.04145840053630272
42,rbs_holdout,log_translation_proxy,B6_TSS_accessibility,Ridge_B6_TSS_accessibility,spearman,5,0.18658927438585976,0.033024432384593044
123,double_unseen,log_prot,B6_TSS_accessibility,B4_sequence_only,mae_log,5,-0.10220128682372354,0.05012396957095449
123,double_unseen,log_prot,B6_TSS_accessibility,B4_sequence_only,spearman,5,0.06037855490024859,0.03468744557287715
123,double_unseen,log_prot,B6_TSS_accessibility,Ridge_B6_TSS_accessibility,mae_log,5,-0.07153665175849928,0.08822276978460476
123,double_unseen,log_prot,B6_TSS_accessibility,Ridge_B6_TSS_accessibility,spearman,5,0.029241291445811002,0.07490548935805919
123,double_unseen,log_translation_proxy,B6_TSS_accessibility,B4_sequence_only,mae_log,5,-0.10580870690661412,0.05161628544215482
123,double_unseen,log_translation_proxy,B6_TSS_accessibility,B4_sequence_only,spearman,5,0.11472715598908749,0.08260570899619875
123,double_unseen,log_translation_proxy,B6_TSS_accessibility,B7_OSTIR,mae_log,5,-0.025822998217308733,0.06511197918245841
123,double_unseen,log_translation_proxy,B6_TSS_accessibility,B7_OSTIR,spearman,5,0.05411742570322571,0.097569319884582
123,double_unseen,log_translation_proxy,B6_TSS_accessibility,Ridge_B6_TSS_accessibility,mae_log,5,-0.00851412251193322,0.039744196684060144
123,double_unseen,log_translation_proxy,B6_TSS_accessibility,Ridge_B6_TSS_accessibility,spearman,5,0.016476407056700726,0.05233511023255101
123,promoter_holdout,log_prot,B6_TSS_accessibility,B4_sequence_only,mae_log,5,-0.09413129874732704,0.05507093749342098
123,promoter_holdout,log_prot,B6_TSS_accessibility,B4_sequence_only,spearman,5,0.07295238949614594,0.03850837945190681
123,promoter_holdout,log_prot,B6_TSS_accessibility,Ridge_B6_TSS_accessibility,mae_log,5,-0.16992186392495778,0.1017581598103276
123,promoter_holdout,log_prot,B6_TSS_accessibility,Ridge_B6_TSS_accessibility,spearman,5,0.10510414582008103,0.07934369496501477
123,promoter_holdout,log_translation_proxy,B6_TSS_accessibility,B4_sequence_only,mae_log,5,-0.10840028502362517,0.029591136380335243
123,promoter_holdout,log_translation_proxy,B6_TSS_accessibility,B4_sequence_only,spearman,5,0.11303437116886772,0.03948958817010593
123,promoter_holdout,log_translation_proxy,B6_TSS_accessibility,B7_OSTIR,mae_log,5,-0.12012746273708408,0.05684956946442363
123,promoter_holdout,log_translation_proxy,B6_TSS_accessibility,B7_OSTIR,spearman,5,0.15960333803690993,0.06651498000080833
123,promoter_holdout,log_translation_proxy,B6_TSS_accessibility,Ridge_B6_TSS_accessibility,mae_log,5,-0.09047070537953536,0.04028843210645095
123,promoter_holdout,log_translation_proxy,B6_TSS_accessibility,Ridge_B6_TSS_accessibility,spearman,5,0.11566244353717851,0.05892527281859927
123,random,log_prot,B6_TSS_accessibility,B4_sequence_only,mae_log,5,-0.08913861706278274,0.014877064773761032
123,random,log_prot,B6_TSS_accessibility,B4_sequence_only,spearman,5,0.04335140243466824,0.0044768492598590524
123,random,log_prot,B6_TSS_accessibility,Ridge_B6_TSS_accessibility,mae_log,5,-0.5166386349723988,0.010091176682694571
123,random,log_prot,B6_TSS_accessibility,Ridge_B6_TSS_accessibility,spearman,5,0.2510054183083844,0.006488222297716167
123,random,log_translation_proxy,B6_TSS_accessibility,B4_sequence_only,mae_log,5,-0.08499193990690872,0.01385808794185549
123,random,log_translation_proxy,B6_TSS_accessibility,B4_sequence_only,spearman,5,0.06464098756048617,0.008380959122331817
123,random,log_translation_proxy,B6_TSS_accessibility,B7_OSTIR,mae_log,5,-0.32946853055270003,0.013008032105503511
123,random,log_translation_proxy,B6_TSS_accessibility,B7_OSTIR,spearman,5,0.3637526850914251,0.00801413283683967
123,random,log_translation_proxy,B6_TSS_accessibility,Ridge_B6_TSS_accessibility,mae_log,5,-0.2884384217075904,0.011982451566522499
123,random,log_translation_proxy,B6_TSS_accessibility,Ridge_B6_TSS_accessibility,spearman,5,0.28692285180977783,0.0056587620296886226
123,rbs_holdout,log_prot,B6_TSS_accessibility,B4_sequence_only,mae_log,5,-0.06708121405734002,0.060392370907642406
123,rbs_holdout,log_prot,B6_TSS_accessibility,B4_sequence_only,spearman,5,0.03677037624453985,0.030199845422812933
123,rbs_holdout,log_prot,B6_TSS_accessibility,Ridge_B6_TSS_accessibility,mae_log,5,-0.3556393457984345,0.06058992907774306
123,rbs_holdout,log_prot,B6_TSS_accessibility,Ridge_B6_TSS_accessibility,spearman,5,0.18772283804063222,0.034766917706566536
123,rbs_holdout,log_translation_proxy,B6_TSS_accessibility,B4_sequence_only,mae_log,5,-0.0747791513929795,0.04121244915951321
123,rbs_holdout,log_translation_proxy,B6_TSS_accessibility,B4_sequence_only,spearman,5,0.05898573365109165,0.06394139853464463
123,rbs_holdout,log_translation_proxy,B6_TSS_accessibility,B7_OSTIR,mae_log,5,-0.2078445856727657,0.06592896782808115
123,rbs_holdout,log_translation_proxy,B6_TSS_accessibility,B7_OSTIR,spearman,5,0.28154352351425255,0.11726916085766462
123,rbs_holdout,log_translation_proxy,B6_TSS_accessibility,Ridge_B6_TSS_accessibility,mae_log,5,-0.19334610935921856,0.03578211768074892
123,rbs_holdout,log_translation_proxy,B6_TSS_accessibility,Ridge_B6_TSS_accessibility,spearman,5,0.22631321322232564,0.03593592027777366
2026,double_unseen,log_prot,B6_TSS_accessibility,B4_sequence_only,mae_log,5,-0.07221296730279314,0.1284408236301486
2026,double_unseen,log_prot,B6_TSS_accessibility,B4_sequence_only,spearman,5,0.05877314955376021,0.0843680805516361
2026,double_unseen,log_prot,B6_TSS_accessibility,Ridge_B6_TSS_accessibility,mae_log,5,-0.042532354459286825,0.07912981105129409
2026,double_unseen,log_prot,B6_TSS_accessibility,Ridge_B6_TSS_accessibility,spearman,5,-0.02838032217756694,0.09244827765930043
2026,double_unseen,log_translation_proxy,B6_TSS_accessibility,B4_sequence_only,mae_log,5,-0.10142699186564086,0.06454664167895362
2026,double_unseen,log_translation_proxy,B6_TSS_accessibility,B4_sequence_only,spearman,5,0.1013131084356113,0.06045864266908026
2026,double_unseen,log_translation_proxy,B6_TSS_accessibility,B7_OSTIR,mae_log,5,-0.004748966402053178,0.08667117766132898
2026,double_unseen,log_translation_proxy,B6_TSS_accessibility,B7_OSTIR,spearman,5,0.028566201217880192,0.11507053064475332
2026,double_unseen,log_translation_proxy,B6_TSS_accessibility,Ridge_B6_TSS_accessibility,mae_log,5,0.017242010981032528,0.07106110156528112
2026,double_unseen,log_translation_proxy,B6_TSS_accessibility,Ridge_B6_TSS_accessibility,spearman,5,0.0005372803276735061,0.09579383748745242
2026,promoter_holdout,log_prot,B6_TSS_accessibility,B4_sequence_only,mae_log,5,-0.11609541410137285,0.014681466732088701
2026,promoter_holdout,log_prot,B6_TSS_accessibility,B4_sequence_only,spearman,5,0.08536144969855623,0.009638053734104644
2026,promoter_holdout,log_prot,B6_TSS_accessibility,Ridge_B6_TSS_accessibility,mae_log,5,-0.14963574059071286,0.049147095790840256
2026,promoter_holdout,log_prot,B6_TSS_accessibility,Ridge_B6_TSS_accessibility,spearman,5,0.07977245207809033,0.037355682793917225
2026,promoter_holdout,log_translation_proxy,B6_TSS_accessibility,B4_sequence_only,mae_log,5,-0.13344389564353193,0.03405481526163132
2026,promoter_holdout,log_translation_proxy,B6_TSS_accessibility,B4_sequence_only,spearman,5,0.13132367681789353,0.03047576018652197
2026,promoter_holdout,log_translation_proxy,B6_TSS_accessibility,B7_OSTIR,mae_log,5,-0.1262605969845068,0.026173479428020945
2026,promoter_holdout,log_translation_proxy,B6_TSS_accessibility,B7_OSTIR,spearman,5,0.16096293440104234,0.04164820507129412
2026,promoter_holdout,log_translation_proxy,B6_TSS_accessibility,Ridge_B6_TSS_accessibility,mae_log,5,-0.1024604891807589,0.050111143594067015
2026,promoter_holdout,log_translation_proxy,B6_TSS_accessibility,Ridge_B6_TSS_accessibility,spearman,5,0.12194845808246631,0.06551318390684228
2026,random,log_prot,B6_TSS_accessibility,B4_sequence_only,mae_log,5,-0.09319649979441251,0.01042374684014922
2026,random,log_prot,B6_TSS_accessibility,B4_sequence_only,spearman,5,0.04467370247906244,0.003724001156270584
2026,random,log_prot,B6_TSS_accessibility,Ridge_B6_TSS_accessibility,mae_log,5,-0.5197139516399931,0.01637129644537411
2026,random,log_prot,B6_TSS_accessibility,Ridge_B6_TSS_accessibility,spearman,5,0.2517483238231564,0.012068504447472385
2026,random,log_translation_proxy,B6_TSS_accessibility,B4_sequence_only,mae_log,5,-0.08376459325509074,0.013056543360653022
2026,random,log_translation_proxy,B6_TSS_accessibility,B4_sequence_only,spearman,5,0.06280940356184181,0.011317442087420729
2026,random,log_translation_proxy,B6_TSS_accessibility,B7_OSTIR,mae_log,5,-0.32965488239694896,0.013371539018838226
2026,random,log_translation_proxy,B6_TSS_accessibility,B7_OSTIR,spearman,5,0.3622937566465797,0.030515866412664624
2026,random,log_translation_proxy,B6_TSS_accessibility,Ridge_B6_TSS_accessibility,mae_log,5,-0.28851003010853465,0.011774700583272547
2026,random,log_translation_proxy,B6_TSS_accessibility,Ridge_B6_TSS_accessibility,spearman,5,0.2859042186562247,0.01785829663463539
2026,rbs_holdout,log_prot,B6_TSS_accessibility,B4_sequence_only,mae_log,5,-0.03852008447341262,0.09682051582642724
2026,rbs_holdout,log_prot,B6_TSS_accessibility,B4_sequence_only,spearman,5,0.01963927335231188,0.04905388917368999
2026,rbs_holdout,log_prot,B6_TSS_accessibility,Ridge_B6_TSS_accessibility,mae_log,5,-0.3285415094731797,0.09145462000521191
2026,rbs_holdout,log_prot,B6_TSS_accessibility,Ridge_B6_TSS_accessibility,spearman,5,0.1685083942462659,0.03329151977122407
2026,rbs_holdout,log_translation_proxy,B6_TSS_accessibility,B4_sequence_only,mae_log,5,-0.06787883147705069,0.0611087101303531
2026,rbs_holdout,log_translation_proxy,B6_TSS_accessibility,B4_sequence_only,spearman,5,0.05461101309949783,0.052238868348464605
2026,rbs_holdout,log_translation_proxy,B6_TSS_accessibility,B7_OSTIR,mae_log,5,-0.20783941773904288,0.07425431948750821
2026,rbs_holdout,log_translation_proxy,B6_TSS_accessibility,B7_OSTIR,spearman,5,0.26852779306677094,0.05693441954813501
2026,rbs_holdout,log_translation_proxy,B6_TSS_accessibility,Ridge_B6_TSS_accessibility,mae_log,5,-0.18020397346652156,0.03773262997325056
2026,rbs_holdout,log_translation_proxy,B6_TSS_accessibility,Ridge_B6_TSS_accessibility,spearman,5,0.2062510193173325,0.041875910871391336
