seed,scenario,target,baseline,n_folds,mean_fold_spearman,sd_fold_spearman,mean_fold_mae_log,sd_fold_mae_log
7,double_unseen,log_prot,B3_historical_MFE,5,0.5555002336176975,0.14504446062465515,1.2394555617270513,0.11785948891216054
7,double_unseen,log_prot,B4_sequence_only,5,0.5394651693217833,0.1365369975035478,1.264147140477873,0.11877665908894237
7,double_unseen,log_prot,B6_TSS_accessibility,5,0.6082205737362616,0.1214739162272347,1.178388415789342,0.13986204041714484
7,double_unseen,log_prot,Ridge_B3_historical_MFE,5,0.599847713911864,0.09563978757049486,1.2375808054948128,0.09322737074704959
7,double_unseen,log_prot,Ridge_B4_sequence_only,5,0.5992910182626011,0.09578994457920843,1.2385376443602838,0.09148625256974696
7,double_unseen,log_prot,Ridge_B6_TSS_accessibility,5,0.6075888994506927,0.09212161771773839,1.2264846147017872,0.10625456209903404
7,double_unseen,log_translation_proxy,B3_historical_MFE,5,0.37606601102190157,0.07273191338668926,0.9886015808088275,0.06792260394037848
7,double_unseen,log_translation_proxy,B4_sequence_only,5,0.3643395336409384,0.07736322305561312,1.000167211105953,0.05831575822433657
7,double_unseen,log_translation_proxy,B6_TSS_accessibility,5,0.46320590590229493,0.09789515310635577,0.8782703081972052,0.07752753965940959
7,double_unseen,log_translation_proxy,B7_OSTIR,5,0.43328984755605565,0.11157162633725158,0.9025685954254298,0.07943954530936316
7,double_unseen,log_translation_proxy,Ridge_B3_historical_MFE,5,0.4675470039579547,0.09343900758479327,0.8950735758307214,0.08623598270074863
7,double_unseen,log_translation_proxy,Ridge_B4_sequence_only,5,0.4790605417005989,0.07111559991101572,0.8882875892397518,0.07829022919225086
7,double_unseen,log_translation_proxy,Ridge_B6_TSS_accessibility,5,0.48212961411281696,0.06276007597345279,0.8768924028394753,0.09131397174902713
7,promoter_holdout,log_prot,B3_historical_MFE,5,0.6557238100647916,0.09911538667917916,1.100154131169563,0.1154154305416888
7,promoter_holdout,log_prot,B4_sequence_only,5,0.6434833091247061,0.09079564400666908,1.120793708283319,0.1025455496068523
7,promoter_holdout,log_prot,B6_TSS_accessibility,5,0.7114695080683184,0.07839674817353955,1.0218479780260528,0.1058278713104318
7,promoter_holdout,log_prot,Ridge_B3_historical_MFE,5,0.6054410021613812,0.07804366601865437,1.217728517201961,0.07843988361655173
7,promoter_holdout,log_prot,Ridge_B4_sequence_only,5,0.607298291529702,0.07947395470155795,1.2161980283266842,0.07884704577061959
7,promoter_holdout,log_prot,Ridge_B6_TSS_accessibility,5,0.619588927738923,0.07165797924642289,1.1931134326882749,0.07301716069052443
7,promoter_holdout,log_translation_proxy,B3_historical_MFE,5,0.5226000486333904,0.06448932725081703,0.8725248341343601,0.0679117378118275
7,promoter_holdout,log_translation_proxy,B4_sequence_only,5,0.5079878280844355,0.07223124098728623,0.8844540733708668,0.07719551162109856
7,promoter_holdout,log_translation_proxy,B6_TSS_accessibility,5,0.6256074237904835,0.04933384612933629,0.7698821856086369,0.054008263297975596
7,promoter_holdout,log_translation_proxy,B7_OSTIR,5,0.46550104916335455,0.0847991359063469,0.8792174621891078,0.0845820078818625
7,promoter_holdout,log_translation_proxy,Ridge_B3_historical_MFE,5,0.5013093934812562,0.0693284841143475,0.8658188244725593,0.0661352808979227
7,promoter_holdout,log_translation_proxy,Ridge_B4_sequence_only,5,0.49764000582314144,0.08395769317536683,0.8659337788278417,0.07410974347091333
7,promoter_holdout,log_translation_proxy,Ridge_B6_TSS_accessibility,5,0.5144075067643332,0.0740415950665515,0.8476414291476123,0.07582028652638033
7,random,log_prot,B3_historical_MFE,5,0.8571279499115217,0.007806246965381932,0.7271357484501662,0.005149190152572866
7,random,log_prot,B4_sequence_only,5,0.8531649425051537,0.008473711457577911,0.730808219162369,0.007272421298132639
7,random,log_prot,B6_TSS_accessibility,5,0.8971301623381741,0.006572035828187021,0.6396572250215897,0.008399589996254859
7,random,log_prot,Ridge_B3_historical_MFE,5,0.6333730346885551,0.01130157602092407,1.1773907791113234,0.02117732811724998
7,random,log_prot,Ridge_B4_sequence_only,5,0.632667718161148,0.01113987927352898,1.178736771391237,0.02084166831580879
7,random,log_prot,Ridge_B6_TSS_accessibility,5,0.6464274063118288,0.009166563638043159,1.154959649734515,0.02186118516903086
7,random,log_translation_proxy,B3_historical_MFE,5,0.763315792301187,0.007039863249918994,0.625908584695144,0.012341205625368518
7,random,log_translation_proxy,B4_sequence_only,5,0.7610506522885202,0.008608028020741294,0.6293047712998865,0.013042195556093117
7,random,log_translation_proxy,B6_TSS_accessibility,5,0.8241924232802094,0.003819354783075017,0.544779731555337,0.01095081968993642
7,random,log_translation_proxy,B7_OSTIR,5,0.4605322528665794,0.01007940380731666,0.8743571047098161,0.014313436628741433
7,random,log_translation_proxy,Ridge_B3_historical_MFE,5,0.5280107072199951,0.016963970360789074,0.8484905199823057,0.008588005578321088
7,random,log_translation_proxy,Ridge_B4_sequence_only,5,0.5207168239216055,0.016773800490760785,0.8527397210884893,0.00992734100151728
7,random,log_translation_proxy,Ridge_B6_TSS_accessibility,5,0.5386265415159769,0.016924613836097266,0.8327226109820964,0.00852063086149125
7,rbs_holdout,log_prot,B3_historical_MFE,5,0.7635196836286371,0.03540469636005436,0.9047100864869286,0.02839330292447361
7,rbs_holdout,log_prot,B4_sequence_only,5,0.7543633117633464,0.03660461584538179,0.9162150099846332,0.033154446716828795
7,rbs_holdout,log_prot,B6_TSS_accessibility,5,0.8014374956302983,0.03294106107029794,0.833097496099729,0.07816153728024199
7,rbs_holdout,log_prot,Ridge_B3_historical_MFE,5,0.6153952954951407,0.04377610004651901,1.20411416020278,0.05926994877204207
7,rbs_holdout,log_prot,Ridge_B4_sequence_only,5,0.6154198052355577,0.04455295937937298,1.2047446825252044,0.059750305699647684
7,rbs_holdout,log_prot,Ridge_B6_TSS_accessibility,5,0.6238622346648004,0.05413209610095679,1.1877557251886466,0.070552584335346
7,rbs_holdout,log_translation_proxy,B3_historical_MFE,5,0.6335292038112778,0.09031800836857673,0.7410922738248203,0.023323505675932516
7,rbs_holdout,log_translation_proxy,B4_sequence_only,5,0.6254099119573924,0.09304064421176751,0.7501118289243629,0.01756913566000815
7,rbs_holdout,log_translation_proxy,B6_TSS_accessibility,5,0.6987509441202346,0.09274245578210925,0.6676498255578984,0.05992856991273594
7,rbs_holdout,log_translation_proxy,B7_OSTIR,5,0.45276947899682973,0.1276881776018492,0.8801204266948034,0.03783099400576004
7,rbs_holdout,log_translation_proxy,Ridge_B3_historical_MFE,5,0.4967422180103311,0.11587683410230314,0.870423398289133,0.061206535039724286
7,rbs_holdout,log_translation_proxy,Ridge_B4_sequence_only,5,0.49532376502497444,0.10805143618547129,0.8731771085001785,0.05629330458072274
7,rbs_holdout,log_translation_proxy,Ridge_B6_TSS_accessibility,5,0.4992683090564974,0.10564510387588752,0.8621656826491136,0.07220392746659433
42,double_unseen,log_prot,B3_historical_MFE,5,0.48649384143215907,0.22352413261281726,1.2420272034506836,0.1747186594085452
42,double_unseen,log_prot,B4_sequence_only,5,0.47063353247284184,0.2359094892414443,1.26072916206375,0.16901372063848016
42,double_unseen,log_prot,B6_TSS_accessibility,5,0.542088453271195,0.19775176455799343,1.1933773897591677,0.1649849200684067
42,double_unseen,log_prot,Ridge_B3_historical_MFE,5,0.5759577536955494,0.1397190157940766,1.2234184602964329,0.07637303539796984
42,double_unseen,log_prot,Ridge_B4_sequence_only,5,0.5816782328692343,0.13465315514025697,1.219105053487043,0.07106998987457591
42,double_unseen,log_prot,Ridge_B6_TSS_accessibility,5,0.5761819673166964,0.12514613848591807,1.2219106869744987,0.05590516963587403
42,double_unseen,log_translation_proxy,B3_historical_MFE,5,0.3487950580918689,0.11546396541709734,0.9692370939546965,0.05859139738255023
42,double_unseen,log_translation_proxy,B4_sequence_only,5,0.33104816760839395,0.1181700214141989,0.9816140219040232,0.04789225064179513
42,double_unseen,log_translation_proxy,B6_TSS_accessibility,5,0.46141989515449017,0.07056229595444082,0.8786736250688119,0.06275048752316607
42,double_unseen,log_translation_proxy,B7_OSTIR,5,0.43345074266709177,0.11455104382565519,0.8682140861246875,0.07665167215600159
42,double_unseen,log_translation_proxy,Ridge_B3_historical_MFE,5,0.4730965205843905,0.09352501662485055,0.8660161392713508,0.037234116700036034
42,double_unseen,log_translation_proxy,Ridge_B4_sequence_only,5,0.46580688446386276,0.09821949308329564,0.8654611516633723,0.028694703981156363
42,double_unseen,log_translation_proxy,Ridge_B6_TSS_accessibility,5,0.4665996542695037,0.07720917578136226,0.8631197799430117,0.04585437798292131
42,promoter_holdout,log_prot,B3_historical_MFE,5,0.64670338731779,0.1017706440762568,1.1017492650693486,0.1586972659825924
42,promoter_holdout,log_prot,B4_sequence_only,5,0.6383625303702274,0.10893247512082165,1.1117892608622948,0.16997822447894886
42,promoter_holdout,log_prot,B6_TSS_accessibility,5,0.6996851094232557,0.09776493365954038,1.0302684124566166,0.1746259248333629
42,promoter_holdout,log_prot,Ridge_B3_historical_MFE,5,0.6076064500939982,0.09314232388936201,1.2048623147465518,0.052170102553025656
42,promoter_holdout,log_prot,Ridge_B4_sequence_only,5,0.6111907901556577,0.08611101543931426,1.201383435497846,0.04853477617467057
42,promoter_holdout,log_prot,Ridge_B6_TSS_accessibility,5,0.6188740956156583,0.06826660272598382,1.1854635749867095,0.0479257325544554
42,promoter_holdout,log_translation_proxy,B3_historical_MFE,5,0.5339202733120476,0.07902368705160324,0.862234610022689,0.03972059268610618
42,promoter_holdout,log_translation_proxy,B4_sequence_only,5,0.5302286514570771,0.07330532660344646,0.8653936862723727,0.03780249423354382
42,promoter_holdout,log_translation_proxy,B6_TSS_accessibility,5,0.6425118546106365,0.07606464134776837,0.7523878212571924,0.05126692904239568
42,promoter_holdout,log_translation_proxy,B7_OSTIR,5,0.4613126820643105,0.07770502596018224,0.8790401258609327,0.04069732324600155
42,promoter_holdout,log_translation_proxy,Ridge_B3_historical_MFE,5,0.5101038624557622,0.03156065756227472,0.8654996956985354,0.018970138845030897
42,promoter_holdout,log_translation_proxy,Ridge_B4_sequence_only,5,0.504409967130286,0.02286540126546306,0.867800172874784,0.026011569740358995
42,promoter_holdout,log_translation_proxy,Ridge_B6_TSS_accessibility,5,0.5193503770329493,0.042241362422860036,0.850972679103864,0.03552993435746237
42,random,log_prot,B3_historical_MFE,5,0.8578879705479764,0.005886523718017182,0.7246324483683757,0.009886607708576687
42,random,log_prot,B4_sequence_only,5,0.8533862005213353,0.0059912830627558734,0.7304184897627503,0.01114974065551076
42,random,log_prot,B6_TSS_accessibility,5,0.8960637767906462,0.006731988605599998,0.6396598827776564,0.013678692777954736
42,random,log_prot,Ridge_B3_historical_MFE,5,0.6339936059055209,0.012945498914263246,1.177047367778447,0.017890664892671715
42,random,log_prot,Ridge_B4_sequence_only,5,0.6333584422523681,0.012693959701475292,1.17843025794206,0.01794182470072314
42,random,log_prot,Ridge_B6_TSS_accessibility,5,0.6468614131965966,0.014246019256555564,1.1546163574765465,0.020653315281298497
42,random,log_translation_proxy,B3_historical_MFE,5,0.7647705768976507,0.009006916183915786,0.6232923267845126,0.004308989055021399
42,random,log_translation_proxy,B4_sequence_only,5,0.7606320038424805,0.010084936833907675,0.6284683723549376,0.004478847731419937
42,random,log_translation_proxy,B6_TSS_accessibility,5,0.8265669821845814,0.006734332930562252,0.5423709929841951,0.008861212364595673
42,random,log_translation_proxy,B7_OSTIR,5,0.4608254103802077,0.007259139595458219,0.8744721289455055,0.011837572859125824
42,random,log_translation_proxy,Ridge_B3_historical_MFE,5,0.5280596919782077,0.007143377645042649,0.8487440040706804,0.013099934893353713
42,random,log_translation_proxy,Ridge_B4_sequence_only,5,0.5207643175565971,0.010674869521257136,0.8528192693709856,0.011778448685057836
42,random,log_translation_proxy,Ridge_B6_TSS_accessibility,5,0.538161235237989,0.014890297726185315,0.8331570209393231,0.014507894106616143
42,rbs_holdout,log_prot,B3_historical_MFE,5,0.7437051275016272,0.07361852004050984,0.9254981050944988,0.103330433646274
42,rbs_holdout,log_prot,B4_sequence_only,5,0.7348130583716848,0.07199929410779722,0.9354886774925708,0.10430489560490207
42,rbs_holdout,log_prot,B6_TSS_accessibility,5,0.7840242194316148,0.061095808521588704,0.8627007717490042,0.0797777646294006
42,rbs_holdout,log_prot,Ridge_B3_historical_MFE,5,0.6145933290764891,0.04604083555352383,1.2010192209999926,0.05740476061265377
42,rbs_holdout,log_prot,Ridge_B4_sequence_only,5,0.6142983812018061,0.04643166924770301,1.2015405771736154,0.0586738830537296
42,rbs_holdout,log_prot,Ridge_B6_TSS_accessibility,5,0.621007072570645,0.05017157546949208,1.1870212065487205,0.06723886026492856
42,rbs_holdout,log_translation_proxy,B3_historical_MFE,5,0.6079011708603277,0.10956542794335293,0.7530169001994942,0.04959172359313031
42,rbs_holdout,log_translation_proxy,B4_sequence_only,5,0.6006780654347859,0.11431980114447671,0.7593793420926971,0.052682449816509075
42,rbs_holdout,log_translation_proxy,B6_TSS_accessibility,5,0.687685175878989,0.09992416305854193,0.6792166210267226,0.04813069073471016
42,rbs_holdout,log_translation_proxy,B7_OSTIR,5,0.44132173396084795,0.08689165772936555,0.8780159201546456,0.05481013255484596
42,rbs_holdout,log_translation_proxy,Ridge_B3_historical_MFE,5,0.4948327920391572,0.10385032832179536,0.865789051008611,0.030708805743716646
42,rbs_holdout,log_translation_proxy,Ridge_B4_sequence_only,5,0.4911421796636327,0.10248916582233146,0.8692823036542243,0.029883400008466985
42,rbs_holdout,log_translation_proxy,Ridge_B6_TSS_accessibility,5,0.5010959014931293,0.0958392189584982,0.8554105631535076,0.041448891295769834
123,double_unseen,log_prot,B3_historical_MFE,5,0.5828734485005519,0.07644046490096089,1.2342382574862925,0.12895003733545982
123,double_unseen,log_prot,B4_sequence_only,5,0.5758570688742548,0.07104709844208819,1.246106914109116,0.1382961077802195
123,double_unseen,log_prot,B6_TSS_accessibility,5,0.6362356237745035,0.09030704415238422,1.1439056272853922,0.13156186185620178
123,double_unseen,log_prot,Ridge_B3_historical_MFE,5,0.6040450588855284,0.046347546022498125,1.229245204401352,0.12471149956167363
123,double_unseen,log_prot,Ridge_B4_sequence_only,5,0.6029253905809733,0.04449344019839982,1.2302899838693493,0.12331843554449895
123,double_unseen,log_prot,Ridge_B6_TSS_accessibility,5,0.6069943323286925,0.02838367321887431,1.2154422790438915,0.12185053510897535
123,double_unseen,log_translation_proxy,B3_historical_MFE,5,0.4152861979761333,0.0868184142962301,0.9473061412378996,0.1134927167133603
123,double_unseen,log_translation_proxy,B4_sequence_only,5,0.3912612237463461,0.09468887336588384,0.9650548691051387,0.12826657823160348
123,double_unseen,log_translation_proxy,B6_TSS_accessibility,5,0.5059883797354336,0.049563221718338435,0.8592461621985246,0.09349350110534181
123,double_unseen,log_translation_proxy,B7_OSTIR,5,0.4518709540322079,0.09427535696205781,0.8850691604158334,0.14432914928276513
123,double_unseen,log_translation_proxy,Ridge_B3_historical_MFE,5,0.48068865137904443,0.044870457951175134,0.8808401194467477,0.1161258790012857
123,double_unseen,log_translation_proxy,Ridge_B4_sequence_only,5,0.4763744536990087,0.0487662496577794,0.8829617492609068,0.1135303708841104
123,double_unseen,log_translation_proxy,Ridge_B6_TSS_accessibility,5,0.4895119726787328,0.0432969900731142,0.8677602847104579,0.10867407801439051
123,promoter_holdout,log_prot,B3_historical_MFE,5,0.666085418402204,0.06179535196244267,1.0909280991711647,0.09196563961172684
123,promoter_holdout,log_prot,B4_sequence_only,5,0.6550211519782698,0.04955861070186865,1.1042058900499219,0.10221347235950141
123,promoter_holdout,log_prot,B6_TSS_accessibility,5,0.7279735414744157,0.04386768643754494,1.0100745913025948,0.13729462837029544
123,promoter_holdout,log_prot,Ridge_B3_historical_MFE,5,0.6122433320316644,0.06640596183301639,1.2000070219219157,0.05087303531495394
123,promoter_holdout,log_prot,Ridge_B4_sequence_only,5,0.6117765465684524,0.0659866466971128,1.2003958382576254,0.049785920259154175
123,promoter_holdout,log_prot,Ridge_B6_TSS_accessibility,5,0.6228693956543346,0.05856277759730882,1.1799964552275526,0.05156818219031936
123,promoter_holdout,log_translation_proxy,B3_historical_MFE,5,0.5326772681127525,0.0561179826130403,0.8495260332647069,0.05938766588644165
123,promoter_holdout,log_translation_proxy,B4_sequence_only,5,0.5143937525420148,0.06420341462372643,0.8682333638053128,0.0752806976458176
123,promoter_holdout,log_translation_proxy,B6_TSS_accessibility,5,0.6274281237108824,0.03305091915285909,0.7598330787816876,0.052922134181693524
123,promoter_holdout,log_translation_proxy,B7_OSTIR,5,0.4678247856739725,0.05105110283207212,0.8799605415187717,0.07065468453421833
123,promoter_holdout,log_translation_proxy,Ridge_B3_historical_MFE,5,0.5024998039083604,0.0768394989256962,0.8635174826943913,0.04734291495231097
123,promoter_holdout,log_translation_proxy,Ridge_B4_sequence_only,5,0.4947954430244428,0.08117550054707413,0.8682719045098486,0.04817228388119211
123,promoter_holdout,log_translation_proxy,Ridge_B6_TSS_accessibility,5,0.5117656801737039,0.06860304806506644,0.850303784161223,0.054865092451508835
123,random,log_prot,B3_historical_MFE,5,0.8566696885996835,0.005555942369767725,0.7272555760691273,0.020383185985269545
123,random,log_prot,B4_sequence_only,5,0.8541260173895493,0.0045155606491453755,0.7277522733996433,0.01888764006279979
123,random,log_prot,B6_TSS_accessibility,5,0.8974774198242177,0.005186535829498937,0.6386136563368605,0.009170534711530488
123,random,log_prot,Ridge_B3_historical_MFE,5,0.6335067106603571,0.011563302533151817,1.1778411471122525,0.01353751467615331
123,random,log_prot,Ridge_B4_sequence_only,5,0.6328135116207199,0.011228430849072709,1.1790318446360477,0.013776576079314503
123,random,log_prot,Ridge_B6_TSS_accessibility,5,0.6464720015158332,0.01052290120055487,1.1552522913092593,0.01339200831647964
123,random,log_translation_proxy,B3_historical_MFE,5,0.7630158639283593,0.004605019162905034,0.6240478408700628,0.008560370142601737
123,random,log_translation_proxy,B4_sequence_only,5,0.7600984073309304,0.006134421182784253,0.6298972221532854,0.011097880886030075
123,random,log_translation_proxy,B6_TSS_accessibility,5,0.8247393948914166,0.010780125856597603,0.5449052822463767,0.013668612607716358
123,random,log_translation_proxy,B7_OSTIR,5,0.46098670979999146,0.012037288231072748,0.8743738127990767,0.006976065538157919
123,random,log_translation_proxy,Ridge_B3_historical_MFE,5,0.5273273247242285,0.00931503268694219,0.8490045313834969,0.010662179994276356
123,random,log_translation_proxy,Ridge_B4_sequence_only,5,0.5203581254484175,0.010236617846173097,0.8529678864222296,0.007788193992509123
123,random,log_translation_proxy,Ridge_B6_TSS_accessibility,5,0.5378165430816388,0.008224536973038878,0.833343703953967,0.010928424604275346
123,rbs_holdout,log_prot,B3_historical_MFE,5,0.7754470806751728,0.05568670623510222,0.8965731302718243,0.12485625576120503
123,rbs_holdout,log_prot,B4_sequence_only,5,0.7731988596675506,0.05728817049232358,0.8994250071784358,0.12959252146385106
123,rbs_holdout,log_prot,B6_TSS_accessibility,5,0.8099692359120905,0.04892368754220959,0.8323437931210957,0.11381918253310436
123,rbs_holdout,log_prot,Ridge_B3_historical_MFE,5,0.6181261472430526,0.03839866814056217,1.2007774528730166,0.07174582736857202
123,rbs_holdout,log_prot,Ridge_B4_sequence_only,5,0.6168513825568084,0.038692623670952,1.2024132891463062,0.07310552045289598
123,rbs_holdout,log_prot,Ridge_B6_TSS_accessibility,5,0.6222463978714583,0.036913779414584756,1.1879831389195303,0.07112585432892395
123,rbs_holdout,log_translation_proxy,B3_historical_MFE,5,0.667716851026938,0.06456703551256117,0.7407583202443802,0.09114866975547055
123,rbs_holdout,log_translation_proxy,B4_sequence_only,5,0.6687928709677307,0.06790355920136014,0.7421176398196099,0.0947190226034546
123,rbs_holdout,log_translation_proxy,B6_TSS_accessibility,5,0.7277786046188223,0.05683759759481979,0.6673384884266305,0.07893282884088236
123,rbs_holdout,log_translation_proxy,B7_OSTIR,5,0.4462350811045698,0.0835011672897962,0.8751830740993961,0.08480948666832272
123,rbs_holdout,log_translation_proxy,Ridge_B3_historical_MFE,5,0.49873094644391325,0.0583250208952118,0.8701206686648162,0.09129705049645107
123,rbs_holdout,log_translation_proxy,Ridge_B4_sequence_only,5,0.4941445744532471,0.058186874112609865,0.8749725676324829,0.08889665713403529
123,rbs_holdout,log_translation_proxy,Ridge_B6_TSS_accessibility,5,0.5014653913964967,0.05252057814422713,0.860684597785849,0.08255403356771868
2026,double_unseen,log_prot,B3_historical_MFE,5,0.5254455882463824,0.11515034969016749,1.2331678141062654,0.08778929131679218
2026,double_unseen,log_prot,B4_sequence_only,5,0.5078918593680937,0.11343441454911156,1.2541565637239351,0.09408292597016094
2026,double_unseen,log_prot,B6_TSS_accessibility,5,0.5666650089218539,0.08848704699096749,1.1819435964211418,0.10808888430099191
2026,double_unseen,log_prot,Ridge_B3_historical_MFE,5,0.5936443310872758,0.04301745151077141,1.2327869953587103,0.10224544253318923
2026,double_unseen,log_prot,Ridge_B4_sequence_only,5,0.5945216277853661,0.04306803472010076,1.2322523133349086,0.1014439533072382
2026,double_unseen,log_prot,Ridge_B6_TSS_accessibility,5,0.5950453310994208,0.02811515777770806,1.2244759508804288,0.10798877078036535
2026,double_unseen,log_translation_proxy,B3_historical_MFE,5,0.37873089096603196,0.08977930919512969,0.9856754223422215,0.0851196609018401
2026,double_unseen,log_translation_proxy,B4_sequence_only,5,0.3705487302367682,0.08112991977016022,0.993157493786153,0.08451770361740438
2026,double_unseen,log_translation_proxy,B6_TSS_accessibility,5,0.4718618386723795,0.10973894795941445,0.8917305019205122,0.13799576141489114
2026,double_unseen,log_translation_proxy,B7_OSTIR,5,0.4432956374544993,0.06088391842028637,0.8964794683225653,0.11570177847772188
2026,double_unseen,log_translation_proxy,Ridge_B3_historical_MFE,5,0.46772709541163415,0.07287642819340927,0.8849547812793361,0.07047893937888867
2026,double_unseen,log_translation_proxy,Ridge_B4_sequence_only,5,0.4585401664554253,0.06921735791916855,0.884649901337025,0.0799400996625944
2026,double_unseen,log_translation_proxy,Ridge_B6_TSS_accessibility,5,0.471324558344706,0.06478680557252954,0.8744884909394797,0.08256809849208084
2026,promoter_holdout,log_prot,B3_historical_MFE,5,0.6192362266723481,0.06756331433844276,1.1397505285477145,0.0854610375847298
2026,promoter_holdout,log_prot,B4_sequence_only,5,0.6080832027964421,0.06487346149318392,1.1570865477751013,0.08086042011217488
2026,promoter_holdout,log_prot,B6_TSS_accessibility,5,0.6934446524949983,0.056789593658139764,1.0409911336737285,0.09010865142059049
2026,promoter_holdout,log_prot,Ridge_B3_historical_MFE,5,0.6014772241512563,0.04847452581939375,1.2118646119150258,0.06964340434124432
2026,promoter_holdout,log_prot,Ridge_B4_sequence_only,5,0.6022118110531011,0.04780914736402232,1.2117391426383688,0.07036033056181744
2026,promoter_holdout,log_prot,Ridge_B6_TSS_accessibility,5,0.613672200416908,0.04633388152000532,1.1906268742644412,0.07154575216956703
2026,promoter_holdout,log_translation_proxy,B3_historical_MFE,5,0.5089166747051646,0.052262012816360975,0.8729124120040437,0.05349116072748401
2026,promoter_holdout,log_translation_proxy,B4_sequence_only,5,0.4921557849478651,0.06209890762047409,0.8855865222817998,0.06618920000924895
2026,promoter_holdout,log_translation_proxy,B6_TSS_accessibility,5,0.6234794617657586,0.07341518323300326,0.7521426266382679,0.0757081051362361
2026,promoter_holdout,log_translation_proxy,B7_OSTIR,5,0.46251652736471627,0.0602629899713086,0.8784032236227748,0.06261305419113646
2026,promoter_holdout,log_translation_proxy,Ridge_B3_historical_MFE,5,0.4906328515919025,0.04146783299497573,0.8699794719218765,0.04617333412405717
2026,promoter_holdout,log_translation_proxy,Ridge_B4_sequence_only,5,0.4827728251277666,0.03471869278083791,0.8730732103308567,0.0488423984814745
2026,promoter_holdout,log_translation_proxy,Ridge_B6_TSS_accessibility,5,0.5015310036832924,0.030642915878588927,0.8546031158190267,0.04496019371996174
2026,random,log_prot,B3_historical_MFE,5,0.8576510556049144,0.0031838898272795995,0.7256458522890024,0.009268066408833354
2026,random,log_prot,B4_sequence_only,5,0.8533739370048904,0.002630870147433037,0.7286715477250669,0.009097778649528435
2026,random,log_prot,B6_TSS_accessibility,5,0.8980476394839527,0.005205748432408274,0.6354750479306543,0.004583071160654565
2026,random,log_prot,Ridge_B3_historical_MFE,5,0.6334360327724007,0.015648549964086905,1.1774320139722807,0.015677491923569317
2026,random,log_prot,Ridge_B4_sequence_only,5,0.6328277057342346,0.016042256838201877,1.1785207234457595,0.01573688105665037
2026,random,log_prot,Ridge_B6_TSS_accessibility,5,0.6462993156607963,0.01535603879439247,1.1551889995706475,0.013442000144555065
2026,random,log_translation_proxy,B3_historical_MFE,5,0.7629615463303427,0.012569513118416037,0.6257876125026738,0.009073256910587909
2026,random,log_translation_proxy,B4_sequence_only,5,0.7603381053371715,0.014376253933788824,0.6287606361874026,0.011123783763211593
2026,random,log_translation_proxy,B6_TSS_accessibility,5,0.8231475088990132,0.009872531636557297,0.544996042932312,0.01164338790938832
2026,random,log_translation_proxy,B7_OSTIR,5,0.4608537522524336,0.03104797212296797,0.8746509253292608,0.012392741313063409
2026,random,log_translation_proxy,Ridge_B3_historical_MFE,5,0.5273336572486007,0.01670784567555458,0.8491096309188693,0.00346596429807984
2026,random,log_translation_proxy,Ridge_B4_sequence_only,5,0.5204996840092042,0.017007152214571178,0.8531995334145398,0.006216504244385888
2026,random,log_translation_proxy,Ridge_B6_TSS_accessibility,5,0.5372432902427886,0.018969363101879428,0.8335060730408465,0.005904098759244136
2026,rbs_holdout,log_prot,B3_historical_MFE,5,0.7734680840152693,0.05870701409962259,0.8967680672721083,0.1115327870381362
2026,rbs_holdout,log_prot,B4_sequence_only,5,0.7704849695031282,0.05550278507762319,0.8999047203024422,0.1124318929559773
2026,rbs_holdout,log_prot,B6_TSS_accessibility,5,0.79012424285544,0.047725245511664564,0.8613846358290296,0.12229593465864913
2026,rbs_holdout,log_prot,Ridge_B3_historical_MFE,5,0.6200995986441161,0.02022487241420633,1.1989932250058624,0.029485049521107684
2026,rbs_holdout,log_prot,Ridge_B4_sequence_only,5,0.6193014566640178,0.019783038722155186,1.2004959813762583,0.029686258106666658
2026,rbs_holdout,log_prot,Ridge_B6_TSS_accessibility,5,0.6216158486091742,0.0280889554863141,1.1899261453022092,0.0410564549434551
2026,rbs_holdout,log_translation_proxy,B3_historical_MFE,5,0.6509048720485969,0.0891055962060176,0.7365853079488017,0.08224505134976062
2026,rbs_holdout,log_translation_proxy,B4_sequence_only,5,0.6520813375605883,0.08481648250500033,0.739935539052855,0.080115338650024
2026,rbs_holdout,log_translation_proxy,B6_TSS_accessibility,5,0.7066923506600861,0.0560913223642706,0.6720567075758043,0.08052590532846551
2026,rbs_holdout,log_translation_proxy,B7_OSTIR,5,0.4381645575933152,0.03996172066202092,0.8798961253148472,0.07241131610597022
2026,rbs_holdout,log_translation_proxy,Ridge_B3_historical_MFE,5,0.49047677459950395,0.06471836334305578,0.8639258371567238,0.05188653187350604
2026,rbs_holdout,log_translation_proxy,Ridge_B4_sequence_only,5,0.4891443872141667,0.06141964910830432,0.8656953826238272,0.05002902331902699
2026,rbs_holdout,log_translation_proxy,Ridge_B6_TSS_accessibility,5,0.5004413313427536,0.05572190968564827,0.8522606810423259,0.05701431740852069
