seed,scenario,fold,target,better_model,comparator_model,metric,delta_better_minus_comparator
7,double_unseen,0,log_prot,B6_TSS_accessibility,B4_sequence_only,spearman,0.15015638811736365
7,double_unseen,0,log_translation_proxy,B6_TSS_accessibility,B4_sequence_only,spearman,0.1847738544492557
7,double_unseen,1,log_prot,B6_TSS_accessibility,B4_sequence_only,spearman,0.0007744844854641331
7,double_unseen,1,log_translation_proxy,B6_TSS_accessibility,B4_sequence_only,spearman,0.13203813333128328
7,double_unseen,2,log_prot,B6_TSS_accessibility,B4_sequence_only,spearman,0.05410756417854379
7,double_unseen,2,log_translation_proxy,B6_TSS_accessibility,B4_sequence_only,spearman,0.015157988504305386
7,double_unseen,3,log_prot,B6_TSS_accessibility,B4_sequence_only,spearman,0.06031025708027038
7,double_unseen,3,log_translation_proxy,B6_TSS_accessibility,B4_sequence_only,spearman,0.0820633738217455
7,double_unseen,4,log_prot,B6_TSS_accessibility,B4_sequence_only,spearman,0.07842832821074974
7,double_unseen,4,log_translation_proxy,B6_TSS_accessibility,B4_sequence_only,spearman,0.08029851120019288
7,promoter_holdout,0,log_prot,B6_TSS_accessibility,B4_sequence_only,spearman,0.11050913145875563
7,promoter_holdout,0,log_translation_proxy,B6_TSS_accessibility,B4_sequence_only,spearman,0.15254767655599738
7,promoter_holdout,1,log_prot,B6_TSS_accessibility,B4_sequence_only,spearman,0.0626718380195288
7,promoter_holdout,1,log_translation_proxy,B6_TSS_accessibility,B4_sequence_only,spearman,0.1800839814692503
7,promoter_holdout,2,log_prot,B6_TSS_accessibility,B4_sequence_only,spearman,0.05809902162761549
7,promoter_holdout,2,log_translation_proxy,B6_TSS_accessibility,B4_sequence_only,spearman,0.06395984363200824
7,promoter_holdout,3,log_prot,B6_TSS_accessibility,B4_sequence_only,spearman,0.04076324327390246
7,promoter_holdout,3,log_translation_proxy,B6_TSS_accessibility,B4_sequence_only,spearman,0.08088163839845697
7,promoter_holdout,4,log_prot,B6_TSS_accessibility,B4_sequence_only,spearman,0.06788776033825905
7,promoter_holdout,4,log_translation_proxy,B6_TSS_accessibility,B4_sequence_only,spearman,0.11062483847452698
7,random,0,log_prot,B6_TSS_accessibility,B4_sequence_only,spearman,0.05018478259274284
7,random,0,log_translation_proxy,B6_TSS_accessibility,B4_sequence_only,spearman,0.07309117541261412
7,random,1,log_prot,B6_TSS_accessibility,B4_sequence_only,spearman,0.04775926895584337
7,random,1,log_translation_proxy,B6_TSS_accessibility,B4_sequence_only,spearman,0.05794940979986163
7,random,2,log_prot,B6_TSS_accessibility,B4_sequence_only,spearman,0.04413032230707492
7,random,2,log_translation_proxy,B6_TSS_accessibility,B4_sequence_only,spearman,0.06566984186098324
7,random,3,log_prot,B6_TSS_accessibility,B4_sequence_only,spearman,0.03618513306501403
7,random,3,log_translation_proxy,B6_TSS_accessibility,B4_sequence_only,spearman,0.06683838874974635
7,random,4,log_prot,B6_TSS_accessibility,B4_sequence_only,spearman,0.04156659224442727
7,random,4,log_translation_proxy,B6_TSS_accessibility,B4_sequence_only,spearman,0.052160039135240255
7,rbs_holdout,0,log_prot,B6_TSS_accessibility,B4_sequence_only,spearman,0.07905585200739906
7,rbs_holdout,0,log_translation_proxy,B6_TSS_accessibility,B4_sequence_only,spearman,0.09237986361051487
7,rbs_holdout,1,log_prot,B6_TSS_accessibility,B4_sequence_only,spearman,-0.0036581959874084635
7,rbs_holdout,1,log_translation_proxy,B6_TSS_accessibility,B4_sequence_only,spearman,0.07171448885075027
7,rbs_holdout,2,log_prot,B6_TSS_accessibility,B4_sequence_only,spearman,0.03108339171699337
7,rbs_holdout,2,log_translation_proxy,B6_TSS_accessibility,B4_sequence_only,spearman,0.046209928259621114
7,rbs_holdout,3,log_prot,B6_TSS_accessibility,B4_sequence_only,spearman,0.07898425935058873
7,rbs_holdout,3,log_translation_proxy,B6_TSS_accessibility,B4_sequence_only,spearman,0.10547698959457352
7,rbs_holdout,4,log_prot,B6_TSS_accessibility,B4_sequence_only,spearman,0.04990561224718704
7,rbs_holdout,4,log_translation_proxy,B6_TSS_accessibility,B4_sequence_only,spearman,0.05092389049875223
42,double_unseen,0,log_prot,B6_TSS_accessibility,B4_sequence_only,spearman,0.027668244551252275
42,double_unseen,0,log_translation_proxy,B6_TSS_accessibility,B4_sequence_only,spearman,0.09159688840039248
42,double_unseen,1,log_prot,B6_TSS_accessibility,B4_sequence_only,spearman,0.054067766566403885
42,double_unseen,1,log_translation_proxy,B6_TSS_accessibility,B4_sequence_only,spearman,0.10771357269242926
42,double_unseen,2,log_prot,B6_TSS_accessibility,B4_sequence_only,spearman,0.07445629202784038
42,double_unseen,2,log_translation_proxy,B6_TSS_accessibility,B4_sequence_only,spearman,0.1301037452221131
42,double_unseen,3,log_prot,B6_TSS_accessibility,B4_sequence_only,spearman,0.1478124827817717
42,double_unseen,3,log_translation_proxy,B6_TSS_accessibility,B4_sequence_only,spearman,0.21949818912267438
42,double_unseen,4,log_prot,B6_TSS_accessibility,B4_sequence_only,spearman,0.05326981806449782
42,double_unseen,4,log_translation_proxy,B6_TSS_accessibility,B4_sequence_only,spearman,0.10294624229287191
42,promoter_holdout,0,log_prot,B6_TSS_accessibility,B4_sequence_only,spearman,0.04048978667773995
42,promoter_holdout,0,log_translation_proxy,B6_TSS_accessibility,B4_sequence_only,spearman,0.10808229340422981
42,promoter_holdout,1,log_prot,B6_TSS_accessibility,B4_sequence_only,spearman,0.04608854822463848
42,promoter_holdout,1,log_translation_proxy,B6_TSS_accessibility,B4_sequence_only,spearman,0.0689961339361389
42,promoter_holdout,2,log_prot,B6_TSS_accessibility,B4_sequence_only,spearman,0.03886914437581113
42,promoter_holdout,2,log_translation_proxy,B6_TSS_accessibility,B4_sequence_only,spearman,0.08802997175171279
42,promoter_holdout,3,log_prot,B6_TSS_accessibility,B4_sequence_only,spearman,0.1338829538390931
42,promoter_holdout,3,log_translation_proxy,B6_TSS_accessibility,B4_sequence_only,spearman,0.1949640758304182
42,promoter_holdout,4,log_prot,B6_TSS_accessibility,B4_sequence_only,spearman,0.04728246214785925
42,promoter_holdout,4,log_translation_proxy,B6_TSS_accessibility,B4_sequence_only,spearman,0.1013435408452979
42,random,0,log_prot,B6_TSS_accessibility,B4_sequence_only,spearman,0.0326639906031394
42,random,0,log_translation_proxy,B6_TSS_accessibility,B4_sequence_only,spearman,0.04966647410286806
42,random,1,log_prot,B6_TSS_accessibility,B4_sequence_only,spearman,0.052192508801390924
42,random,1,log_translation_proxy,B6_TSS_accessibility,B4_sequence_only,spearman,0.07050746526769935
42,random,2,log_prot,B6_TSS_accessibility,B4_sequence_only,spearman,0.041596506678969525
42,random,2,log_translation_proxy,B6_TSS_accessibility,B4_sequence_only,spearman,0.0714705912771253
42,random,3,log_prot,B6_TSS_accessibility,B4_sequence_only,spearman,0.04296999775446464
42,random,3,log_translation_proxy,B6_TSS_accessibility,B4_sequence_only,spearman,0.07058945117826143
42,random,4,log_prot,B6_TSS_accessibility,B4_sequence_only,spearman,0.04396487750859035
42,random,4,log_translation_proxy,B6_TSS_accessibility,B4_sequence_only,spearman,0.06744090988454998
42,rbs_holdout,0,log_prot,B6_TSS_accessibility,B4_sequence_only,spearman,0.03208825050307906
42,rbs_holdout,0,log_translation_proxy,B6_TSS_accessibility,B4_sequence_only,spearman,0.0792284809442172
42,rbs_holdout,1,log_prot,B6_TSS_accessibility,B4_sequence_only,spearman,0.038001081045337726
42,rbs_holdout,1,log_translation_proxy,B6_TSS_accessibility,B4_sequence_only,spearman,0.059627337903210065
42,rbs_holdout,2,log_prot,B6_TSS_accessibility,B4_sequence_only,spearman,0.10180651358974024
42,rbs_holdout,2,log_translation_proxy,B6_TSS_accessibility,B4_sequence_only,spearman,0.1372127320642446
42,rbs_holdout,3,log_prot,B6_TSS_accessibility,B4_sequence_only,spearman,0.031276804962154015
42,rbs_holdout,3,log_translation_proxy,B6_TSS_accessibility,B4_sequence_only,spearman,0.07639235334064431
42,rbs_holdout,4,log_prot,B6_TSS_accessibility,B4_sequence_only,spearman,0.04288315519933894
42,rbs_holdout,4,log_translation_proxy,B6_TSS_accessibility,B4_sequence_only,spearman,0.08257464796869984
123,double_unseen,0,log_prot,B6_TSS_accessibility,B4_sequence_only,spearman,0.06986315227233242
123,double_unseen,0,log_translation_proxy,B6_TSS_accessibility,B4_sequence_only,spearman,0.09529275594826847
123,double_unseen,1,log_prot,B6_TSS_accessibility,B4_sequence_only,spearman,0.09281897622636126
123,double_unseen,1,log_translation_proxy,B6_TSS_accessibility,B4_sequence_only,spearman,0.11232568523108011
123,double_unseen,2,log_prot,B6_TSS_accessibility,B4_sequence_only,spearman,0.08626668336565724
123,double_unseen,2,log_translation_proxy,B6_TSS_accessibility,B4_sequence_only,spearman,0.24374224955926801
123,double_unseen,3,log_prot,B6_TSS_accessibility,B4_sequence_only,spearman,0.04519403167091984
123,double_unseen,3,log_translation_proxy,B6_TSS_accessibility,B4_sequence_only,spearman,0.10869152657365311
123,double_unseen,4,log_prot,B6_TSS_accessibility,B4_sequence_only,spearman,0.007749930965972207
123,double_unseen,4,log_translation_proxy,B6_TSS_accessibility,B4_sequence_only,spearman,0.01358356263316779
123,promoter_holdout,0,log_prot,B6_TSS_accessibility,B4_sequence_only,spearman,0.06754614767526901
123,promoter_holdout,0,log_translation_proxy,B6_TSS_accessibility,B4_sequence_only,spearman,0.09459863632881171
123,promoter_holdout,1,log_prot,B6_TSS_accessibility,B4_sequence_only,spearman,0.07486762187022655
123,promoter_holdout,1,log_translation_proxy,B6_TSS_accessibility,B4_sequence_only,spearman,0.05322702592775652
123,promoter_holdout,2,log_prot,B6_TSS_accessibility,B4_sequence_only,spearman,0.058410891676239696
123,promoter_holdout,2,log_translation_proxy,B6_TSS_accessibility,B4_sequence_only,spearman,0.15278223260307916
123,promoter_holdout,3,log_prot,B6_TSS_accessibility,B4_sequence_only,spearman,0.029410842717153773
123,promoter_holdout,3,log_translation_proxy,B6_TSS_accessibility,B4_sequence_only,spearman,0.13248448180619565
123,promoter_holdout,4,log_prot,B6_TSS_accessibility,B4_sequence_only,spearman,0.13452644354184062
123,promoter_holdout,4,log_translation_proxy,B6_TSS_accessibility,B4_sequence_only,spearman,0.1320794791784955
123,random,0,log_prot,B6_TSS_accessibility,B4_sequence_only,spearman,0.04989037327129209
123,random,0,log_translation_proxy,B6_TSS_accessibility,B4_sequence_only,spearman,0.07111596230183892
123,random,1,log_prot,B6_TSS_accessibility,B4_sequence_only,spearman,0.046177703237603174
123,random,1,log_translation_proxy,B6_TSS_accessibility,B4_sequence_only,spearman,0.07453748135935767
123,random,2,log_prot,B6_TSS_accessibility,B4_sequence_only,spearman,0.040330495507203024
123,random,2,log_translation_proxy,B6_TSS_accessibility,B4_sequence_only,spearman,0.05333961662158315
123,random,3,log_prot,B6_TSS_accessibility,B4_sequence_only,spearman,0.040471829790249436
123,random,3,log_translation_proxy,B6_TSS_accessibility,B4_sequence_only,spearman,0.06159501514205756
123,random,4,log_prot,B6_TSS_accessibility,B4_sequence_only,spearman,0.03988661036699348
123,random,4,log_translation_proxy,B6_TSS_accessibility,B4_sequence_only,spearman,0.06261686237759356
123,rbs_holdout,0,log_prot,B6_TSS_accessibility,B4_sequence_only,spearman,0.036646956627047644
123,rbs_holdout,0,log_translation_proxy,B6_TSS_accessibility,B4_sequence_only,spearman,0.0808155477429432
123,rbs_holdout,1,log_prot,B6_TSS_accessibility,B4_sequence_only,spearman,0.05358507385799827
123,rbs_holdout,1,log_translation_proxy,B6_TSS_accessibility,B4_sequence_only,spearman,0.07955366026674415
123,rbs_holdout,2,log_prot,B6_TSS_accessibility,B4_sequence_only,spearman,0.07575666894679178
123,rbs_holdout,2,log_translation_proxy,B6_TSS_accessibility,B4_sequence_only,spearman,0.13605031848513116
123,rbs_holdout,3,log_prot,B6_TSS_accessibility,B4_sequence_only,spearman,0.021085734384791777
123,rbs_holdout,3,log_translation_proxy,B6_TSS_accessibility,B4_sequence_only,spearman,0.033749900637937924
123,rbs_holdout,4,log_prot,B6_TSS_accessibility,B4_sequence_only,spearman,-0.003222552593930228
123,rbs_holdout,4,log_translation_proxy,B6_TSS_accessibility,B4_sequence_only,spearman,-0.03524075887729816
2026,double_unseen,0,log_prot,B6_TSS_accessibility,B4_sequence_only,spearman,0.12846727272752012
2026,double_unseen,0,log_translation_proxy,B6_TSS_accessibility,B4_sequence_only,spearman,0.14061006934974696
2026,double_unseen,1,log_prot,B6_TSS_accessibility,B4_sequence_only,spearman,0.07293078906162193
2026,double_unseen,1,log_translation_proxy,B6_TSS_accessibility,B4_sequence_only,spearman,0.06619808347242662
2026,double_unseen,2,log_prot,B6_TSS_accessibility,B4_sequence_only,spearman,0.12135243368557974
2026,double_unseen,2,log_translation_proxy,B6_TSS_accessibility,B4_sequence_only,spearman,0.1886544374096477
2026,double_unseen,3,log_prot,B6_TSS_accessibility,B4_sequence_only,spearman,-0.08068809056198445
2026,double_unseen,3,log_translation_proxy,B6_TSS_accessibility,B4_sequence_only,spearman,0.05188323251865751
2026,double_unseen,4,log_prot,B6_TSS_accessibility,B4_sequence_only,spearman,0.051803342856063694
2026,double_unseen,4,log_translation_proxy,B6_TSS_accessibility,B4_sequence_only,spearman,0.0592197194275777
2026,promoter_holdout,0,log_prot,B6_TSS_accessibility,B4_sequence_only,spearman,0.09433034985975952
2026,promoter_holdout,0,log_translation_proxy,B6_TSS_accessibility,B4_sequence_only,spearman,0.1695259701835543
2026,promoter_holdout,1,log_prot,B6_TSS_accessibility,B4_sequence_only,spearman,0.09733959632911604
2026,promoter_holdout,1,log_translation_proxy,B6_TSS_accessibility,B4_sequence_only,spearman,0.10857240971023585
2026,promoter_holdout,2,log_prot,B6_TSS_accessibility,B4_sequence_only,spearman,0.0785060333301113
2026,promoter_holdout,2,log_translation_proxy,B6_TSS_accessibility,B4_sequence_only,spearman,0.1332138983936827
2026,promoter_holdout,3,log_prot,B6_TSS_accessibility,B4_sequence_only,spearman,0.07914249443353105
2026,promoter_holdout,3,log_translation_proxy,B6_TSS_accessibility,B4_sequence_only,spearman,0.15079661421227702
2026,promoter_holdout,4,log_prot,B6_TSS_accessibility,B4_sequence_only,spearman,0.07748877454026326
2026,promoter_holdout,4,log_translation_proxy,B6_TSS_accessibility,B4_sequence_only,spearman,0.09450949158971772
2026,random,0,log_prot,B6_TSS_accessibility,B4_sequence_only,spearman,0.04593942052613431
2026,random,0,log_translation_proxy,B6_TSS_accessibility,B4_sequence_only,spearman,0.049837658741199053
2026,random,1,log_prot,B6_TSS_accessibility,B4_sequence_only,spearman,0.04333967980153697
2026,random,1,log_translation_proxy,B6_TSS_accessibility,B4_sequence_only,spearman,0.0589862735629737
2026,random,2,log_prot,B6_TSS_accessibility,B4_sequence_only,spearman,0.04575344972341577
2026,random,2,log_translation_proxy,B6_TSS_accessibility,B4_sequence_only,spearman,0.06795864094500725
2026,random,3,log_prot,B6_TSS_accessibility,B4_sequence_only,spearman,0.049188624436500517
2026,random,3,log_translation_proxy,B6_TSS_accessibility,B4_sequence_only,spearman,0.07947497132374826
2026,random,4,log_prot,B6_TSS_accessibility,B4_sequence_only,spearman,0.03914733790772462
2026,random,4,log_translation_proxy,B6_TSS_accessibility,B4_sequence_only,spearman,0.05778947323628081
2026,rbs_holdout,0,log_prot,B6_TSS_accessibility,B4_sequence_only,spearman,0.03550062128363596
2026,rbs_holdout,0,log_translation_proxy,B6_TSS_accessibility,B4_sequence_only,spearman,0.036871551011491976
2026,rbs_holdout,1,log_prot,B6_TSS_accessibility,B4_sequence_only,spearman,0.04429926922207772
2026,rbs_holdout,1,log_translation_proxy,B6_TSS_accessibility,B4_sequence_only,spearman,0.09853848964502021
2026,rbs_holdout,2,log_prot,B6_TSS_accessibility,B4_sequence_only,spearman,0.04883443825791767
2026,rbs_holdout,2,log_translation_proxy,B6_TSS_accessibility,B4_sequence_only,spearman,0.09078824287393727
2026,rbs_holdout,3,log_prot,B6_TSS_accessibility,B4_sequence_only,spearman,-0.06757776713465613
2026,rbs_holdout,3,log_translation_proxy,B6_TSS_accessibility,B4_sequence_only,spearman,-0.028618616405355568
2026,rbs_holdout,4,log_prot,B6_TSS_accessibility,B4_sequence_only,spearman,0.03713980513258419
2026,rbs_holdout,4,log_translation_proxy,B6_TSS_accessibility,B4_sequence_only,spearman,0.07547539837239525
7,double_unseen,0,log_prot,B6_TSS_accessibility,B4_sequence_only,mae_log,-0.20758206192540118
7,double_unseen,0,log_translation_proxy,B6_TSS_accessibility,B4_sequence_only,mae_log,-0.18734053691410668
7,double_unseen,1,log_prot,B6_TSS_accessibility,B4_sequence_only,mae_log,0.006523434916418047
7,double_unseen,1,log_translation_proxy,B6_TSS_accessibility,B4_sequence_only,mae_log,-0.1107048388452565
7,double_unseen,2,log_prot,B6_TSS_accessibility,B4_sequence_only,mae_log,-0.08583032074201302
7,double_unseen,2,log_translation_proxy,B6_TSS_accessibility,B4_sequence_only,mae_log,-0.01983408994010083
7,double_unseen,3,log_prot,B6_TSS_accessibility,B4_sequence_only,mae_log,-0.0855623360863429
7,double_unseen,3,log_translation_proxy,B6_TSS_accessibility,B4_sequence_only,mae_log,-0.17181189127865482
7,double_unseen,4,log_prot,B6_TSS_accessibility,B4_sequence_only,mae_log,-0.05634233960531665
7,double_unseen,4,log_translation_proxy,B6_TSS_accessibility,B4_sequence_only,mae_log,-0.11979315756562114
7,promoter_holdout,0,log_prot,B6_TSS_accessibility,B4_sequence_only,mae_log,-0.17069050116662798
7,promoter_holdout,0,log_translation_proxy,B6_TSS_accessibility,B4_sequence_only,mae_log,-0.1496907235749283
7,promoter_holdout,1,log_prot,B6_TSS_accessibility,B4_sequence_only,mae_log,-0.06891287574982208
7,promoter_holdout,1,log_translation_proxy,B6_TSS_accessibility,B4_sequence_only,mae_log,-0.17355763669122815
7,promoter_holdout,2,log_prot,B6_TSS_accessibility,B4_sequence_only,mae_log,-0.12153766311987457
7,promoter_holdout,2,log_translation_proxy,B6_TSS_accessibility,B4_sequence_only,mae_log,-0.07133775245946006
7,promoter_holdout,3,log_prot,B6_TSS_accessibility,B4_sequence_only,mae_log,-0.06579572035238868
7,promoter_holdout,3,log_translation_proxy,B6_TSS_accessibility,B4_sequence_only,mae_log,-0.0742354541361332
7,promoter_holdout,4,log_prot,B6_TSS_accessibility,B4_sequence_only,mae_log,-0.06779189089761894
7,promoter_holdout,4,log_translation_proxy,B6_TSS_accessibility,B4_sequence_only,mae_log,-0.10403787194939995
7,random,0,log_prot,B6_TSS_accessibility,B4_sequence_only,mae_log,-0.09818430442152626
7,random,0,log_translation_proxy,B6_TSS_accessibility,B4_sequence_only,mae_log,-0.08927694562372668
7,random,1,log_prot,B6_TSS_accessibility,B4_sequence_only,mae_log,-0.09909296289308367
7,random,1,log_translation_proxy,B6_TSS_accessibility,B4_sequence_only,mae_log,-0.07893023647913655
7,random,2,log_prot,B6_TSS_accessibility,B4_sequence_only,mae_log,-0.09427101595216181
7,random,2,log_translation_proxy,B6_TSS_accessibility,B4_sequence_only,mae_log,-0.08963035996470381
7,random,3,log_prot,B6_TSS_accessibility,B4_sequence_only,mae_log,-0.07293668719262192
7,random,3,log_translation_proxy,B6_TSS_accessibility,B4_sequence_only,mae_log,-0.08637167806424617
7,random,4,log_prot,B6_TSS_accessibility,B4_sequence_only,mae_log,-0.09127000024450271
7,random,4,log_translation_proxy,B6_TSS_accessibility,B4_sequence_only,mae_log,-0.07841597859093397
7,rbs_holdout,0,log_prot,B6_TSS_accessibility,B4_sequence_only,mae_log,-0.12466028312514377
7,rbs_holdout,0,log_translation_proxy,B6_TSS_accessibility,B4_sequence_only,mae_log,-0.10455896914414908
7,rbs_holdout,1,log_prot,B6_TSS_accessibility,B4_sequence_only,mae_log,0.013833811386698036
7,rbs_holdout,1,log_translation_proxy,B6_TSS_accessibility,B4_sequence_only,mae_log,-0.035208622261461486
7,rbs_holdout,2,log_prot,B6_TSS_accessibility,B4_sequence_only,mae_log,-0.04051076657415342
7,rbs_holdout,2,log_translation_proxy,B6_TSS_accessibility,B4_sequence_only,mae_log,-0.050836272049690656
7,rbs_holdout,3,log_prot,B6_TSS_accessibility,B4_sequence_only,mae_log,-0.1659787989243976
7,rbs_holdout,3,log_translation_proxy,B6_TSS_accessibility,B4_sequence_only,mae_log,-0.14823105031270745
7,rbs_holdout,4,log_prot,B6_TSS_accessibility,B4_sequence_only,mae_log,-0.09827153218752471
7,rbs_holdout,4,log_translation_proxy,B6_TSS_accessibility,B4_sequence_only,mae_log,-0.0734751030643136
42,double_unseen,0,log_prot,B6_TSS_accessibility,B4_sequence_only,mae_log,-0.02157473095448692
42,double_unseen,0,log_translation_proxy,B6_TSS_accessibility,B4_sequence_only,mae_log,-0.08032363159654454
42,double_unseen,1,log_prot,B6_TSS_accessibility,B4_sequence_only,mae_log,-0.0544227732739746
42,double_unseen,1,log_translation_proxy,B6_TSS_accessibility,B4_sequence_only,mae_log,-0.11103605093554791
42,double_unseen,2,log_prot,B6_TSS_accessibility,B4_sequence_only,mae_log,-0.08229985754576785
42,double_unseen,2,log_translation_proxy,B6_TSS_accessibility,B4_sequence_only,mae_log,-0.14864910882903015
42,double_unseen,3,log_prot,B6_TSS_accessibility,B4_sequence_only,mae_log,-0.10924945193560243
42,double_unseen,3,log_translation_proxy,B6_TSS_accessibility,B4_sequence_only,mae_log,-0.1180193843549927
42,double_unseen,4,log_prot,B6_TSS_accessibility,B4_sequence_only,mae_log,-0.06921204781307955
42,double_unseen,4,log_translation_proxy,B6_TSS_accessibility,B4_sequence_only,mae_log,-0.056673808459941966
42,promoter_holdout,0,log_prot,B6_TSS_accessibility,B4_sequence_only,mae_log,-0.07207229412554117
42,promoter_holdout,0,log_translation_proxy,B6_TSS_accessibility,B4_sequence_only,mae_log,-0.12145056573853852
42,promoter_holdout,1,log_prot,B6_TSS_accessibility,B4_sequence_only,mae_log,-0.07054063565361268
42,promoter_holdout,1,log_translation_proxy,B6_TSS_accessibility,B4_sequence_only,mae_log,-0.09773616616529268
42,promoter_holdout,2,log_prot,B6_TSS_accessibility,B4_sequence_only,mae_log,-0.03803203102976438
42,promoter_holdout,2,log_translation_proxy,B6_TSS_accessibility,B4_sequence_only,mae_log,-0.10472251741808147
42,promoter_holdout,3,log_prot,B6_TSS_accessibility,B4_sequence_only,mae_log,-0.163207280155523
42,promoter_holdout,3,log_translation_proxy,B6_TSS_accessibility,B4_sequence_only,mae_log,-0.15034442158511052
42,promoter_holdout,4,log_prot,B6_TSS_accessibility,B4_sequence_only,mae_log,-0.06375200106394985
42,promoter_holdout,4,log_translation_proxy,B6_TSS_accessibility,B4_sequence_only,mae_log,-0.09077565416887812
42,random,0,log_prot,B6_TSS_accessibility,B4_sequence_only,mae_log,-0.08714931592414499
42,random,0,log_translation_proxy,B6_TSS_accessibility,B4_sequence_only,mae_log,-0.07268334144915845
42,random,1,log_prot,B6_TSS_accessibility,B4_sequence_only,mae_log,-0.10539382823236687
42,random,1,log_translation_proxy,B6_TSS_accessibility,B4_sequence_only,mae_log,-0.09503454165669101
42,random,2,log_prot,B6_TSS_accessibility,B4_sequence_only,mae_log,-0.08636731800574349
42,random,2,log_translation_proxy,B6_TSS_accessibility,B4_sequence_only,mae_log,-0.08724652790764764
42,random,3,log_prot,B6_TSS_accessibility,B4_sequence_only,mae_log,-0.08563798960184232
42,random,3,log_translation_proxy,B6_TSS_accessibility,B4_sequence_only,mae_log,-0.08587563872415582
42,random,4,log_prot,B6_TSS_accessibility,B4_sequence_only,mae_log,-0.08924458316137185
42,random,4,log_translation_proxy,B6_TSS_accessibility,B4_sequence_only,mae_log,-0.0896468471160593
42,rbs_holdout,0,log_prot,B6_TSS_accessibility,B4_sequence_only,mae_log,-0.05575918072376074
42,rbs_holdout,0,log_translation_proxy,B6_TSS_accessibility,B4_sequence_only,mae_log,-0.0972906451481036
42,rbs_holdout,1,log_prot,B6_TSS_accessibility,B4_sequence_only,mae_log,-0.04500361368848749
42,rbs_holdout,1,log_translation_proxy,B6_TSS_accessibility,B4_sequence_only,mae_log,-0.06385478025706404
42,rbs_holdout,2,log_prot,B6_TSS_accessibility,B4_sequence_only,mae_log,-0.15534789898761014
42,rbs_holdout,2,log_translation_proxy,B6_TSS_accessibility,B4_sequence_only,mae_log,-0.11824773000561506
42,rbs_holdout,3,log_prot,B6_TSS_accessibility,B4_sequence_only,mae_log,-0.059152272799418815
42,rbs_holdout,3,log_translation_proxy,B6_TSS_accessibility,B4_sequence_only,mae_log,-0.06791387366302593
42,rbs_holdout,4,log_prot,B6_TSS_accessibility,B4_sequence_only,mae_log,-0.048676562518555455
42,rbs_holdout,4,log_translation_proxy,B6_TSS_accessibility,B4_sequence_only,mae_log,-0.05350657625606359
123,double_unseen,0,log_prot,B6_TSS_accessibility,B4_sequence_only,mae_log,-0.09762762472941411
123,double_unseen,0,log_translation_proxy,B6_TSS_accessibility,B4_sequence_only,mae_log,-0.086645256602922
123,double_unseen,1,log_prot,B6_TSS_accessibility,B4_sequence_only,mae_log,-0.1315512850165208
123,double_unseen,1,log_translation_proxy,B6_TSS_accessibility,B4_sequence_only,mae_log,-0.08180223005760956
123,double_unseen,2,log_prot,B6_TSS_accessibility,B4_sequence_only,mae_log,-0.1708209568418756
123,double_unseen,2,log_translation_proxy,B6_TSS_accessibility,B4_sequence_only,mae_log,-0.1961863191627653
123,double_unseen,3,log_prot,B6_TSS_accessibility,B4_sequence_only,mae_log,-0.06247617522662563
123,double_unseen,3,log_translation_proxy,B6_TSS_accessibility,B4_sequence_only,mae_log,-0.09688511247274034
123,double_unseen,4,log_prot,B6_TSS_accessibility,B4_sequence_only,mae_log,-0.04853039230418155
123,double_unseen,4,log_translation_proxy,B6_TSS_accessibility,B4_sequence_only,mae_log,-0.06752461623703343
123,promoter_holdout,0,log_prot,B6_TSS_accessibility,B4_sequence_only,mae_log,-0.09519041238482373
123,promoter_holdout,0,log_translation_proxy,B6_TSS_accessibility,B4_sequence_only,mae_log,-0.1312649173918351
123,promoter_holdout,1,log_prot,B6_TSS_accessibility,B4_sequence_only,mae_log,-0.09162492760766328
123,promoter_holdout,1,log_translation_proxy,B6_TSS_accessibility,B4_sequence_only,mae_log,-0.07473516411869219
123,promoter_holdout,2,log_prot,B6_TSS_accessibility,B4_sequence_only,mae_log,-0.09177095532484458
123,promoter_holdout,2,log_translation_proxy,B6_TSS_accessibility,B4_sequence_only,mae_log,-0.14570343476123782
123,promoter_holdout,3,log_prot,B6_TSS_accessibility,B4_sequence_only,mae_log,-0.018217977462064994
123,promoter_holdout,3,log_translation_proxy,B6_TSS_accessibility,B4_sequence_only,mae_log,-0.10234927124016602
123,promoter_holdout,4,log_prot,B6_TSS_accessibility,B4_sequence_only,mae_log,-0.17385222095723862
123,promoter_holdout,4,log_translation_proxy,B6_TSS_accessibility,B4_sequence_only,mae_log,-0.08794863760619476
123,random,0,log_prot,B6_TSS_accessibility,B4_sequence_only,mae_log,-0.09646359214235145
123,random,0,log_translation_proxy,B6_TSS_accessibility,B4_sequence_only,mae_log,-0.09685281343145802
123,random,1,log_prot,B6_TSS_accessibility,B4_sequence_only,mae_log,-0.11129378998247685
123,random,1,log_translation_proxy,B6_TSS_accessibility,B4_sequence_only,mae_log,-0.10278850370199855
123,random,2,log_prot,B6_TSS_accessibility,B4_sequence_only,mae_log,-0.07811568680531711
123,random,2,log_translation_proxy,B6_TSS_accessibility,B4_sequence_only,mae_log,-0.07168960633647281
123,random,3,log_prot,B6_TSS_accessibility,B4_sequence_only,mae_log,-0.084857828078858
123,random,3,log_translation_proxy,B6_TSS_accessibility,B4_sequence_only,mae_log,-0.07702841396064197
123,random,4,log_prot,B6_TSS_accessibility,B4_sequence_only,mae_log,-0.0749621883049103
123,random,4,log_translation_proxy,B6_TSS_accessibility,B4_sequence_only,mae_log,-0.07660036210397225
123,rbs_holdout,0,log_prot,B6_TSS_accessibility,B4_sequence_only,mae_log,-0.03343796265955601
123,rbs_holdout,0,log_translation_proxy,B6_TSS_accessibility,B4_sequence_only,mae_log,-0.08911381004613117
123,rbs_holdout,1,log_prot,B6_TSS_accessibility,B4_sequence_only,mae_log,-0.08097329958624022
123,rbs_holdout,1,log_translation_proxy,B6_TSS_accessibility,B4_sequence_only,mae_log,-0.06476418892809932
123,rbs_holdout,2,log_prot,B6_TSS_accessibility,B4_sequence_only,mae_log,-0.16706295640575286
123,rbs_holdout,2,log_translation_proxy,B6_TSS_accessibility,B4_sequence_only,mae_log,-0.13895100351226597
123,rbs_holdout,3,log_prot,B6_TSS_accessibility,B4_sequence_only,mae_log,-0.02200236125745092
123,rbs_holdout,3,log_translation_proxy,B6_TSS_accessibility,B4_sequence_only,mae_log,-0.04403403802137207
123,rbs_holdout,4,log_prot,B6_TSS_accessibility,B4_sequence_only,mae_log,-0.0319294903777001
123,rbs_holdout,4,log_translation_proxy,B6_TSS_accessibility,B4_sequence_only,mae_log,-0.03703271645702899
2026,double_unseen,0,log_prot,B6_TSS_accessibility,B4_sequence_only,mae_log,-0.14886216346009973
2026,double_unseen,0,log_translation_proxy,B6_TSS_accessibility,B4_sequence_only,mae_log,-0.16039949930532604
2026,double_unseen,1,log_prot,B6_TSS_accessibility,B4_sequence_only,mae_log,-0.09776826313268816
2026,double_unseen,1,log_translation_proxy,B6_TSS_accessibility,B4_sequence_only,mae_log,-0.12601963166654295
2026,double_unseen,2,log_prot,B6_TSS_accessibility,B4_sequence_only,mae_log,-0.16945294051264592
2026,double_unseen,2,log_translation_proxy,B6_TSS_accessibility,B4_sequence_only,mae_log,-0.15138698518424254
2026,double_unseen,3,log_prot,B6_TSS_accessibility,B4_sequence_only,mae_log,0.15021898077076612
2026,double_unseen,3,log_translation_proxy,B6_TSS_accessibility,B4_sequence_only,mae_log,-0.010456584745944575
2026,double_unseen,4,log_prot,B6_TSS_accessibility,B4_sequence_only,mae_log,-0.09520045017929801
2026,double_unseen,4,log_translation_proxy,B6_TSS_accessibility,B4_sequence_only,mae_log,-0.05887225842614818
2026,promoter_holdout,0,log_prot,B6_TSS_accessibility,B4_sequence_only,mae_log,-0.13083653501907078
2026,promoter_holdout,0,log_translation_proxy,B6_TSS_accessibility,B4_sequence_only,mae_log,-0.17688055261222546
2026,promoter_holdout,1,log_prot,B6_TSS_accessibility,B4_sequence_only,mae_log,-0.1143039285842018
2026,promoter_holdout,1,log_translation_proxy,B6_TSS_accessibility,B4_sequence_only,mae_log,-0.1153816636473155
2026,promoter_holdout,2,log_prot,B6_TSS_accessibility,B4_sequence_only,mae_log,-0.11267543486954845
2026,promoter_holdout,2,log_translation_proxy,B6_TSS_accessibility,B4_sequence_only,mae_log,-0.14336671755413388
2026,promoter_holdout,3,log_prot,B6_TSS_accessibility,B4_sequence_only,mae_log,-0.12842690673319224
2026,promoter_holdout,3,log_translation_proxy,B6_TSS_accessibility,B4_sequence_only,mae_log,-0.14498880027999472
2026,promoter_holdout,4,log_prot,B6_TSS_accessibility,B4_sequence_only,mae_log,-0.094234265300851
2026,promoter_holdout,4,log_translation_proxy,B6_TSS_accessibility,B4_sequence_only,mae_log,-0.08660174412399013
2026,random,0,log_prot,B6_TSS_accessibility,B4_sequence_only,mae_log,-0.099624188880307
2026,random,0,log_translation_proxy,B6_TSS_accessibility,B4_sequence_only,mae_log,-0.07126788995926547
2026,random,1,log_prot,B6_TSS_accessibility,B4_sequence_only,mae_log,-0.08203267657486257
2026,random,1,log_translation_proxy,B6_TSS_accessibility,B4_sequence_only,mae_log,-0.08150603899035413
2026,random,2,log_prot,B6_TSS_accessibility,B4_sequence_only,mae_log,-0.09107796390001122
2026,random,2,log_translation_proxy,B6_TSS_accessibility,B4_sequence_only,mae_log,-0.09700615785062727
2026,random,3,log_prot,B6_TSS_accessibility,B4_sequence_only,mae_log,-0.10759403106819754
2026,random,3,log_translation_proxy,B6_TSS_accessibility,B4_sequence_only,mae_log,-0.09763898469368892
2026,random,4,log_prot,B6_TSS_accessibility,B4_sequence_only,mae_log,-0.08565363854868424
2026,random,4,log_translation_proxy,B6_TSS_accessibility,B4_sequence_only,mae_log,-0.07140389478151787
2026,rbs_holdout,0,log_prot,B6_TSS_accessibility,B4_sequence_only,mae_log,-0.08448754446091489
2026,rbs_holdout,0,log_translation_proxy,B6_TSS_accessibility,B4_sequence_only,mae_log,-0.0677388314706272
2026,rbs_holdout,1,log_prot,B6_TSS_accessibility,B4_sequence_only,mae_log,-0.10645482111922466
2026,rbs_holdout,1,log_translation_proxy,B6_TSS_accessibility,B4_sequence_only,mae_log,-0.12961777575292222
2026,rbs_holdout,2,log_prot,B6_TSS_accessibility,B4_sequence_only,mae_log,-0.08239584937057043
2026,rbs_holdout,2,log_translation_proxy,B6_TSS_accessibility,B4_sequence_only,mae_log,-0.0861398708362926
2026,rbs_holdout,3,log_prot,B6_TSS_accessibility,B4_sequence_only,mae_log,0.13091360348411907
2026,rbs_holdout,3,log_translation_proxy,B6_TSS_accessibility,B4_sequence_only,mae_log,0.033707899319395884
2026,rbs_holdout,4,log_prot,B6_TSS_accessibility,B4_sequence_only,mae_log,-0.050175810900472184
2026,rbs_holdout,4,log_translation_proxy,B6_TSS_accessibility,B4_sequence_only,mae_log,-0.08960557864480734
7,double_unseen,0,log_prot,B6_TSS_accessibility,Ridge_B6_TSS_accessibility,spearman,0.06816610239448728
7,double_unseen,0,log_translation_proxy,B6_TSS_accessibility,Ridge_B6_TSS_accessibility,spearman,0.08865687479859685
7,double_unseen,1,log_prot,B6_TSS_accessibility,Ridge_B6_TSS_accessibility,spearman,0.062370320980366656
7,double_unseen,1,log_translation_proxy,B6_TSS_accessibility,Ridge_B6_TSS_accessibility,spearman,-0.003607728436751001
7,double_unseen,2,log_prot,B6_TSS_accessibility,Ridge_B6_TSS_accessibility,spearman,-0.06368325777870043
7,double_unseen,2,log_translation_proxy,B6_TSS_accessibility,Ridge_B6_TSS_accessibility,spearman,-0.029669829999166897
7,double_unseen,3,log_prot,B6_TSS_accessibility,Ridge_B6_TSS_accessibility,spearman,0.05850694806559187
7,double_unseen,3,log_translation_proxy,B6_TSS_accessibility,Ridge_B6_TSS_accessibility,spearman,0.05027103464253896
7,double_unseen,4,log_prot,B6_TSS_accessibility,Ridge_B6_TSS_accessibility,spearman,-0.12220174223390107
7,double_unseen,4,log_translation_proxy,B6_TSS_accessibility,Ridge_B6_TSS_accessibility,spearman,-0.2002688920578281
7,promoter_holdout,0,log_prot,B6_TSS_accessibility,Ridge_B6_TSS_accessibility,spearman,0.15921901642197123
7,promoter_holdout,0,log_translation_proxy,B6_TSS_accessibility,Ridge_B6_TSS_accessibility,spearman,0.2056164505491811
7,promoter_holdout,1,log_prot,B6_TSS_accessibility,Ridge_B6_TSS_accessibility,spearman,0.08267207492116757
7,promoter_holdout,1,log_translation_proxy,B6_TSS_accessibility,Ridge_B6_TSS_accessibility,spearman,0.011390942256759073
7,promoter_holdout,2,log_prot,B6_TSS_accessibility,Ridge_B6_TSS_accessibility,spearman,0.06996062426381566
7,promoter_holdout,2,log_translation_proxy,B6_TSS_accessibility,Ridge_B6_TSS_accessibility,spearman,0.10056646190899682
7,promoter_holdout,3,log_prot,B6_TSS_accessibility,Ridge_B6_TSS_accessibility,spearman,0.10688601247627105
7,promoter_holdout,3,log_translation_proxy,B6_TSS_accessibility,Ridge_B6_TSS_accessibility,spearman,0.14978498264213824
7,promoter_holdout,4,log_prot,B6_TSS_accessibility,Ridge_B6_TSS_accessibility,spearman,0.04066517356375121
7,promoter_holdout,4,log_translation_proxy,B6_TSS_accessibility,Ridge_B6_TSS_accessibility,spearman,0.08864074777367648
7,random,0,log_prot,B6_TSS_accessibility,Ridge_B6_TSS_accessibility,spearman,0.251494477010474
7,random,0,log_translation_proxy,B6_TSS_accessibility,Ridge_B6_TSS_accessibility,spearman,0.27681280667200403
7,random,1,log_prot,B6_TSS_accessibility,Ridge_B6_TSS_accessibility,spearman,0.26521491682589216
7,random,1,log_translation_proxy,B6_TSS_accessibility,Ridge_B6_TSS_accessibility,spearman,0.2628762498964099
7,random,2,log_prot,B6_TSS_accessibility,Ridge_B6_TSS_accessibility,spearman,0.2452495309400754
7,random,2,log_translation_proxy,B6_TSS_accessibility,Ridge_B6_TSS_accessibility,spearman,0.28779259403086976
7,random,3,log_prot,B6_TSS_accessibility,Ridge_B6_TSS_accessibility,spearman,0.24241706480702774
7,random,3,log_translation_proxy,B6_TSS_accessibility,Ridge_B6_TSS_accessibility,spearman,0.3053056690049878
7,random,4,log_prot,B6_TSS_accessibility,Ridge_B6_TSS_accessibility,spearman,0.24913779054825735
7,random,4,log_translation_proxy,B6_TSS_accessibility,Ridge_B6_TSS_accessibility,spearman,0.2950420892168908
7,rbs_holdout,0,log_prot,B6_TSS_accessibility,Ridge_B6_TSS_accessibility,spearman,0.18541600499559918
7,rbs_holdout,0,log_translation_proxy,B6_TSS_accessibility,Ridge_B6_TSS_accessibility,spearman,0.18769622687643028
7,rbs_holdout,1,log_prot,B6_TSS_accessibility,Ridge_B6_TSS_accessibility,spearman,0.24144686026598094
7,rbs_holdout,1,log_translation_proxy,B6_TSS_accessibility,Ridge_B6_TSS_accessibility,spearman,0.32273426750009004
7,rbs_holdout,2,log_prot,B6_TSS_accessibility,Ridge_B6_TSS_accessibility,spearman,0.11863538146784847
7,rbs_holdout,2,log_translation_proxy,B6_TSS_accessibility,Ridge_B6_TSS_accessibility,spearman,0.17148277956260372
7,rbs_holdout,3,log_prot,B6_TSS_accessibility,Ridge_B6_TSS_accessibility,spearman,0.20840490322986727
7,rbs_holdout,3,log_translation_proxy,B6_TSS_accessibility,Ridge_B6_TSS_accessibility,spearman,0.2439135305507953
7,rbs_holdout,4,log_prot,B6_TSS_accessibility,Ridge_B6_TSS_accessibility,spearman,0.1339731548681936
7,rbs_holdout,4,log_translation_proxy,B6_TSS_accessibility,Ridge_B6_TSS_accessibility,spearman,0.07158637082876718
42,double_unseen,0,log_prot,B6_TSS_accessibility,Ridge_B6_TSS_accessibility,spearman,-0.06602531664089961
42,double_unseen,0,log_translation_proxy,B6_TSS_accessibility,Ridge_B6_TSS_accessibility,spearman,0.02826140339558908
42,double_unseen,1,log_prot,B6_TSS_accessibility,Ridge_B6_TSS_accessibility,spearman,0.06322062374152182
42,double_unseen,1,log_translation_proxy,B6_TSS_accessibility,Ridge_B6_TSS_accessibility,spearman,0.07236733622080205
42,double_unseen,2,log_prot,B6_TSS_accessibility,Ridge_B6_TSS_accessibility,spearman,-0.06618431130688884
42,double_unseen,2,log_translation_proxy,B6_TSS_accessibility,Ridge_B6_TSS_accessibility,spearman,0.059242744680546355
42,double_unseen,3,log_prot,B6_TSS_accessibility,Ridge_B6_TSS_accessibility,spearman,-0.1282437092836276
42,double_unseen,3,log_translation_proxy,B6_TSS_accessibility,Ridge_B6_TSS_accessibility,spearman,-0.10839021050540731
42,double_unseen,4,log_prot,B6_TSS_accessibility,Ridge_B6_TSS_accessibility,spearman,0.02676514326238766
42,double_unseen,4,log_translation_proxy,B6_TSS_accessibility,Ridge_B6_TSS_accessibility,spearman,-0.07738006936659769
42,promoter_holdout,0,log_prot,B6_TSS_accessibility,Ridge_B6_TSS_accessibility,spearman,0.02473033004769465
42,promoter_holdout,0,log_translation_proxy,B6_TSS_accessibility,Ridge_B6_TSS_accessibility,spearman,0.11119381930306405
42,promoter_holdout,1,log_prot,B6_TSS_accessibility,Ridge_B6_TSS_accessibility,spearman,0.15233047165407831
42,promoter_holdout,1,log_translation_proxy,B6_TSS_accessibility,Ridge_B6_TSS_accessibility,spearman,0.19971332547637655
42,promoter_holdout,2,log_prot,B6_TSS_accessibility,Ridge_B6_TSS_accessibility,spearman,0.02009087558189948
42,promoter_holdout,2,log_translation_proxy,B6_TSS_accessibility,Ridge_B6_TSS_accessibility,spearman,0.12988719478279076
42,promoter_holdout,3,log_prot,B6_TSS_accessibility,Ridge_B6_TSS_accessibility,spearman,0.14772069376079688
42,promoter_holdout,3,log_translation_proxy,B6_TSS_accessibility,Ridge_B6_TSS_accessibility,spearman,0.13786828962878994
42,promoter_holdout,4,log_prot,B6_TSS_accessibility,Ridge_B6_TSS_accessibility,spearman,0.05918269799351772
42,promoter_holdout,4,log_translation_proxy,B6_TSS_accessibility,Ridge_B6_TSS_accessibility,spearman,0.0371447586974154
42,random,0,log_prot,B6_TSS_accessibility,Ridge_B6_TSS_accessibility,spearman,0.26091611567867
42,random,0,log_translation_proxy,B6_TSS_accessibility,Ridge_B6_TSS_accessibility,spearman,0.3036839131039155
42,random,1,log_prot,B6_TSS_accessibility,Ridge_B6_TSS_accessibility,spearman,0.24175110739654615
42,random,1,log_translation_proxy,B6_TSS_accessibility,Ridge_B6_TSS_accessibility,spearman,0.28183982107514083
42,random,2,log_prot,B6_TSS_accessibility,Ridge_B6_TSS_accessibility,spearman,0.24535616711665376
42,random,2,log_translation_proxy,B6_TSS_accessibility,Ridge_B6_TSS_accessibility,spearman,0.2772127232004764
42,random,3,log_prot,B6_TSS_accessibility,Ridge_B6_TSS_accessibility,spearman,0.2535116036498949
42,random,3,log_translation_proxy,B6_TSS_accessibility,Ridge_B6_TSS_accessibility,spearman,0.29167608593818084
42,random,4,log_prot,B6_TSS_accessibility,Ridge_B6_TSS_accessibility,spearman,0.24447682412848337
42,random,4,log_translation_proxy,B6_TSS_accessibility,Ridge_B6_TSS_accessibility,spearman,0.2876161914152482
42,rbs_holdout,0,log_prot,B6_TSS_accessibility,Ridge_B6_TSS_accessibility,spearman,0.14677281079438598
42,rbs_holdout,0,log_translation_proxy,B6_TSS_accessibility,Ridge_B6_TSS_accessibility,spearman,0.21475349349388695
42,rbs_holdout,1,log_prot,B6_TSS_accessibility,Ridge_B6_TSS_accessibility,spearman,0.15733112205011301
42,rbs_holdout,1,log_translation_proxy,B6_TSS_accessibility,Ridge_B6_TSS_accessibility,spearman,0.1889052487238715
42,rbs_holdout,2,log_prot,B6_TSS_accessibility,Ridge_B6_TSS_accessibility,spearman,0.17909145165984963
42,rbs_holdout,2,log_translation_proxy,B6_TSS_accessibility,Ridge_B6_TSS_accessibility,spearman,0.21537358550528313
42,rbs_holdout,3,log_prot,B6_TSS_accessibility,Ridge_B6_TSS_accessibility,spearman,0.1296793072651059
42,rbs_holdout,3,log_translation_proxy,B6_TSS_accessibility,Ridge_B6_TSS_accessibility,spearman,0.1348302482207443
42,rbs_holdout,4,log_prot,B6_TSS_accessibility,Ridge_B6_TSS_accessibility,spearman,0.20221104253539413
42,rbs_holdout,4,log_translation_proxy,B6_TSS_accessibility,Ridge_B6_TSS_accessibility,spearman,0.17908379598551283
123,double_unseen,0,log_prot,B6_TSS_accessibility,Ridge_B6_TSS_accessibility,spearman,0.05499282083788204
123,double_unseen,0,log_translation_proxy,B6_TSS_accessibility,Ridge_B6_TSS_accessibility,spearman,0.0905593504599016
123,double_unseen,1,log_prot,B6_TSS_accessibility,Ridge_B6_TSS_accessibility,spearman,-0.0035723570638021007
123,double_unseen,1,log_translation_proxy,B6_TSS_accessibility,Ridge_B6_TSS_accessibility,spearman,0.04209338433743398
123,double_unseen,2,log_prot,B6_TSS_accessibility,Ridge_B6_TSS_accessibility,spearman,0.1410472764077989
123,double_unseen,2,log_translation_proxy,B6_TSS_accessibility,Ridge_B6_TSS_accessibility,spearman,-0.037947583922205486
123,double_unseen,3,log_prot,B6_TSS_accessibility,Ridge_B6_TSS_accessibility,spearman,0.013728791237604732
123,double_unseen,3,log_translation_proxy,B6_TSS_accessibility,Ridge_B6_TSS_accessibility,spearman,0.014141364709705728
123,double_unseen,4,log_prot,B6_TSS_accessibility,Ridge_B6_TSS_accessibility,spearman,-0.059990074190428566
123,double_unseen,4,log_translation_proxy,B6_TSS_accessibility,Ridge_B6_TSS_accessibility,spearman,-0.026464480301332194
123,promoter_holdout,0,log_prot,B6_TSS_accessibility,Ridge_B6_TSS_accessibility,spearman,0.10281469189926828
123,promoter_holdout,0,log_translation_proxy,B6_TSS_accessibility,Ridge_B6_TSS_accessibility,spearman,0.19739499549563838
123,promoter_holdout,1,log_prot,B6_TSS_accessibility,Ridge_B6_TSS_accessibility,spearman,0.02555219757449545
123,promoter_holdout,1,log_translation_proxy,B6_TSS_accessibility,Ridge_B6_TSS_accessibility,spearman,0.09034810505312885
123,promoter_holdout,2,log_prot,B6_TSS_accessibility,Ridge_B6_TSS_accessibility,spearman,0.1551973232257211
123,promoter_holdout,2,log_translation_proxy,B6_TSS_accessibility,Ridge_B6_TSS_accessibility,spearman,0.06599362795922092
123,promoter_holdout,3,log_prot,B6_TSS_accessibility,Ridge_B6_TSS_accessibility,spearman,0.0319989562714198
123,promoter_holdout,3,log_translation_proxy,B6_TSS_accessibility,Ridge_B6_TSS_accessibility,spearman,0.06713269560459967
123,promoter_holdout,4,log_prot,B6_TSS_accessibility,Ridge_B6_TSS_accessibility,spearman,0.2099575601295005
123,promoter_holdout,4,log_translation_proxy,B6_TSS_accessibility,Ridge_B6_TSS_accessibility,spearman,0.15744279357330476
123,random,0,log_prot,B6_TSS_accessibility,Ridge_B6_TSS_accessibility,spearman,0.24770735369070151
123,random,0,log_translation_proxy,B6_TSS_accessibility,Ridge_B6_TSS_accessibility,spearman,0.28972544487953356
123,random,1,log_prot,B6_TSS_accessibility,Ridge_B6_TSS_accessibility,spearman,0.2556383683021092
123,random,1,log_translation_proxy,B6_TSS_accessibility,Ridge_B6_TSS_accessibility,spearman,0.2929221739727461
123,random,2,log_prot,B6_TSS_accessibility,Ridge_B6_TSS_accessibility,spearman,0.24810106822501643
123,random,2,log_translation_proxy,B6_TSS_accessibility,Ridge_B6_TSS_accessibility,spearman,0.28437106443267834
123,random,3,log_prot,B6_TSS_accessibility,Ridge_B6_TSS_accessibility,spearman,0.24384094317541616
123,random,3,log_translation_proxy,B6_TSS_accessibility,Ridge_B6_TSS_accessibility,spearman,0.27840351830300003
123,random,4,log_prot,B6_TSS_accessibility,Ridge_B6_TSS_accessibility,spearman,0.25973935814867866
123,random,4,log_translation_proxy,B6_TSS_accessibility,Ridge_B6_TSS_accessibility,spearman,0.28919205746093113
123,rbs_holdout,0,log_prot,B6_TSS_accessibility,Ridge_B6_TSS_accessibility,spearman,0.2021524217881635
123,rbs_holdout,0,log_translation_proxy,B6_TSS_accessibility,Ridge_B6_TSS_accessibility,spearman,0.21675638811836373
123,rbs_holdout,1,log_prot,B6_TSS_accessibility,Ridge_B6_TSS_accessibility,spearman,0.1627874613422574
123,rbs_holdout,1,log_translation_proxy,B6_TSS_accessibility,Ridge_B6_TSS_accessibility,spearman,0.22920838436221241
123,rbs_holdout,2,log_prot,B6_TSS_accessibility,Ridge_B6_TSS_accessibility,spearman,0.2312673515326361
123,rbs_holdout,2,log_translation_proxy,B6_TSS_accessibility,Ridge_B6_TSS_accessibility,spearman,0.24361913068056684
123,rbs_holdout,3,log_prot,B6_TSS_accessibility,Ridge_B6_TSS_accessibility,spearman,0.19915938221160112
123,rbs_holdout,3,log_translation_proxy,B6_TSS_accessibility,Ridge_B6_TSS_accessibility,spearman,0.26951788639328245
123,rbs_holdout,4,log_prot,B6_TSS_accessibility,Ridge_B6_TSS_accessibility,spearman,0.1432475733285029
123,rbs_holdout,4,log_translation_proxy,B6_TSS_accessibility,Ridge_B6_TSS_accessibility,spearman,0.17246427655720276
2026,double_unseen,0,log_prot,B6_TSS_accessibility,Ridge_B6_TSS_accessibility,spearman,0.061795634419962164
2026,double_unseen,0,log_translation_proxy,B6_TSS_accessibility,Ridge_B6_TSS_accessibility,spearman,0.14898149825340845
2026,double_unseen,1,log_prot,B6_TSS_accessibility,Ridge_B6_TSS_accessibility,spearman,-0.17739281209714142
2026,double_unseen,1,log_translation_proxy,B6_TSS_accessibility,Ridge_B6_TSS_accessibility,spearman,-0.021813469486071768
2026,double_unseen,2,log_prot,B6_TSS_accessibility,Ridge_B6_TSS_accessibility,spearman,-0.03380160786927067
2026,double_unseen,2,log_translation_proxy,B6_TSS_accessibility,Ridge_B6_TSS_accessibility,spearman,0.021544494316762308
2026,double_unseen,3,log_prot,B6_TSS_accessibility,Ridge_B6_TSS_accessibility,spearman,-0.025885741392807526
2026,double_unseen,3,log_translation_proxy,B6_TSS_accessibility,Ridge_B6_TSS_accessibility,spearman,-0.11115743758620833
2026,double_unseen,4,log_prot,B6_TSS_accessibility,Ridge_B6_TSS_accessibility,spearman,0.03338291605142274
2026,double_unseen,4,log_translation_proxy,B6_TSS_accessibility,Ridge_B6_TSS_accessibility,spearman,-0.03486868385952313
2026,promoter_holdout,0,log_prot,B6_TSS_accessibility,Ridge_B6_TSS_accessibility,spearman,0.11735396676888554
2026,promoter_holdout,0,log_translation_proxy,B6_TSS_accessibility,Ridge_B6_TSS_accessibility,spearman,0.2224368094002217
2026,promoter_holdout,1,log_prot,B6_TSS_accessibility,Ridge_B6_TSS_accessibility,spearman,0.016920542155793306
2026,promoter_holdout,1,log_translation_proxy,B6_TSS_accessibility,Ridge_B6_TSS_accessibility,spearman,0.1416702226569102
2026,promoter_holdout,2,log_prot,B6_TSS_accessibility,Ridge_B6_TSS_accessibility,spearman,0.08641326491808121
2026,promoter_holdout,2,log_translation_proxy,B6_TSS_accessibility,Ridge_B6_TSS_accessibility,spearman,0.10347751370244407
2026,promoter_holdout,3,log_prot,B6_TSS_accessibility,Ridge_B6_TSS_accessibility,spearman,0.08824336666935262
2026,promoter_holdout,3,log_translation_proxy,B6_TSS_accessibility,Ridge_B6_TSS_accessibility,spearman,0.0952081804150337
2026,promoter_holdout,4,log_prot,B6_TSS_accessibility,Ridge_B6_TSS_accessibility,spearman,0.08993111987833902
2026,promoter_holdout,4,log_translation_proxy,B6_TSS_accessibility,Ridge_B6_TSS_accessibility,spearman,0.046949564237721786
2026,random,0,log_prot,B6_TSS_accessibility,Ridge_B6_TSS_accessibility,spearman,0.25084477080397627
2026,random,0,log_translation_proxy,B6_TSS_accessibility,Ridge_B6_TSS_accessibility,spearman,0.25978981026808134
2026,random,1,log_prot,B6_TSS_accessibility,Ridge_B6_TSS_accessibility,spearman,0.24318936756188225
2026,random,1,log_translation_proxy,B6_TSS_accessibility,Ridge_B6_TSS_accessibility,spearman,0.3049461246628986
2026,random,2,log_prot,B6_TSS_accessibility,Ridge_B6_TSS_accessibility,spearman,0.2583241812447936
2026,random,2,log_translation_proxy,B6_TSS_accessibility,Ridge_B6_TSS_accessibility,spearman,0.2811582058885932
2026,random,3,log_prot,B6_TSS_accessibility,Ridge_B6_TSS_accessibility,spearman,0.23800753341760716
2026,random,3,log_translation_proxy,B6_TSS_accessibility,Ridge_B6_TSS_accessibility,spearman,0.2834841534018322
2026,random,4,log_prot,B6_TSS_accessibility,Ridge_B6_TSS_accessibility,spearman,0.26837576608752267
2026,random,4,log_translation_proxy,B6_TSS_accessibility,Ridge_B6_TSS_accessibility,spearman,0.30014279905971797
2026,rbs_holdout,0,log_prot,B6_TSS_accessibility,Ridge_B6_TSS_accessibility,spearman,0.22455588522765235
2026,rbs_holdout,0,log_translation_proxy,B6_TSS_accessibility,Ridge_B6_TSS_accessibility,spearman,0.24278351928533648
2026,rbs_holdout,1,log_prot,B6_TSS_accessibility,Ridge_B6_TSS_accessibility,spearman,0.1432998988676183
2026,rbs_holdout,1,log_translation_proxy,B6_TSS_accessibility,Ridge_B6_TSS_accessibility,spearman,0.21156480664756572
2026,rbs_holdout,2,log_prot,B6_TSS_accessibility,Ridge_B6_TSS_accessibility,spearman,0.1432794645264549
2026,rbs_holdout,2,log_translation_proxy,B6_TSS_accessibility,Ridge_B6_TSS_accessibility,spearman,0.221390526712944
2026,rbs_holdout,3,log_prot,B6_TSS_accessibility,Ridge_B6_TSS_accessibility,spearman,0.16424111034570477
2026,rbs_holdout,3,log_translation_proxy,B6_TSS_accessibility,Ridge_B6_TSS_accessibility,spearman,0.13417709012795875
2026,rbs_holdout,4,log_prot,B6_TSS_accessibility,Ridge_B6_TSS_accessibility,spearman,0.16716561226389914
2026,rbs_holdout,4,log_translation_proxy,B6_TSS_accessibility,Ridge_B6_TSS_accessibility,spearman,0.22133915381285746
7,double_unseen,0,log_prot,B6_TSS_accessibility,Ridge_B6_TSS_accessibility,mae_log,-0.09777548054417218
7,double_unseen,0,log_translation_proxy,B6_TSS_accessibility,Ridge_B6_TSS_accessibility,mae_log,-0.06378134149798609
7,double_unseen,1,log_prot,B6_TSS_accessibility,Ridge_B6_TSS_accessibility,mae_log,-0.1015893481821013
7,double_unseen,1,log_translation_proxy,B6_TSS_accessibility,Ridge_B6_TSS_accessibility,mae_log,0.03564527434433862
7,double_unseen,2,log_prot,B6_TSS_accessibility,Ridge_B6_TSS_accessibility,mae_log,-0.07682060827597192
7,double_unseen,2,log_translation_proxy,B6_TSS_accessibility,Ridge_B6_TSS_accessibility,mae_log,0.008498933025908761
7,double_unseen,3,log_prot,B6_TSS_accessibility,Ridge_B6_TSS_accessibility,mae_log,-0.10986407570628098
7,double_unseen,3,log_translation_proxy,B6_TSS_accessibility,Ridge_B6_TSS_accessibility,mae_log,-0.08212730727663076
7,double_unseen,4,log_prot,B6_TSS_accessibility,Ridge_B6_TSS_accessibility,mae_log,0.14556851814630023
7,double_unseen,4,log_translation_proxy,B6_TSS_accessibility,Ridge_B6_TSS_accessibility,mae_log,0.10865396819301787
7,promoter_holdout,0,log_prot,B6_TSS_accessibility,Ridge_B6_TSS_accessibility,mae_log,-0.2447904185614509
7,promoter_holdout,0,log_translation_proxy,B6_TSS_accessibility,Ridge_B6_TSS_accessibility,mae_log,-0.14163117154150318
7,promoter_holdout,1,log_prot,B6_TSS_accessibility,Ridge_B6_TSS_accessibility,mae_log,-0.14544419505959372
7,promoter_holdout,1,log_translation_proxy,B6_TSS_accessibility,Ridge_B6_TSS_accessibility,mae_log,0.01135540416940739
7,promoter_holdout,2,log_prot,B6_TSS_accessibility,Ridge_B6_TSS_accessibility,mae_log,-0.22484301375149363
7,promoter_holdout,2,log_translation_proxy,B6_TSS_accessibility,Ridge_B6_TSS_accessibility,mae_log,-0.10329982070616406
7,promoter_holdout,3,log_prot,B6_TSS_accessibility,Ridge_B6_TSS_accessibility,mae_log,-0.18201526109234456
7,promoter_holdout,3,log_translation_proxy,B6_TSS_accessibility,Ridge_B6_TSS_accessibility,mae_log,-0.10843427524354166
7,promoter_holdout,4,log_prot,B6_TSS_accessibility,Ridge_B6_TSS_accessibility,mae_log,-0.059234384846228894
7,promoter_holdout,4,log_translation_proxy,B6_TSS_accessibility,Ridge_B6_TSS_accessibility,mae_log,-0.0467863543730761
7,random,0,log_prot,B6_TSS_accessibility,Ridge_B6_TSS_accessibility,mae_log,-0.5000597072936336
7,random,0,log_translation_proxy,B6_TSS_accessibility,Ridge_B6_TSS_accessibility,mae_log,-0.27380324845471293
7,random,1,log_prot,B6_TSS_accessibility,Ridge_B6_TSS_accessibility,mae_log,-0.5486722340532018
7,random,1,log_translation_proxy,B6_TSS_accessibility,Ridge_B6_TSS_accessibility,mae_log,-0.28805448955965895
7,random,2,log_prot,B6_TSS_accessibility,Ridge_B6_TSS_accessibility,mae_log,-0.49749076742277987
7,random,2,log_translation_proxy,B6_TSS_accessibility,Ridge_B6_TSS_accessibility,mae_log,-0.2754576749072102
7,random,3,log_prot,B6_TSS_accessibility,Ridge_B6_TSS_accessibility,mae_log,-0.5022704280708362
7,random,3,log_translation_proxy,B6_TSS_accessibility,Ridge_B6_TSS_accessibility,mae_log,-0.304914824447429
7,random,4,log_prot,B6_TSS_accessibility,Ridge_B6_TSS_accessibility,mae_log,-0.528018986724174
7,random,4,log_translation_proxy,B6_TSS_accessibility,Ridge_B6_TSS_accessibility,mae_log,-0.2974841597647859
7,rbs_holdout,0,log_prot,B6_TSS_accessibility,Ridge_B6_TSS_accessibility,mae_log,-0.3790749294038267
7,rbs_holdout,0,log_translation_proxy,B6_TSS_accessibility,Ridge_B6_TSS_accessibility,mae_log,-0.22219821213042046
7,rbs_holdout,1,log_prot,B6_TSS_accessibility,Ridge_B6_TSS_accessibility,mae_log,-0.39457313770423696
7,rbs_holdout,1,log_translation_proxy,B6_TSS_accessibility,Ridge_B6_TSS_accessibility,mae_log,-0.2362955909780151
7,rbs_holdout,2,log_prot,B6_TSS_accessibility,Ridge_B6_TSS_accessibility,mae_log,-0.27394329826273867
7,rbs_holdout,2,log_translation_proxy,B6_TSS_accessibility,Ridge_B6_TSS_accessibility,mae_log,-0.192611491966849
7,rbs_holdout,3,log_prot,B6_TSS_accessibility,Ridge_B6_TSS_accessibility,mae_log,-0.4372122337395644
7,rbs_holdout,3,log_translation_proxy,B6_TSS_accessibility,Ridge_B6_TSS_accessibility,mae_log,-0.20461232363061843
7,rbs_holdout,4,log_prot,B6_TSS_accessibility,Ridge_B6_TSS_accessibility,mae_log,-0.28848754633422147
7,rbs_holdout,4,log_translation_proxy,B6_TSS_accessibility,Ridge_B6_TSS_accessibility,mae_log,-0.11686166675017329
42,double_unseen,0,log_prot,B6_TSS_accessibility,Ridge_B6_TSS_accessibility,mae_log,0.1320131140793641
42,double_unseen,0,log_translation_proxy,B6_TSS_accessibility,Ridge_B6_TSS_accessibility,mae_log,0.049927448234884486
42,double_unseen,1,log_prot,B6_TSS_accessibility,Ridge_B6_TSS_accessibility,mae_log,-0.20644525521473867
42,double_unseen,1,log_translation_proxy,B6_TSS_accessibility,Ridge_B6_TSS_accessibility,mae_log,-0.08348124242191424
42,double_unseen,2,log_prot,B6_TSS_accessibility,Ridge_B6_TSS_accessibility,mae_log,0.04064869099121382
42,double_unseen,2,log_translation_proxy,B6_TSS_accessibility,Ridge_B6_TSS_accessibility,mae_log,0.018874235837402553
42,double_unseen,3,log_prot,B6_TSS_accessibility,Ridge_B6_TSS_accessibility,mae_log,-0.012329940265253692
42,double_unseen,3,log_translation_proxy,B6_TSS_accessibility,Ridge_B6_TSS_accessibility,mae_log,0.009899566978649021
42,double_unseen,4,log_prot,B6_TSS_accessibility,Ridge_B6_TSS_accessibility,mae_log,-0.09655309566723935
42,double_unseen,4,log_translation_proxy,B6_TSS_accessibility,Ridge_B6_TSS_accessibility,mae_log,0.08254921699997864
42,promoter_holdout,0,log_prot,B6_TSS_accessibility,Ridge_B6_TSS_accessibility,mae_log,-0.0064837825469656885
42,promoter_holdout,0,log_translation_proxy,B6_TSS_accessibility,Ridge_B6_TSS_accessibility,mae_log,-0.10741761927177262
42,promoter_holdout,1,log_prot,B6_TSS_accessibility,Ridge_B6_TSS_accessibility,mae_log,-0.34854370578238236
42,promoter_holdout,1,log_translation_proxy,B6_TSS_accessibility,Ridge_B6_TSS_accessibility,mae_log,-0.17716846359245197
42,promoter_holdout,2,log_prot,B6_TSS_accessibility,Ridge_B6_TSS_accessibility,mae_log,-0.07899138641133385
42,promoter_holdout,2,log_translation_proxy,B6_TSS_accessibility,Ridge_B6_TSS_accessibility,mae_log,-0.07157053501636135
42,promoter_holdout,3,log_prot,B6_TSS_accessibility,Ridge_B6_TSS_accessibility,mae_log,-0.17853353021349438
42,promoter_holdout,3,log_translation_proxy,B6_TSS_accessibility,Ridge_B6_TSS_accessibility,mae_log,-0.14142579475446282
42,promoter_holdout,4,log_prot,B6_TSS_accessibility,Ridge_B6_TSS_accessibility,mae_log,-0.16342340769628771
42,promoter_holdout,4,log_translation_proxy,B6_TSS_accessibility,Ridge_B6_TSS_accessibility,mae_log,0.004658123401691361
42,random,0,log_prot,B6_TSS_accessibility,Ridge_B6_TSS_accessibility,mae_log,-0.5393114798571694
42,random,0,log_translation_proxy,B6_TSS_accessibility,Ridge_B6_TSS_accessibility,mae_log,-0.30024185914028034
42,random,1,log_prot,B6_TSS_accessibility,Ridge_B6_TSS_accessibility,mae_log,-0.514821998038598
42,random,1,log_translation_proxy,B6_TSS_accessibility,Ridge_B6_TSS_accessibility,mae_log,-0.2851419291360674
42,random,2,log_prot,B6_TSS_accessibility,Ridge_B6_TSS_accessibility,mae_log,-0.5162588502620048
42,random,2,log_translation_proxy,B6_TSS_accessibility,Ridge_B6_TSS_accessibility,mae_log,-0.2917714620917603
42,random,3,log_prot,B6_TSS_accessibility,Ridge_B6_TSS_accessibility,mae_log,-0.497295737723222
42,random,3,log_translation_proxy,B6_TSS_accessibility,Ridge_B6_TSS_accessibility,mae_log,-0.2909918464518092
42,random,4,log_prot,B6_TSS_accessibility,Ridge_B6_TSS_accessibility,mae_log,-0.5070943076134556
42,random,4,log_translation_proxy,B6_TSS_accessibility,Ridge_B6_TSS_accessibility,mae_log,-0.2857830429557219
42,rbs_holdout,0,log_prot,B6_TSS_accessibility,Ridge_B6_TSS_accessibility,mae_log,-0.3109887900943067
42,rbs_holdout,0,log_translation_proxy,B6_TSS_accessibility,Ridge_B6_TSS_accessibility,mae_log,-0.18655035295900857
42,rbs_holdout,1,log_prot,B6_TSS_accessibility,Ridge_B6_TSS_accessibility,mae_log,-0.32782098530389425
42,rbs_holdout,1,log_translation_proxy,B6_TSS_accessibility,Ridge_B6_TSS_accessibility,mae_log,-0.19266676403819782
42,rbs_holdout,2,log_prot,B6_TSS_accessibility,Ridge_B6_TSS_accessibility,mae_log,-0.3017710758337987
42,rbs_holdout,2,log_translation_proxy,B6_TSS_accessibility,Ridge_B6_TSS_accessibility,mae_log,-0.1571316084616392
42,rbs_holdout,3,log_prot,B6_TSS_accessibility,Ridge_B6_TSS_accessibility,mae_log,-0.2917039876410489
42,rbs_holdout,3,log_translation_proxy,B6_TSS_accessibility,Ridge_B6_TSS_accessibility,mae_log,-0.11706987407337943
42,rbs_holdout,4,log_prot,B6_TSS_accessibility,Ridge_B6_TSS_accessibility,mae_log,-0.3893173351255328
42,rbs_holdout,4,log_translation_proxy,B6_TSS_accessibility,Ridge_B6_TSS_accessibility,mae_log,-0.22755111110170045
123,double_unseen,0,log_prot,B6_TSS_accessibility,Ridge_B6_TSS_accessibility,mae_log,-0.09136526795963418
123,double_unseen,0,log_translation_proxy,B6_TSS_accessibility,Ridge_B6_TSS_accessibility,mae_log,-0.02234427959044627
123,double_unseen,1,log_prot,B6_TSS_accessibility,Ridge_B6_TSS_accessibility,mae_log,-0.04798255775616278
123,double_unseen,1,log_translation_proxy,B6_TSS_accessibility,Ridge_B6_TSS_accessibility,mae_log,-0.06571513319368227
123,double_unseen,2,log_prot,B6_TSS_accessibility,Ridge_B6_TSS_accessibility,mae_log,-0.21453312205634634
123,double_unseen,2,log_translation_proxy,B6_TSS_accessibility,Ridge_B6_TSS_accessibility,mae_log,0.03999125014288818
123,double_unseen,3,log_prot,B6_TSS_accessibility,Ridge_B6_TSS_accessibility,mae_log,-0.00630932270319895
123,double_unseen,3,log_translation_proxy,B6_TSS_accessibility,Ridge_B6_TSS_accessibility,mae_log,0.013899983797372006
123,double_unseen,4,log_prot,B6_TSS_accessibility,Ridge_B6_TSS_accessibility,mae_log,0.002507011682845839
123,double_unseen,4,log_translation_proxy,B6_TSS_accessibility,Ridge_B6_TSS_accessibility,mae_log,-0.008402433715797741
123,promoter_holdout,0,log_prot,B6_TSS_accessibility,Ridge_B6_TSS_accessibility,mae_log,-0.14920769031802572
123,promoter_holdout,0,log_translation_proxy,B6_TSS_accessibility,Ridge_B6_TSS_accessibility,mae_log,-0.12029680464837633
123,promoter_holdout,1,log_prot,B6_TSS_accessibility,Ridge_B6_TSS_accessibility,mae_log,-0.0937412814572729
123,promoter_holdout,1,log_translation_proxy,B6_TSS_accessibility,Ridge_B6_TSS_accessibility,mae_log,-0.12510886116292286
123,promoter_holdout,2,log_prot,B6_TSS_accessibility,Ridge_B6_TSS_accessibility,mae_log,-0.2746050580051532
123,promoter_holdout,2,log_translation_proxy,B6_TSS_accessibility,Ridge_B6_TSS_accessibility,mae_log,-0.057731348441489194
123,promoter_holdout,3,log_prot,B6_TSS_accessibility,Ridge_B6_TSS_accessibility,mae_log,-0.05603347868484576
123,promoter_holdout,3,log_translation_proxy,B6_TSS_accessibility,Ridge_B6_TSS_accessibility,mae_log,-0.03700418114553661
123,promoter_holdout,4,log_prot,B6_TSS_accessibility,Ridge_B6_TSS_accessibility,mae_log,-0.2760218111594913
123,promoter_holdout,4,log_translation_proxy,B6_TSS_accessibility,Ridge_B6_TSS_accessibility,mae_log,-0.11221233149935184
123,random,0,log_prot,B6_TSS_accessibility,Ridge_B6_TSS_accessibility,mae_log,-0.519867606121535
123,random,0,log_translation_proxy,B6_TSS_accessibility,Ridge_B6_TSS_accessibility,mae_log,-0.2920524908268388
123,random,1,log_prot,B6_TSS_accessibility,Ridge_B6_TSS_accessibility,mae_log,-0.5274162981034878
123,random,1,log_translation_proxy,B6_TSS_accessibility,Ridge_B6_TSS_accessibility,mae_log,-0.30261532430368965
123,random,2,log_prot,B6_TSS_accessibility,Ridge_B6_TSS_accessibility,mae_log,-0.5221650056413376
123,random,2,log_translation_proxy,B6_TSS_accessibility,Ridge_B6_TSS_accessibility,mae_log,-0.29407254479701894
123,random,3,log_prot,B6_TSS_accessibility,Ridge_B6_TSS_accessibility,mae_log,-0.501420839248793
123,random,3,log_translation_proxy,B6_TSS_accessibility,Ridge_B6_TSS_accessibility,mae_log,-0.27152204672038416
123,random,4,log_prot,B6_TSS_accessibility,Ridge_B6_TSS_accessibility,mae_log,-0.5123234257468402
123,random,4,log_translation_proxy,B6_TSS_accessibility,Ridge_B6_TSS_accessibility,mae_log,-0.2819297018900203
123,rbs_holdout,0,log_prot,B6_TSS_accessibility,Ridge_B6_TSS_accessibility,mae_log,-0.35905487958368176
123,rbs_holdout,0,log_translation_proxy,B6_TSS_accessibility,Ridge_B6_TSS_accessibility,mae_log,-0.2104553181412624
123,rbs_holdout,1,log_prot,B6_TSS_accessibility,Ridge_B6_TSS_accessibility,mae_log,-0.27765977784537554
123,rbs_holdout,1,log_translation_proxy,B6_TSS_accessibility,Ridge_B6_TSS_accessibility,mae_log,-0.18665161374664085
123,rbs_holdout,2,log_prot,B6_TSS_accessibility,Ridge_B6_TSS_accessibility,mae_log,-0.4255818886886046
123,rbs_holdout,2,log_translation_proxy,B6_TSS_accessibility,Ridge_B6_TSS_accessibility,mae_log,-0.217677635047562
123,rbs_holdout,3,log_prot,B6_TSS_accessibility,Ridge_B6_TSS_accessibility,mae_log,-0.400900299449801
123,rbs_holdout,3,log_translation_proxy,B6_TSS_accessibility,Ridge_B6_TSS_accessibility,mae_log,-0.2183299538590291
123,rbs_holdout,4,log_prot,B6_TSS_accessibility,Ridge_B6_TSS_accessibility,mae_log,-0.3149998834247095
123,rbs_holdout,4,log_translation_proxy,B6_TSS_accessibility,Ridge_B6_TSS_accessibility,mae_log,-0.1336160260015985
2026,double_unseen,0,log_prot,B6_TSS_accessibility,Ridge_B6_TSS_accessibility,mae_log,-0.08704442345373797
2026,double_unseen,0,log_translation_proxy,B6_TSS_accessibility,Ridge_B6_TSS_accessibility,mae_log,-0.08612202004477498
2026,double_unseen,1,log_prot,B6_TSS_accessibility,Ridge_B6_TSS_accessibility,mae_log,-0.055647766611488514
2026,double_unseen,1,log_translation_proxy,B6_TSS_accessibility,Ridge_B6_TSS_accessibility,mae_log,0.034033329586769856
2026,double_unseen,2,log_prot,B6_TSS_accessibility,Ridge_B6_TSS_accessibility,mae_log,-0.014843273415350966
2026,double_unseen,2,log_translation_proxy,B6_TSS_accessibility,Ridge_B6_TSS_accessibility,mae_log,-0.02060487087170404
2026,double_unseen,3,log_prot,B6_TSS_accessibility,Ridge_B6_TSS_accessibility,mae_log,0.07654719703839108
2026,double_unseen,3,log_translation_proxy,B6_TSS_accessibility,Ridge_B6_TSS_accessibility,mae_log,0.07396796153034979
2026,double_unseen,4,log_prot,B6_TSS_accessibility,Ridge_B6_TSS_accessibility,mae_log,-0.13167350585424775
2026,double_unseen,4,log_translation_proxy,B6_TSS_accessibility,Ridge_B6_TSS_accessibility,mae_log,0.08493565470452202
2026,promoter_holdout,0,log_prot,B6_TSS_accessibility,Ridge_B6_TSS_accessibility,mae_log,-0.1475084065362149
2026,promoter_holdout,0,log_translation_proxy,B6_TSS_accessibility,Ridge_B6_TSS_accessibility,mae_log,-0.16096199498658725
2026,promoter_holdout,1,log_prot,B6_TSS_accessibility,Ridge_B6_TSS_accessibility,mae_log,-0.06945454867291234
2026,promoter_holdout,1,log_translation_proxy,B6_TSS_accessibility,Ridge_B6_TSS_accessibility,mae_log,-0.12398261477205585
2026,promoter_holdout,2,log_prot,B6_TSS_accessibility,Ridge_B6_TSS_accessibility,mae_log,-0.19591452587110592
2026,promoter_holdout,2,log_translation_proxy,B6_TSS_accessibility,Ridge_B6_TSS_accessibility,mae_log,-0.10693319390145894
2026,promoter_holdout,3,log_prot,B6_TSS_accessibility,Ridge_B6_TSS_accessibility,mae_log,-0.18243915273370948
2026,promoter_holdout,3,log_translation_proxy,B6_TSS_accessibility,Ridge_B6_TSS_accessibility,mae_log,-0.09605264953494153
2026,promoter_holdout,4,log_prot,B6_TSS_accessibility,Ridge_B6_TSS_accessibility,mae_log,-0.15286206913962164
2026,promoter_holdout,4,log_translation_proxy,B6_TSS_accessibility,Ridge_B6_TSS_accessibility,mae_log,-0.0243719927087509
2026,random,0,log_prot,B6_TSS_accessibility,Ridge_B6_TSS_accessibility,mae_log,-0.5263243101064681
2026,random,0,log_translation_proxy,B6_TSS_accessibility,Ridge_B6_TSS_accessibility,mae_log,-0.2714994947075131
2026,random,1,log_prot,B6_TSS_accessibility,Ridge_B6_TSS_accessibility,mae_log,-0.49725732615184837
2026,random,1,log_translation_proxy,B6_TSS_accessibility,Ridge_B6_TSS_accessibility,mae_log,-0.30179852532191076
2026,random,2,log_prot,B6_TSS_accessibility,Ridge_B6_TSS_accessibility,mae_log,-0.5368308010424938
2026,random,2,log_translation_proxy,B6_TSS_accessibility,Ridge_B6_TSS_accessibility,mae_log,-0.29424799977499805
2026,random,3,log_prot,B6_TSS_accessibility,Ridge_B6_TSS_accessibility,mae_log,-0.5083481712114754
2026,random,3,log_translation_proxy,B6_TSS_accessibility,Ridge_B6_TSS_accessibility,mae_log,-0.2823215444535945
2026,random,4,log_prot,B6_TSS_accessibility,Ridge_B6_TSS_accessibility,mae_log,-0.52980914968768
2026,random,4,log_translation_proxy,B6_TSS_accessibility,Ridge_B6_TSS_accessibility,mae_log,-0.2926825862846567
2026,rbs_holdout,0,log_prot,B6_TSS_accessibility,Ridge_B6_TSS_accessibility,mae_log,-0.4871393759482483
2026,rbs_holdout,0,log_translation_proxy,B6_TSS_accessibility,Ridge_B6_TSS_accessibility,mae_log,-0.23101403584614366
2026,rbs_holdout,1,log_prot,B6_TSS_accessibility,Ridge_B6_TSS_accessibility,mae_log,-0.319326638852092
2026,rbs_holdout,1,log_translation_proxy,B6_TSS_accessibility,Ridge_B6_TSS_accessibility,mae_log,-0.14904016841330547
2026,rbs_holdout,2,log_prot,B6_TSS_accessibility,Ridge_B6_TSS_accessibility,mae_log,-0.27516913838778
2026,rbs_holdout,2,log_translation_proxy,B6_TSS_accessibility,Ridge_B6_TSS_accessibility,mae_log,-0.19022198274725888
2026,rbs_holdout,3,log_prot,B6_TSS_accessibility,Ridge_B6_TSS_accessibility,mae_log,-0.2610430834243215
2026,rbs_holdout,3,log_translation_proxy,B6_TSS_accessibility,Ridge_B6_TSS_accessibility,mae_log,-0.1370715273752945
2026,rbs_holdout,4,log_prot,B6_TSS_accessibility,Ridge_B6_TSS_accessibility,mae_log,-0.30002931075345685
2026,rbs_holdout,4,log_translation_proxy,B6_TSS_accessibility,Ridge_B6_TSS_accessibility,mae_log,-0.19367215295060525
7,double_unseen,0,log_translation_proxy,B6_TSS_accessibility,B7_OSTIR,spearman,0.06831463408598071
7,double_unseen,1,log_translation_proxy,B6_TSS_accessibility,B7_OSTIR,spearman,0.00011407843464739109
7,double_unseen,2,log_translation_proxy,B6_TSS_accessibility,B7_OSTIR,spearman,0.06377548337708927
7,double_unseen,3,log_translation_proxy,B6_TSS_accessibility,B7_OSTIR,spearman,0.17593759202612097
7,double_unseen,4,log_translation_proxy,B6_TSS_accessibility,B7_OSTIR,spearman,-0.15856149619264182
7,promoter_holdout,0,log_translation_proxy,B6_TSS_accessibility,B7_OSTIR,spearman,0.1260623544713539
7,promoter_holdout,1,log_translation_proxy,B6_TSS_accessibility,B7_OSTIR,spearman,0.1884072313771829
7,promoter_holdout,2,log_translation_proxy,B6_TSS_accessibility,B7_OSTIR,spearman,0.21307121107047194
7,promoter_holdout,3,log_translation_proxy,B6_TSS_accessibility,B7_OSTIR,spearman,0.18907704743419962
7,promoter_holdout,4,log_translation_proxy,B6_TSS_accessibility,B7_OSTIR,spearman,0.08391402878243692
7,random,0,log_translation_proxy,B6_TSS_accessibility,B7_OSTIR,spearman,0.37407342556608003
7,random,1,log_translation_proxy,B6_TSS_accessibility,B7_OSTIR,spearman,0.3516212929126242
7,random,2,log_translation_proxy,B6_TSS_accessibility,B7_OSTIR,spearman,0.3598122156373248
7,random,3,log_translation_proxy,B6_TSS_accessibility,B7_OSTIR,spearman,0.3564046140590224
7,random,4,log_translation_proxy,B6_TSS_accessibility,B7_OSTIR,spearman,0.376389303893098
7,rbs_holdout,0,log_translation_proxy,B6_TSS_accessibility,B7_OSTIR,spearman,0.2986827452723304
7,rbs_holdout,1,log_translation_proxy,B6_TSS_accessibility,B7_OSTIR,spearman,0.18842243694585237
7,rbs_holdout,2,log_translation_proxy,B6_TSS_accessibility,B7_OSTIR,spearman,0.19405207603331232
7,rbs_holdout,3,log_translation_proxy,B6_TSS_accessibility,B7_OSTIR,spearman,0.3783126285648994
7,rbs_holdout,4,log_translation_proxy,B6_TSS_accessibility,B7_OSTIR,spearman,0.17043743880063045
42,double_unseen,0,log_translation_proxy,B6_TSS_accessibility,B7_OSTIR,spearman,0.1876321001307788
42,double_unseen,1,log_translation_proxy,B6_TSS_accessibility,B7_OSTIR,spearman,0.18927338033360447
42,double_unseen,2,log_translation_proxy,B6_TSS_accessibility,B7_OSTIR,spearman,0.0016155994581235067
42,double_unseen,3,log_translation_proxy,B6_TSS_accessibility,B7_OSTIR,spearman,-0.21290898476969683
42,double_unseen,4,log_translation_proxy,B6_TSS_accessibility,B7_OSTIR,spearman,-0.02576633271581774
42,promoter_holdout,0,log_translation_proxy,B6_TSS_accessibility,B7_OSTIR,spearman,0.19058696979924594
42,promoter_holdout,1,log_translation_proxy,B6_TSS_accessibility,B7_OSTIR,spearman,0.31215626699723453
42,promoter_holdout,2,log_translation_proxy,B6_TSS_accessibility,B7_OSTIR,spearman,0.13607476886080316
42,promoter_holdout,3,log_translation_proxy,B6_TSS_accessibility,B7_OSTIR,spearman,0.16438836297259163
42,promoter_holdout,4,log_translation_proxy,B6_TSS_accessibility,B7_OSTIR,spearman,0.1027894941017552
42,random,0,log_translation_proxy,B6_TSS_accessibility,B7_OSTIR,spearman,0.3632663085783853
42,random,1,log_translation_proxy,B6_TSS_accessibility,B7_OSTIR,spearman,0.38820202121615094
42,random,2,log_translation_proxy,B6_TSS_accessibility,B7_OSTIR,spearman,0.36720480706403824
42,random,3,log_translation_proxy,B6_TSS_accessibility,B7_OSTIR,spearman,0.3531178064093881
42,random,4,log_translation_proxy,B6_TSS_accessibility,B7_OSTIR,spearman,0.35691691575390583
42,rbs_holdout,0,log_translation_proxy,B6_TSS_accessibility,B7_OSTIR,spearman,0.374073560035503
42,rbs_holdout,1,log_translation_proxy,B6_TSS_accessibility,B7_OSTIR,spearman,0.28940486151243044
42,rbs_holdout,2,log_translation_proxy,B6_TSS_accessibility,B7_OSTIR,spearman,0.23604563986296923
42,rbs_holdout,3,log_translation_proxy,B6_TSS_accessibility,B7_OSTIR,spearman,0.0741653503609192
42,rbs_holdout,4,log_translation_proxy,B6_TSS_accessibility,B7_OSTIR,spearman,0.25812779781888373
123,double_unseen,0,log_translation_proxy,B6_TSS_accessibility,B7_OSTIR,spearman,-0.0010323478960293508
123,double_unseen,1,log_translation_proxy,B6_TSS_accessibility,B7_OSTIR,spearman,0.09979127934154108
123,double_unseen,2,log_translation_proxy,B6_TSS_accessibility,B7_OSTIR,spearman,0.1615346953331348
123,double_unseen,3,log_translation_proxy,B6_TSS_accessibility,B7_OSTIR,spearman,0.09629708409496118
123,double_unseen,4,log_translation_proxy,B6_TSS_accessibility,B7_OSTIR,spearman,-0.08600358235747918
123,promoter_holdout,0,log_translation_proxy,B6_TSS_accessibility,B7_OSTIR,spearman,0.1309091198780546
123,promoter_holdout,1,log_translation_proxy,B6_TSS_accessibility,B7_OSTIR,spearman,0.2587526209558564
123,promoter_holdout,2,log_translation_proxy,B6_TSS_accessibility,B7_OSTIR,spearman,0.11535941032061447
123,promoter_holdout,3,log_translation_proxy,B6_TSS_accessibility,B7_OSTIR,spearman,0.19519065814678954
123,promoter_holdout,4,log_translation_proxy,B6_TSS_accessibility,B7_OSTIR,spearman,0.09780488088323469
123,random,0,log_translation_proxy,B6_TSS_accessibility,B7_OSTIR,spearman,0.3656603801089683
123,random,1,log_translation_proxy,B6_TSS_accessibility,B7_OSTIR,spearman,0.3647633304764144
123,random,2,log_translation_proxy,B6_TSS_accessibility,B7_OSTIR,spearman,0.3698032302773394
123,random,3,log_translation_proxy,B6_TSS_accessibility,B7_OSTIR,spearman,0.36863347173207883
123,random,4,log_translation_proxy,B6_TSS_accessibility,B7_OSTIR,spearman,0.3499030128623247
123,rbs_holdout,0,log_translation_proxy,B6_TSS_accessibility,B7_OSTIR,spearman,0.2602571935141579
123,rbs_holdout,1,log_translation_proxy,B6_TSS_accessibility,B7_OSTIR,spearman,0.16271861689902883
123,rbs_holdout,2,log_translation_proxy,B6_TSS_accessibility,B7_OSTIR,spearman,0.47367310741862334
123,rbs_holdout,3,log_translation_proxy,B6_TSS_accessibility,B7_OSTIR,spearman,0.28846630120459876
123,rbs_holdout,4,log_translation_proxy,B6_TSS_accessibility,B7_OSTIR,spearman,0.22260239853485386
2026,double_unseen,0,log_translation_proxy,B6_TSS_accessibility,B7_OSTIR,spearman,0.17603869400204697
2026,double_unseen,1,log_translation_proxy,B6_TSS_accessibility,B7_OSTIR,spearman,-0.12958257792396077
2026,double_unseen,2,log_translation_proxy,B6_TSS_accessibility,B7_OSTIR,spearman,0.040464638423819976
2026,double_unseen,3,log_translation_proxy,B6_TSS_accessibility,B7_OSTIR,spearman,0.0830160737747706
2026,double_unseen,4,log_translation_proxy,B6_TSS_accessibility,B7_OSTIR,spearman,-0.027105822187275808
2026,promoter_holdout,0,log_translation_proxy,B6_TSS_accessibility,B7_OSTIR,spearman,0.1866787391732807
2026,promoter_holdout,1,log_translation_proxy,B6_TSS_accessibility,B7_OSTIR,spearman,0.13414241356497691
2026,promoter_holdout,2,log_translation_proxy,B6_TSS_accessibility,B7_OSTIR,spearman,0.2156385673875964
2026,promoter_holdout,3,log_translation_proxy,B6_TSS_accessibility,B7_OSTIR,spearman,0.1579819143618446
2026,promoter_holdout,4,log_translation_proxy,B6_TSS_accessibility,B7_OSTIR,spearman,0.1103730375175131
2026,random,0,log_translation_proxy,B6_TSS_accessibility,B7_OSTIR,spearman,0.35709207395315606
2026,random,1,log_translation_proxy,B6_TSS_accessibility,B7_OSTIR,spearman,0.4009911551914243
2026,random,2,log_translation_proxy,B6_TSS_accessibility,B7_OSTIR,spearman,0.35607555901513344
2026,random,3,log_translation_proxy,B6_TSS_accessibility,B7_OSTIR,spearman,0.3187415492835364
2026,random,4,log_translation_proxy,B6_TSS_accessibility,B7_OSTIR,spearman,0.3785684457896484
2026,rbs_holdout,0,log_translation_proxy,B6_TSS_accessibility,B7_OSTIR,spearman,0.3505887695838737
2026,rbs_holdout,1,log_translation_proxy,B6_TSS_accessibility,B7_OSTIR,spearman,0.2563234301580641
2026,rbs_holdout,2,log_translation_proxy,B6_TSS_accessibility,B7_OSTIR,spearman,0.22241110834215921
2026,rbs_holdout,3,log_translation_proxy,B6_TSS_accessibility,B7_OSTIR,spearman,0.299521691344491
2026,rbs_holdout,4,log_translation_proxy,B6_TSS_accessibility,B7_OSTIR,spearman,0.21379396590526667
7,double_unseen,0,log_translation_proxy,B6_TSS_accessibility,B7_OSTIR,mae_log,-0.07422929257866684
7,double_unseen,1,log_translation_proxy,B6_TSS_accessibility,B7_OSTIR,mae_log,0.05897446081621194
7,double_unseen,2,log_translation_proxy,B6_TSS_accessibility,B7_OSTIR,mae_log,-0.04584396856882322
7,double_unseen,3,log_translation_proxy,B6_TSS_accessibility,B7_OSTIR,mae_log,-0.11412883373131277
7,double_unseen,4,log_translation_proxy,B6_TSS_accessibility,B7_OSTIR,mae_log,0.053736197921467777
7,promoter_holdout,0,log_translation_proxy,B6_TSS_accessibility,B7_OSTIR,mae_log,-0.1060014431219305
7,promoter_holdout,1,log_translation_proxy,B6_TSS_accessibility,B7_OSTIR,mae_log,-0.0846892264415221
7,promoter_holdout,2,log_translation_proxy,B6_TSS_accessibility,B7_OSTIR,mae_log,-0.16477772158039483
7,promoter_holdout,3,log_translation_proxy,B6_TSS_accessibility,B7_OSTIR,mae_log,-0.1314902582572327
7,promoter_holdout,4,log_translation_proxy,B6_TSS_accessibility,B7_OSTIR,mae_log,-0.05971773350127518
7,random,0,log_translation_proxy,B6_TSS_accessibility,B7_OSTIR,mae_log,-0.3341422375077894
7,random,1,log_translation_proxy,B6_TSS_accessibility,B7_OSTIR,mae_log,-0.32844326155392867
7,random,2,log_translation_proxy,B6_TSS_accessibility,B7_OSTIR,mae_log,-0.31285591232675614
7,random,3,log_translation_proxy,B6_TSS_accessibility,B7_OSTIR,mae_log,-0.32768228861098214
7,random,4,log_translation_proxy,B6_TSS_accessibility,B7_OSTIR,mae_log,-0.34476316577293953
7,rbs_holdout,0,log_translation_proxy,B6_TSS_accessibility,B7_OSTIR,mae_log,-0.2969294559830823
7,rbs_holdout,1,log_translation_proxy,B6_TSS_accessibility,B7_OSTIR,mae_log,-0.15902172862597597
7,rbs_holdout,2,log_translation_proxy,B6_TSS_accessibility,B7_OSTIR,mae_log,-0.18296144932628766
7,rbs_holdout,3,log_translation_proxy,B6_TSS_accessibility,B7_OSTIR,mae_log,-0.2275356067384514
7,rbs_holdout,4,log_translation_proxy,B6_TSS_accessibility,B7_OSTIR,mae_log,-0.1959047650107273
42,double_unseen,0,log_translation_proxy,B6_TSS_accessibility,B7_OSTIR,mae_log,0.011268396879669074
42,double_unseen,1,log_translation_proxy,B6_TSS_accessibility,B7_OSTIR,mae_log,-0.14920294657659927
42,double_unseen,2,log_translation_proxy,B6_TSS_accessibility,B7_OSTIR,mae_log,0.020264178158453716
42,double_unseen,3,log_translation_proxy,B6_TSS_accessibility,B7_OSTIR,mae_log,0.07975118203961018
42,double_unseen,4,log_translation_proxy,B6_TSS_accessibility,B7_OSTIR,mae_log,0.09021688421948793
42,promoter_holdout,0,log_translation_proxy,B6_TSS_accessibility,B7_OSTIR,mae_log,-0.11966580319000142
42,promoter_holdout,1,log_translation_proxy,B6_TSS_accessibility,B7_OSTIR,mae_log,-0.21710813460151235
42,promoter_holdout,2,log_translation_proxy,B6_TSS_accessibility,B7_OSTIR,mae_log,-0.09890122927006695
42,promoter_holdout,3,log_translation_proxy,B6_TSS_accessibility,B7_OSTIR,mae_log,-0.1773112002589884
42,promoter_holdout,4,log_translation_proxy,B6_TSS_accessibility,B7_OSTIR,mae_log,-0.020275155698131875
42,random,0,log_translation_proxy,B6_TSS_accessibility,B7_OSTIR,mae_log,-0.33007263881052584
42,random,1,log_translation_proxy,B6_TSS_accessibility,B7_OSTIR,mae_log,-0.3549368614075997
42,random,2,log_translation_proxy,B6_TSS_accessibility,B7_OSTIR,mae_log,-0.3339667174854948
42,random,3,log_translation_proxy,B6_TSS_accessibility,B7_OSTIR,mae_log,-0.3233764915576901
42,random,4,log_translation_proxy,B6_TSS_accessibility,B7_OSTIR,mae_log,-0.3181529705452417
42,rbs_holdout,0,log_translation_proxy,B6_TSS_accessibility,B7_OSTIR,mae_log,-0.24859367299409185
42,rbs_holdout,1,log_translation_proxy,B6_TSS_accessibility,B7_OSTIR,mae_log,-0.25238532563249705
42,rbs_holdout,2,log_translation_proxy,B6_TSS_accessibility,B7_OSTIR,mae_log,-0.152813234802623
42,rbs_holdout,3,log_translation_proxy,B6_TSS_accessibility,B7_OSTIR,mae_log,-0.07886091533177719
42,rbs_holdout,4,log_translation_proxy,B6_TSS_accessibility,B7_OSTIR,mae_log,-0.2613433468786255
123,double_unseen,0,log_translation_proxy,B6_TSS_accessibility,B7_OSTIR,mae_log,0.03209939681665697
123,double_unseen,1,log_translation_proxy,B6_TSS_accessibility,B7_OSTIR,mae_log,-0.10976260599909127
123,double_unseen,2,log_translation_proxy,B6_TSS_accessibility,B7_OSTIR,mae_log,-0.044359804160784555
123,double_unseen,3,log_translation_proxy,B6_TSS_accessibility,B7_OSTIR,mae_log,-0.054640383211155386
123,double_unseen,4,log_translation_proxy,B6_TSS_accessibility,B7_OSTIR,mae_log,0.04754840546783057
123,promoter_holdout,0,log_translation_proxy,B6_TSS_accessibility,B7_OSTIR,mae_log,-0.058359703709493393
123,promoter_holdout,1,log_translation_proxy,B6_TSS_accessibility,B7_OSTIR,mae_log,-0.20838797514550866
123,promoter_holdout,2,log_translation_proxy,B6_TSS_accessibility,B7_OSTIR,mae_log,-0.08436682636177528
123,promoter_holdout,3,log_translation_proxy,B6_TSS_accessibility,B7_OSTIR,mae_log,-0.12423693035202066
123,promoter_holdout,4,log_translation_proxy,B6_TSS_accessibility,B7_OSTIR,mae_log,-0.1252858781166224
123,random,0,log_translation_proxy,B6_TSS_accessibility,B7_OSTIR,mae_log,-0.334883394625481
123,random,1,log_translation_proxy,B6_TSS_accessibility,B7_OSTIR,mae_log,-0.3460123948041298
123,random,2,log_translation_proxy,B6_TSS_accessibility,B7_OSTIR,mae_log,-0.3311364565911027
123,random,3,log_translation_proxy,B6_TSS_accessibility,B7_OSTIR,mae_log,-0.3244347322739066
123,random,4,log_translation_proxy,B6_TSS_accessibility,B7_OSTIR,mae_log,-0.31087567446888
123,rbs_holdout,0,log_translation_proxy,B6_TSS_accessibility,B7_OSTIR,mae_log,-0.24398549571659556
123,rbs_holdout,1,log_translation_proxy,B6_TSS_accessibility,B7_OSTIR,mae_log,-0.15801014713328243
123,rbs_holdout,2,log_translation_proxy,B6_TSS_accessibility,B7_OSTIR,mae_log,-0.27987151202981486
123,rbs_holdout,3,log_translation_proxy,B6_TSS_accessibility,B7_OSTIR,mae_log,-0.23658992253209665
123,rbs_holdout,4,log_translation_proxy,B6_TSS_accessibility,B7_OSTIR,mae_log,-0.12076585095203896
2026,double_unseen,0,log_translation_proxy,B6_TSS_accessibility,B7_OSTIR,mae_log,-0.14701378965125067
2026,double_unseen,1,log_translation_proxy,B6_TSS_accessibility,B7_OSTIR,mae_log,0.07575989448761711
2026,double_unseen,2,log_translation_proxy,B6_TSS_accessibility,B7_OSTIR,mae_log,0.005591588378069723
2026,double_unseen,3,log_translation_proxy,B6_TSS_accessibility,B7_OSTIR,mae_log,-0.009846427694606863
2026,double_unseen,4,log_translation_proxy,B6_TSS_accessibility,B7_OSTIR,mae_log,0.05176390246990481
2026,promoter_holdout,0,log_translation_proxy,B6_TSS_accessibility,B7_OSTIR,mae_log,-0.14708402671441634
2026,promoter_holdout,1,log_translation_proxy,B6_TSS_accessibility,B7_OSTIR,mae_log,-0.13433474089166453
2026,promoter_holdout,2,log_translation_proxy,B6_TSS_accessibility,B7_OSTIR,mae_log,-0.1446418861271549
2026,promoter_holdout,3,log_translation_proxy,B6_TSS_accessibility,B7_OSTIR,mae_log,-0.12244387797854062
2026,promoter_holdout,4,log_translation_proxy,B6_TSS_accessibility,B7_OSTIR,mae_log,-0.08279845321075774
2026,random,0,log_translation_proxy,B6_TSS_accessibility,B7_OSTIR,mae_log,-0.3188113866452822
2026,random,1,log_translation_proxy,B6_TSS_accessibility,B7_OSTIR,mae_log,-0.33970741466774346
2026,random,2,log_translation_proxy,B6_TSS_accessibility,B7_OSTIR,mae_log,-0.3421720762167325
2026,random,3,log_translation_proxy,B6_TSS_accessibility,B7_OSTIR,mae_log,-0.31214863539677773
2026,random,4,log_translation_proxy,B6_TSS_accessibility,B7_OSTIR,mae_log,-0.3354348990582088
2026,rbs_holdout,0,log_translation_proxy,B6_TSS_accessibility,B7_OSTIR,mae_log,-0.32729351438339105
2026,rbs_holdout,1,log_translation_proxy,B6_TSS_accessibility,B7_OSTIR,mae_log,-0.12860845741337967
2026,rbs_holdout,2,log_translation_proxy,B6_TSS_accessibility,B7_OSTIR,mae_log,-0.1709898759214743
2026,rbs_holdout,3,log_translation_proxy,B6_TSS_accessibility,B7_OSTIR,mae_log,-0.214649980927879
2026,rbs_holdout,4,log_translation_proxy,B6_TSS_accessibility,B7_OSTIR,mae_log,-0.1976552600490904
