scenario,target,better_model,comparator_model,metric,n_seeds,mean_seed_delta,sd_across_seeds,min_seed_delta,max_seed_delta,seeds_favoring_better_model
double_unseen,log_prot,B6_TSS_accessibility,B4_sequence_only,mae_log,4,-0.08188118777990752,0.01562604789954843,-0.10220128682372354,-0.06735177230458227,4
double_unseen,log_prot,B6_TSS_accessibility,B4_sequence_only,spearman,4,0.06484050741671009,0.006212855880689417,0.05877314955376021,0.07145492079835321,4
double_unseen,log_prot,B6_TSS_accessibility,Ridge_B6_TSS_accessibility,mae_log,4,-0.047674625586390525,0.017910959598906904,-0.07153665175849928,-0.028533297215330756,4
double_unseen,log_prot,B6_TSS_accessibility,Ridge_B6_TSS_accessibility,spearman,4,-0.008150217622922099,0.029197935631885816,-0.034093514045501316,0.029241291445811002,2
double_unseen,log_translation_proxy,B6_TSS_accessibility,B4_sequence_only,mae_log,4,-0.1080182496290536,0.009429181014275778,-0.121896902908748,-0.10142699186564086,4
double_unseen,log_translation_proxy,B6_TSS_accessibility,B4_sequence_only,spearman,4,0.11131959105803789,0.014489165565919306,0.09886637226135656,0.13037172754609622,4
double_unseen,log_translation_proxy,B6_TSS_accessibility,B7_OSTIR,mae_log,4,-0.011102678225865553,0.017283043528455676,-0.025822998217308733,0.010459538944124325,3
double_unseen,log_translation_proxy,B6_TSS_accessibility,B7_OSTIR,spearman,4,0.035142209438685915,0.012676331194706332,0.02796915248739844,0.05411742570322571,4
double_unseen,log_translation_proxy,B6_TSS_accessibility,Ridge_B6_TSS_accessibility,mae_log,4,0.0064149097381572704,0.012233746746815682,-0.00851412251193322,0.017242010981032528,1
double_unseen,log_translation_proxy,B6_TSS_accessibility,Ridge_B6_TSS_accessibility,spearman,4,-0.0017724449852903278,0.014652998005773696,-0.018923708210522038,0.016476407056700726,2
promoter_holdout,log_prot,B6_TSS_accessibility,B4_sequence_only,mae_log,4,-0.09767332287791115,0.014311310586413334,-0.11609541410137285,-0.08152084840567822,4
promoter_holdout,log_prot,B6_TSS_accessibility,B4_sequence_only,spearman,4,0.07190565429783571,0.010157389696709115,0.06132257905302838,0.08536144969855623,4
promoter_holdout,log_prot,B6_TSS_accessibility,Ridge_B6_TSS_accessibility,mae_log,4,-0.16150455542699643,0.010751797378044431,-0.17126545466222234,-0.14963574059071286,4
promoter_holdout,log_prot,B6_TSS_accessibility,Ridge_B6_TSS_accessibility,spearman,4,0.08939204800879103,0.011821358982427307,0.07977245207809033,0.10510414582008103,4
promoter_holdout,log_translation_proxy,B6_TSS_accessibility,B4_sequence_only,mae_log,4,-0.11735548336114182,0.01104083588692796,-0.13344389564353193,-0.10840028502362517,4
promoter_holdout,log_translation_proxy,B6_TSS_accessibility,B4_sequence_only,spearman,4,0.11856521171159219,0.008826597119518761,0.11228320315355952,0.13132367681789353,4
promoter_holdout,log_translation_proxy,B6_TSS_accessibility,B7_OSTIR,mae_log,4,-0.12059391022645054,0.008078570130896153,-0.1266523046037402,-0.10933527658047107,4
promoter_holdout,log_translation_proxy,B6_TSS_accessibility,B7_OSTIR,spearman,4,0.16546795490285185,0.01050248688494602,0.15960333803690993,0.1811991725463261,4
promoter_holdout,log_translation_proxy,B6_TSS_accessibility,Ridge_B6_TSS_accessibility,mae_log,4,-0.0923188239864853,0.01091655437768108,-0.1024604891807589,-0.07775924353897552,4
promoter_holdout,log_translation_proxy,B6_TSS_accessibility,Ridge_B6_TSS_accessibility,spearman,4,0.11799307405587063,0.005595720948703352,0.11119991702615036,0.12316147757768733,4
random,log_prot,B6_TSS_accessibility,B4_sequence_only,mae_log,4,-0.09106117949576711,0.0016688774551779418,-0.09319649979441251,-0.08913861706278274,4
random,log_prot,B6_TSS_accessibility,B4_sequence_only,spearman,4,0.043666975254015535,0.0008526324119653788,0.04267757626931097,0.04467370247906244,4
random,log_prot,B6_TSS_accessibility,Ridge_B6_TSS_accessibility,mae_log,4,-0.5166528715060518,0.0021657856875905205,-0.5197139516399931,-0.5149564746988899,4
random,log_prot,B6_TSS_accessibility,Ridge_B6_TSS_accessibility,spearman,4,0.25066471543798396,0.0010692997054359296,0.24920236359404963,0.2517483238231564,4
random,log_translation_proxy,B6_TSS_accessibility,B4_sequence_only,mae_log,4,-0.08484473806932283,0.0009763364258946586,-0.08609737937074244,-0.08376459325509074,4
random,log_translation_proxy,B6_TSS_accessibility,B4_sequence_only,spearman,4,0.06413178511402948,0.0014421758886302624,0.06280940356184181,0.06593497834210083,4
random,log_translation_proxy,B6_TSS_accessibility,B7_OSTIR,mae_log,4,-0.33020048051635964,0.001269406943163676,-0.3321011359613104,-0.32946853055270003,4
random,log_translation_proxy,B6_TSS_accessibility,B7_OSTIR,spearman,4,0.36386204598900207,0.001419490789691213,0.3622937566465797,0.36574157180437367,4
random,log_translation_proxy,B6_TSS_accessibility,Ridge_B6_TSS_accessibility,mae_log,4,-0.28891933979950307,0.0012697527533786835,-0.29078602795512787,-0.2879428794267594,4
random,log_translation_proxy,B6_TSS_accessibility,Ridge_B6_TSS_accessibility,spearman,4,0.2866996747942068,0.0012752421040331076,0.2855658817642325,0.2884057469465923,4
rbs_holdout,log_prot,B6_TSS_accessibility,B4_sequence_only,mae_log,4,-0.06537667953980586,0.01909489996120444,-0.08311751388490429,-0.03852008447341262,4
rbs_holdout,log_prot,B6_TSS_accessibility,B4_sequence_only,spearman,4,0.03817374863093342,0.013497387999498931,0.01963927335231188,0.049211161059929995,4
rbs_holdout,log_prot,B6_TSS_accessibility,Ridge_B6_TSS_accessibility,mae_log,4,-0.34078987979006203,0.016674361024422955,-0.3556393457984345,-0.3243204347997163,4
rbs_holdout,log_prot,B6_TSS_accessibility,Ridge_B6_TSS_accessibility,spearman,4,0.17420591002834146,0.010827587849712137,0.16301714686096974,0.18772283804063222,4
rbs_holdout,log_translation_proxy,B6_TSS_accessibility,B4_sequence_only,mae_log,4,-0.07632067682561727,0.006483781025881938,-0.08246200336646445,-0.06787883147705069,4
rbs_holdout,log_translation_proxy,B6_TSS_accessibility,B4_sequence_only,spearman,4,0.06848622233940878,0.014712502522006865,0.05461101309949783,0.0870071104442032,4
rbs_holdout,log_translation_proxy,B6_TSS_accessibility,B7_OSTIR,mae_log,4,-0.20673847591915911,0.005724897067843634,-0.21247060113690494,-0.1987992991279229,4
rbs_holdout,log_translation_proxy,B6_TSS_accessibility,B7_OSTIR,spearman,4,0.2606040559056424,0.01749154235867985,0.245981465123405,0.28154352351425255,4
rbs_holdout,log_translation_proxy,B6_TSS_accessibility,Ridge_B6_TSS_accessibility,mae_log,4,-0.18606497051093512,0.009241589954044005,-0.19451585709121527,-0.1761939421267851,4
rbs_holdout,log_translation_proxy,B6_TSS_accessibility,Ridge_B6_TSS_accessibility,spearman,4,0.2046590354973138,0.016580603261073343,0.18658927438585976,0.22631321322232564,4
