split,target,feature,importance
random,log_prot,gc_promoter,0.16417397558689117
random,log_prot,gc_rbs,0.058642156422138214
random,log_prot,score_minus10,0.11309164762496948
random,log_prot,score_minus35,0.12915140390396118
random,log_prot,spacer_length,0.09666819870471954
random,log_prot,spacer_optimal,0.07314307242631912
random,log_prot,score_sd,0.1382634937763214
random,log_prot,sd_spacing,0.087805837392807
random,log_prot,sd_spacing_optimal,0.0293902438133955
random,log_prot,sd_unpaired_probability,0.029190635308623314
random,log_prot,start_unpaired_probability,0.03103121742606163
random,log_prot,sd_start_opening_energy,0.04944807291030884
random,log_translation_proxy,gc_promoter,0.10393738001585007
random,log_translation_proxy,gc_rbs,0.08445495367050171
random,log_translation_proxy,score_minus10,0.07231976836919785
random,log_translation_proxy,score_minus35,0.09542123973369598
random,log_translation_proxy,spacer_length,0.08352650701999664
random,log_translation_proxy,spacer_optimal,0.03709826245903969
random,log_translation_proxy,score_sd,0.1899910867214203
random,log_translation_proxy,sd_spacing,0.11945763230323792
random,log_translation_proxy,sd_spacing_optimal,0.045500390231609344
random,log_translation_proxy,sd_unpaired_probability,0.03972828388214111
random,log_translation_proxy,start_unpaired_probability,0.052232418209314346
random,log_translation_proxy,sd_start_opening_energy,0.07633206248283386
random,log_RNA,gc_promoter,0.2598876953125
random,log_RNA,gc_rbs,0.010984226129949093
random,log_RNA,score_minus10,0.17792746424674988
random,log_RNA,score_minus35,0.17349529266357422
random,log_RNA,spacer_length,0.15736012160778046
random,log_RNA,spacer_optimal,0.13478009402751923
random,log_RNA,score_sd,0.016223303973674774
random,log_RNA,sd_spacing,0.016064675524830818
random,log_RNA,sd_spacing_optimal,0.023475220426917076
random,log_RNA,sd_unpaired_probability,0.00903417356312275
random,log_RNA,start_unpaired_probability,0.010550561361014843
random,log_RNA,sd_start_opening_energy,0.01021716557443142
promoter_holdout,log_prot,gc_promoter,0.1523323655128479
promoter_holdout,log_prot,gc_rbs,0.05645332112908363
promoter_holdout,log_prot,score_minus10,0.12767750024795532
promoter_holdout,log_prot,score_minus35,0.2341681867837906
promoter_holdout,log_prot,spacer_length,0.06895457953214645
promoter_holdout,log_prot,spacer_optimal,0.03038552589714527
promoter_holdout,log_prot,score_sd,0.12673936784267426
promoter_holdout,log_prot,sd_spacing,0.08418089896440506
promoter_holdout,log_prot,sd_spacing_optimal,0.01753702014684677
promoter_holdout,log_prot,sd_unpaired_probability,0.02745090425014496
promoter_holdout,log_prot,start_unpaired_probability,0.028578603640198708
promoter_holdout,log_prot,sd_start_opening_energy,0.045541658997535706
promoter_holdout,log_translation_proxy,gc_promoter,0.09573614597320557
promoter_holdout,log_translation_proxy,gc_rbs,0.07971132546663284
promoter_holdout,log_translation_proxy,score_minus10,0.11404484510421753
promoter_holdout,log_translation_proxy,score_minus35,0.1171269565820694
promoter_holdout,log_translation_proxy,spacer_length,0.06546681374311447
promoter_holdout,log_translation_proxy,spacer_optimal,0.02627759613096714
promoter_holdout,log_translation_proxy,score_sd,0.1826145499944687
promoter_holdout,log_translation_proxy,sd_spacing,0.11853686720132828
promoter_holdout,log_translation_proxy,sd_spacing_optimal,0.04050687700510025
promoter_holdout,log_translation_proxy,sd_unpaired_probability,0.03808193653821945
promoter_holdout,log_translation_proxy,start_unpaired_probability,0.0442223884165287
promoter_holdout,log_translation_proxy,sd_start_opening_energy,0.07767369598150253
promoter_holdout,log_RNA,gc_promoter,0.21359871327877045
promoter_holdout,log_RNA,gc_rbs,0.009734312072396278
promoter_holdout,log_RNA,score_minus10,0.23428136110305786
promoter_holdout,log_RNA,score_minus35,0.26307979226112366
promoter_holdout,log_RNA,spacer_length,0.11367306858301163
promoter_holdout,log_RNA,spacer_optimal,0.10660618543624878
promoter_holdout,log_RNA,score_sd,0.013479813002049923
promoter_holdout,log_RNA,sd_spacing,0.013656402938067913
promoter_holdout,log_RNA,sd_spacing_optimal,0.010949594900012016
promoter_holdout,log_RNA,sd_unpaired_probability,0.006368926726281643
promoter_holdout,log_RNA,start_unpaired_probability,0.007321650628000498
promoter_holdout,log_RNA,sd_start_opening_energy,0.007250149268656969
rbs_holdout,log_prot,gc_promoter,0.16023583710193634
rbs_holdout,log_prot,gc_rbs,0.06926415860652924
rbs_holdout,log_prot,score_minus10,0.09451564401388168
rbs_holdout,log_prot,score_minus35,0.12988080084323883
rbs_holdout,log_prot,spacer_length,0.09163953363895416
rbs_holdout,log_prot,spacer_optimal,0.07049025595188141
rbs_holdout,log_prot,score_sd,0.13004320859909058
rbs_holdout,log_prot,sd_spacing,0.10369537770748138
rbs_holdout,log_prot,sd_spacing_optimal,0.043935514986515045
rbs_holdout,log_prot,sd_unpaired_probability,0.03034071810543537
rbs_holdout,log_prot,start_unpaired_probability,0.030743496492505074
rbs_holdout,log_prot,sd_start_opening_energy,0.0452154166996479
rbs_holdout,log_translation_proxy,gc_promoter,0.10904178768396378
rbs_holdout,log_translation_proxy,gc_rbs,0.10246358066797256
rbs_holdout,log_translation_proxy,score_minus10,0.07473485916852951
rbs_holdout,log_translation_proxy,score_minus35,0.08907663822174072
rbs_holdout,log_translation_proxy,spacer_length,0.08055268973112106
rbs_holdout,log_translation_proxy,spacer_optimal,0.02820771373808384
rbs_holdout,log_translation_proxy,score_sd,0.17758478224277496
rbs_holdout,log_translation_proxy,sd_spacing,0.13742126524448395
rbs_holdout,log_translation_proxy,sd_spacing_optimal,0.03945285081863403
rbs_holdout,log_translation_proxy,sd_unpaired_probability,0.041752055287361145
rbs_holdout,log_translation_proxy,start_unpaired_probability,0.04892489314079285
rbs_holdout,log_translation_proxy,sd_start_opening_energy,0.07078693062067032
rbs_holdout,log_RNA,gc_promoter,0.25148361921310425
rbs_holdout,log_RNA,gc_rbs,0.010764178819954395
rbs_holdout,log_RNA,score_minus10,0.17390191555023193
rbs_holdout,log_RNA,score_minus35,0.17267239093780518
rbs_holdout,log_RNA,spacer_length,0.15816433727741241
rbs_holdout,log_RNA,spacer_optimal,0.16078661382198334
rbs_holdout,log_RNA,score_sd,0.013936759904026985
rbs_holdout,log_RNA,sd_spacing,0.016223955899477005
rbs_holdout,log_RNA,sd_spacing_optimal,0.014605126343667507
rbs_holdout,log_RNA,sd_unpaired_probability,0.008755792863667011
rbs_holdout,log_RNA,start_unpaired_probability,0.009240138344466686
rbs_holdout,log_RNA,sd_start_opening_energy,0.009465141221880913
double_unseen,log_prot,gc_promoter,0.14166788756847382
double_unseen,log_prot,gc_rbs,0.06477190554141998
double_unseen,log_prot,score_minus10,0.12319593131542206
double_unseen,log_prot,score_minus35,0.21079285442829132
double_unseen,log_prot,spacer_length,0.06519191712141037
double_unseen,log_prot,spacer_optimal,0.030815716832876205
double_unseen,log_prot,score_sd,0.1232571080327034
double_unseen,log_prot,sd_spacing,0.10488951951265335
double_unseen,log_prot,sd_spacing_optimal,0.038781218230724335
double_unseen,log_prot,sd_unpaired_probability,0.028059426695108414
double_unseen,log_prot,start_unpaired_probability,0.02832319401204586
double_unseen,log_prot,sd_start_opening_energy,0.04025337100028992
double_unseen,log_translation_proxy,gc_promoter,0.09491073340177536
double_unseen,log_translation_proxy,gc_rbs,0.08956433832645416
double_unseen,log_translation_proxy,score_minus10,0.11106276512145996
double_unseen,log_translation_proxy,score_minus35,0.10427328944206238
double_unseen,log_translation_proxy,spacer_length,0.05651421472430229
double_unseen,log_translation_proxy,spacer_optimal,0.0390283577144146
double_unseen,log_translation_proxy,score_sd,0.17112486064434052
double_unseen,log_translation_proxy,sd_spacing,0.1381465494632721
double_unseen,log_translation_proxy,sd_spacing_optimal,0.04830264672636986
double_unseen,log_translation_proxy,sd_unpaired_probability,0.040317632257938385
double_unseen,log_translation_proxy,start_unpaired_probability,0.04103163629770279
double_unseen,log_translation_proxy,sd_start_opening_energy,0.06572303175926208
double_unseen,log_RNA,gc_promoter,0.2147463709115982
double_unseen,log_RNA,gc_rbs,0.01034835260361433
double_unseen,log_RNA,score_minus10,0.21118216216564178
double_unseen,log_RNA,score_minus35,0.2670222222805023
double_unseen,log_RNA,spacer_length,0.1165899708867073
double_unseen,log_RNA,spacer_optimal,0.11772506684064865
double_unseen,log_RNA,score_sd,0.012151733040809631
double_unseen,log_RNA,sd_spacing,0.0139189213514328
double_unseen,log_RNA,sd_spacing_optimal,0.013667423278093338
double_unseen,log_RNA,sd_unpaired_probability,0.007231769617646933
double_unseen,log_RNA,start_unpaired_probability,0.007475266233086586
double_unseen,log_RNA,sd_start_opening_energy,0.007940697483718395
