split,target,baseline,n_train,n_test,spearman,mae_log,r2_log
random,log_prot,B0_train_median,9356,2340,,1.6236132166755308,-0.02396876247134161
random,log_prot,B2_measured_component_oracle,9356,2340,0.8711078335222204,0.820726793108493,0.6300491837435023
random,log_prot,B1_additive_promoter_rbs,9356,2340,0.9228178696995912,0.6478888299526261,0.7953013267847528
random,log_prot,B4_sequence_only,9356,2340,0.85423227486767,0.7251653936168698,0.734244341346867
random,log_prot,B3_historical_10_feature_model,9356,2340,0.8603871421225597,0.715174595690149,0.7453834881358752
random,log_prot,B6_TSS_accessibility,9356,2340,0.8987178035592444,0.6443560559903211,0.8009779111997353
random,log_translation_proxy,B0_train_median,9356,2340,,1.0008287965657165,-0.006856743540921029
random,log_translation_proxy,B2_measured_component_oracle,9356,2340,0.6357340116102248,0.740434789867602,0.32090884809841647
random,log_translation_proxy,B1_additive_promoter_rbs,9356,2340,0.8368874795531679,0.5478916997998763,0.6539800468504395
random,log_translation_proxy,B4_sequence_only,9356,2340,0.7545331821766759,0.629479666028831,0.588232439053088
random,log_translation_proxy,B3_historical_10_feature_model,9356,2340,0.7592791407739504,0.622367224830736,0.6062377861835968
random,log_translation_proxy,B6_TSS_accessibility,9356,2340,0.8240723081045029,0.5416311401764213,0.6968544847494522
random,log_RNA,B0_train_median,9356,2340,,1.5568575117666208,-0.044054866069186405
random,log_RNA,B2_measured_component_oracle,9356,2340,0.94600083774078,0.43807576615715577,0.9271048558390791
random,log_RNA,B1_additive_promoter_rbs,9356,2340,0.9774071492352515,0.34202963354666627,0.9502328301343778
random,log_RNA,B4_sequence_only,9356,2340,0.9323169160407502,0.45680225984587114,0.9061883700143614
random,log_RNA,B3_historical_10_feature_model,9356,2340,0.9365124836100619,0.45302857621083115,0.910596352292831
random,log_RNA,B6_TSS_accessibility,9356,2340,0.9419937242889884,0.4345365392932029,0.9172431889300422
promoter_holdout,log_prot,B0_train_median,9359,2337,,1.6449672733373826,-0.01091729018602483
promoter_holdout,log_prot,B2_measured_component_oracle,9359,2337,0.88060429073776,0.794518715210246,0.6730835109890589
promoter_holdout,log_prot,B1_additive_promoter_rbs,9359,2337,0.4467993624043812,1.4597304228516443,0.17980739664216516
promoter_holdout,log_prot,B4_sequence_only,9359,2337,0.5851010668908618,1.3151405086683987,0.18284595970671447
promoter_holdout,log_prot,B3_historical_10_feature_model,9359,2337,0.6035785629642846,1.2749270526724257,0.21167509574749843
promoter_holdout,log_prot,B6_TSS_accessibility,9359,2337,0.6272801754304064,1.2419958647571712,0.2574860452677904
promoter_holdout,log_translation_proxy,B0_train_median,9359,2337,,0.969762365890848,-0.0024029255136956973
promoter_holdout,log_translation_proxy,B2_measured_component_oracle,9359,2337,0.6397109589402051,0.7182442410141814,0.33702380947786426
promoter_holdout,log_translation_proxy,B1_additive_promoter_rbs,9359,2337,0.6374582746630413,0.7178355549730334,0.36100233581332264
promoter_holdout,log_translation_proxy,B4_sequence_only,9359,2337,0.4991738964301338,0.8599112032277018,0.19845520336387157
promoter_holdout,log_translation_proxy,B3_historical_10_feature_model,9359,2337,0.481702651424859,0.8683644517688938,0.1789689375637875
promoter_holdout,log_translation_proxy,B6_TSS_accessibility,9359,2337,0.588561894723312,0.7575454651107737,0.3769069353749732
promoter_holdout,log_RNA,B0_train_median,9359,2337,,1.6669092494688045,-0.036598326192915254
promoter_holdout,log_RNA,B2_measured_component_oracle,9359,2337,0.9518429817336933,0.4167358580210143,0.9378080072550835
promoter_holdout,log_RNA,B1_additive_promoter_rbs,9359,2337,0.09268725425670293,1.674925234791713,-0.0032843312704617933
promoter_holdout,log_RNA,B4_sequence_only,9359,2337,0.5286519627472005,1.6794820785312496,-0.05967469972454564
promoter_holdout,log_RNA,B3_historical_10_feature_model,9359,2337,0.5464490036865257,1.6576654844225325,-0.05049263097197043
promoter_holdout,log_RNA,B6_TSS_accessibility,9359,2337,0.5720054007953936,1.6078788559372843,0.03612537898263446
rbs_holdout,log_prot,B0_train_median,9268,2428,,1.5740367615307802,-0.013547092985969567
rbs_holdout,log_prot,B2_measured_component_oracle,9268,2428,0.8665676487899894,0.8071886470779622,0.6439620347931254
rbs_holdout,log_prot,B1_additive_promoter_rbs,9268,2428,0.6929462169754065,0.9799365488323633,0.5343991203516187
rbs_holdout,log_prot,B4_sequence_only,9268,2428,0.7890215485526988,0.8512776262636484,0.6394441972044727
rbs_holdout,log_prot,B3_historical_10_feature_model,9268,2428,0.791360461962075,0.8521166586152111,0.6466871148477434
rbs_holdout,log_prot,B6_TSS_accessibility,9268,2428,0.8279308212042434,0.7842633457271491,0.6998485280504217
rbs_holdout,log_translation_proxy,B0_train_median,9268,2428,,0.9356719753628855,-0.012330302881794486
rbs_holdout,log_translation_proxy,B2_measured_component_oracle,9268,2428,0.6262345063996496,0.6981400789172029,0.33876429906820504
rbs_holdout,log_translation_proxy,B1_additive_promoter_rbs,9268,2428,0.5475139782932855,0.7688405805196078,0.320463116092892
rbs_holdout,log_translation_proxy,B4_sequence_only,9268,2428,0.6658936282525598,0.7025804059840629,0.44980466630018856
rbs_holdout,log_translation_proxy,B3_historical_10_feature_model,9268,2428,0.676888331094986,0.6823081060715424,0.48779094715950955
rbs_holdout,log_translation_proxy,B6_TSS_accessibility,9268,2428,0.739462609431124,0.611881452131815,0.5889855528861188
rbs_holdout,log_RNA,B0_train_median,9268,2428,,1.5325824530109704,-0.025649859160397748
rbs_holdout,log_RNA,B2_measured_component_oracle,9268,2428,0.9393014925098666,0.4350594097562095,0.9190587983771192
rbs_holdout,log_RNA,B1_additive_promoter_rbs,9268,2428,0.9387114125908436,0.46210304935121077,0.9115139069653531
rbs_holdout,log_RNA,B4_sequence_only,9268,2428,0.9186255863634164,0.5063827085899643,0.8860242163631356
rbs_holdout,log_RNA,B3_historical_10_feature_model,9268,2428,0.9213513413689243,0.5008613064642441,0.8897597567391059
rbs_holdout,log_RNA,B6_TSS_accessibility,9268,2428,0.9228902103095737,0.5003428167183128,0.8901718687113472
double_unseen,log_prot,B0_train_median,7421,490,,1.6222482717406792,-0.007520238176557781
double_unseen,log_prot,B2_measured_component_oracle,7421,490,0.8811923485859168,0.7725154109066095,0.681260189202453
double_unseen,log_prot,B1_additive_promoter_rbs,7421,490,,1.62502657022934,-0.0013905064959069957
double_unseen,log_prot,B4_sequence_only,7421,490,0.5217877757280249,1.3843547173948683,0.08799830484837046
double_unseen,log_prot,B3_historical_10_feature_model,7421,490,0.5523501256102413,1.3208238048531116,0.14763329967169725
double_unseen,log_prot,B6_TSS_accessibility,7421,490,0.5547760636638747,1.353929877049407,0.1366076833569606
double_unseen,log_translation_proxy,B0_train_median,7421,490,,0.9067362876371674,-0.010187883794304131
double_unseen,log_translation_proxy,B2_measured_component_oracle,7421,490,0.6259558562430714,0.6832681498674027,0.3396151029774821
double_unseen,log_translation_proxy,B1_additive_promoter_rbs,7421,490,,0.9048762221461585,-0.0007767332709287533
double_unseen,log_translation_proxy,B4_sequence_only,7421,490,0.38239237059059644,0.9439152037194272,-0.004113458052195762
double_unseen,log_translation_proxy,B3_historical_10_feature_model,7421,490,0.4096454299155395,0.9195268517414198,0.05308895958476145
double_unseen,log_translation_proxy,B6_TSS_accessibility,7421,490,0.49611927936868905,0.840806198012375,0.18743865800889525
double_unseen,log_RNA,B0_train_median,7421,490,,1.663807657522078,-0.022623706174584868
double_unseen,log_RNA,B2_measured_component_oracle,7421,490,0.9455195834426569,0.4239173431810044,0.9252852619142885
double_unseen,log_RNA,B1_additive_promoter_rbs,7421,490,,1.6841128485563919,-0.0003103150853913661
double_unseen,log_RNA,B4_sequence_only,7421,490,0.5025162801474911,1.6985816165786942,-0.10117658124220652
double_unseen,log_RNA,B3_historical_10_feature_model,7421,490,0.5025040564263177,1.6897276782780577,-0.09833498840870769
double_unseen,log_RNA,B6_TSS_accessibility,7421,490,0.5278070245003528,1.6511240041254054,-0.015874659538199776
