scenario,fold,target,feature_group,delta_spearman,permutation_sd_spearman,delta_mae_log,permutation_sd_mae_log,n_test,n_permutations
random,0,log_translation_proxy,promoter_recognition,0.32372049048866086,0.029977096870130802,0.3067412775879651,0.024151205962819458,2335,30
random,0,log_translation_proxy,rbs_recognition,0.36493713820045937,0.03838573756445311,0.34654343280200184,0.02861429652890245,2335,30
random,0,log_translation_proxy,transcript_accessibility,0.18868903462795178,0.011399425595864444,0.21791986818880024,0.009569792813664308,2335,30
random,0,log_prot,promoter_recognition,0.5523656270845941,0.0513959021662683,0.9292810123527685,0.07002498754361153,2335,30
random,0,log_prot,rbs_recognition,0.29641317918193183,0.039072565954519516,0.5404425104015421,0.058191904224874184,2335,30
random,0,log_prot,transcript_accessibility,0.12698624150136525,0.006732747676428866,0.26811410649287226,0.010585128570789885,2335,30
random,1,log_translation_proxy,promoter_recognition,0.3180996923421506,0.028486621726945962,0.30966692906651205,0.021257900854001775,2335,30
random,1,log_translation_proxy,rbs_recognition,0.3492740225358445,0.033627304596050664,0.3330829054115646,0.028179025041835486,2335,30
random,1,log_translation_proxy,transcript_accessibility,0.19666027905098993,0.00720582571729737,0.22985152537494438,0.006718010186394592,2335,30
random,1,log_prot,promoter_recognition,0.5963218694961446,0.04065089944711072,0.9735036640813565,0.05654960870973247,2335,30
random,1,log_prot,rbs_recognition,0.28241238297243465,0.029447288339173868,0.5049840151412901,0.04531189528879007,2335,30
random,1,log_prot,transcript_accessibility,0.1426335465794119,0.005668839005430722,0.28700844842169615,0.009367360029817655,2335,30
random,2,log_translation_proxy,promoter_recognition,0.31830601446250506,0.02955656163333083,0.30685043457797473,0.024200434622137484,2334,30
random,2,log_translation_proxy,rbs_recognition,0.35681134592424274,0.04305013815866797,0.33724154459122874,0.035027038068340455,2334,30
random,2,log_translation_proxy,transcript_accessibility,0.19088780571589206,0.008682379526476042,0.21753881756835428,0.007413952891212153,2334,30
random,2,log_prot,promoter_recognition,0.5855291872652245,0.06370230910120611,0.9575780136154611,0.0846153427427601,2334,30
random,2,log_prot,rbs_recognition,0.3063555176629196,0.024880945348438068,0.5409654091774468,0.04282507321581836,2334,30
random,2,log_prot,transcript_accessibility,0.12923449634877684,0.005734459758642759,0.2641360682104959,0.009507767111806559,2334,30
random,3,log_translation_proxy,promoter_recognition,0.3228692326653152,0.03661875433565649,0.30767940592201043,0.028848161591945358,2334,30
random,3,log_translation_proxy,rbs_recognition,0.3692361388978313,0.03493391523121118,0.33561458489110824,0.027764783386292357,2334,30
random,3,log_translation_proxy,transcript_accessibility,0.19742548262879925,0.006943340386206463,0.2143963729725579,0.006293800530905692,2334,30
random,3,log_prot,promoter_recognition,0.5373667937136805,0.051369618155653995,0.8816819169639563,0.07095799950741978,2334,30
random,3,log_prot,rbs_recognition,0.304686324177293,0.028556708022289698,0.5232633156396694,0.04690952364058309,2334,30
random,3,log_prot,transcript_accessibility,0.13382177004046047,0.0049463643790035,0.25661307883816337,0.008003697570780375,2334,30
random,4,log_translation_proxy,promoter_recognition,0.3225062309041958,0.042297682578092716,0.3167902583683114,0.03355338171821116,2334,30
random,4,log_translation_proxy,rbs_recognition,0.3553660797535289,0.0417274546709112,0.3377245127082042,0.031110524920779224,2334,30
random,4,log_translation_proxy,transcript_accessibility,0.18945134321355628,0.009849298851286678,0.22558618215240367,0.009254644114875513,2334,30
random,4,log_prot,promoter_recognition,0.5917912820192218,0.05942097399253425,0.9522246046537873,0.07990596170242463,2334,30
random,4,log_prot,rbs_recognition,0.29744563208584357,0.03504341448910283,0.5302702380626569,0.05380579350520139,2334,30
random,4,log_prot,transcript_accessibility,0.13635931720768213,0.00508942072946103,0.2822563595332606,0.007262739614021567,2334,30
promoter_holdout,0,log_translation_proxy,promoter_recognition,0.17153445746266655,0.09578229544276379,0.1556016969756067,0.07549563033829822,2332,30
promoter_holdout,0,log_translation_proxy,rbs_recognition,0.2985952771695804,0.026156934472459162,0.27292341590482994,0.02202785425596372,2332,30
promoter_holdout,0,log_translation_proxy,transcript_accessibility,0.14333737551994086,0.007649074778215147,0.154047544011166,0.006186133561043159,2332,30
promoter_holdout,0,log_prot,promoter_recognition,0.37258529111883143,0.13113812503717376,0.5576835030682654,0.19978951811925644,2332,30
promoter_holdout,0,log_prot,rbs_recognition,0.23226357284848284,0.023403878540523112,0.32812990063782715,0.03261218643466745,2332,30
promoter_holdout,0,log_prot,transcript_accessibility,0.09803043947152545,0.005150492874060814,0.15875655556611434,0.006890586191097333,2332,30
promoter_holdout,1,log_translation_proxy,promoter_recognition,0.2688499733584927,0.0708162330950707,0.18796238118863584,0.05259813250378297,2425,30
promoter_holdout,1,log_translation_proxy,rbs_recognition,0.336098955748288,0.032502362298247864,0.291556076112034,0.02357834507771762,2425,30
promoter_holdout,1,log_translation_proxy,transcript_accessibility,0.14451971151478407,0.009104669552240454,0.16279700726996457,0.008186896113914934,2425,30
promoter_holdout,1,log_prot,promoter_recognition,0.5961405536422048,0.12679647200795519,0.9638528122528087,0.1834956842699577,2425,30
promoter_holdout,1,log_prot,rbs_recognition,0.25777388169795606,0.024798836845454527,0.434841490876905,0.038424954468126965,2425,30
promoter_holdout,1,log_prot,transcript_accessibility,0.09436870114440174,0.0037031161803983675,0.1758679638401098,0.006520234605895344,2425,30
promoter_holdout,2,log_translation_proxy,promoter_recognition,0.19664482769620947,0.07396961203998138,0.15252000918118078,0.05997961852713684,2289,30
promoter_holdout,2,log_translation_proxy,rbs_recognition,0.32350300391375647,0.03143127650718785,0.2637647072958019,0.01996613498728566,2289,30
promoter_holdout,2,log_translation_proxy,transcript_accessibility,0.17100229778687798,0.00894644125831176,0.16814915129165317,0.009000186187136678,2289,30
promoter_holdout,2,log_prot,promoter_recognition,0.27716362146680257,0.10904735432714462,0.3840973776425981,0.14733093073733036,2289,30
promoter_holdout,2,log_prot,rbs_recognition,0.2702809566756578,0.022001454979269693,0.36713729581212606,0.02838309692510431,2289,30
promoter_holdout,2,log_prot,transcript_accessibility,0.10519004788975428,0.007460502501778275,0.1422756555983428,0.009971789857427043,2289,30
promoter_holdout,3,log_translation_proxy,promoter_recognition,0.021295628007304293,0.03250967167781122,0.026696856195762706,0.03748900729998167,2296,30
promoter_holdout,3,log_translation_proxy,rbs_recognition,0.4612855657925825,0.051191404840220604,0.33398668408793125,0.03172947221342066,2296,30
promoter_holdout,3,log_translation_proxy,transcript_accessibility,0.2921709144228374,0.01249453644357011,0.23953647934913605,0.009542410898379759,2296,30
promoter_holdout,3,log_prot,promoter_recognition,0.07953244284925368,0.069101676987688,0.09421485683902873,0.08892115677007602,2296,30
promoter_holdout,3,log_prot,rbs_recognition,0.46286519604644366,0.041051952213896986,0.5144174501941544,0.03992441454581968,2296,30
promoter_holdout,3,log_prot,transcript_accessibility,0.23129079159009988,0.009902626238146195,0.26280912863247297,0.01149516842162648,2296,30
promoter_holdout,4,log_translation_proxy,promoter_recognition,0.06003595035095277,0.06632696578621002,0.028394146136510905,0.04878479687613665,2330,30
promoter_holdout,4,log_translation_proxy,rbs_recognition,0.30975847232464176,0.03688743900870891,0.22075400214167057,0.023177290481261128,2330,30
promoter_holdout,4,log_translation_proxy,transcript_accessibility,0.17489820016408772,0.008199917408220915,0.14124303205290026,0.007208708832142474,2330,30
promoter_holdout,4,log_prot,promoter_recognition,0.4269102299431274,0.13318543299352806,0.6211127811923528,0.17956614864404605,2330,30
promoter_holdout,4,log_prot,rbs_recognition,0.22398177984358136,0.019332215449521302,0.35527911514329114,0.0256934906160032,2330,30
promoter_holdout,4,log_prot,transcript_accessibility,0.10375252927102313,0.005574037592211155,0.176896008918388,0.0077720690231972605,2330,30
rbs_holdout,0,log_translation_proxy,promoter_recognition,0.3303474540145642,0.031516832841139375,0.2950931024318693,0.023083325746227568,2428,30
rbs_holdout,0,log_translation_proxy,rbs_recognition,0.2250088292114744,0.07469080700485141,0.19597443091316713,0.0641068762366614,2428,30
rbs_holdout,0,log_translation_proxy,transcript_accessibility,0.18509325303572058,0.0075449465292751604,0.202716668762553,0.006395368336411161,2428,30
rbs_holdout,0,log_prot,promoter_recognition,0.5768589171790919,0.05530616711556422,0.8700061850746847,0.07390486387502115,2428,30
rbs_holdout,0,log_prot,rbs_recognition,0.1964649798615644,0.05165511279917658,0.34584228557459135,0.0926790205153936,2428,30
rbs_holdout,0,log_prot,transcript_accessibility,0.12126008685066622,0.005596811605697775,0.23667446843146578,0.008754052432203598,2428,30
rbs_holdout,1,log_translation_proxy,promoter_recognition,0.3707746951612555,0.03536995542477056,0.2906960534200318,0.02428382484483828,2371,30
rbs_holdout,1,log_translation_proxy,rbs_recognition,0.23461377708647052,0.07598914564325018,0.18965519093529964,0.05788714271359503,2371,30
rbs_holdout,1,log_translation_proxy,transcript_accessibility,0.11440945221148463,0.009891048793011283,0.135645873803613,0.008848746697988928,2371,30
rbs_holdout,1,log_prot,promoter_recognition,0.6192673809558052,0.05425667039802644,0.8757796864921539,0.059388873045516793,2371,30
rbs_holdout,1,log_prot,rbs_recognition,0.216183344022364,0.05439763198047764,0.34282097815784757,0.0813735428188298,2371,30
rbs_holdout,1,log_prot,transcript_accessibility,0.06966873584496948,0.005609051351637942,0.11387343259629049,0.00791692832630039,2371,30
rbs_holdout,2,log_translation_proxy,promoter_recognition,0.36930990850726997,0.04680347418373006,0.289038111812264,0.030702630401307884,2371,30
rbs_holdout,2,log_translation_proxy,rbs_recognition,0.12202757745546099,0.06276671123604013,0.11724653684118154,0.0413396690445733,2371,30
rbs_holdout,2,log_translation_proxy,transcript_accessibility,0.19622259825713667,0.010098441537336758,0.2019118564318538,0.009780304277606226,2371,30
rbs_holdout,2,log_prot,promoter_recognition,0.5880733288826383,0.055779135121812866,0.8177955704321999,0.0642776561188215,2371,30
rbs_holdout,2,log_prot,rbs_recognition,0.1155885858473806,0.05685993347416182,0.1856404590096977,0.08652604450732373,2371,30
rbs_holdout,2,log_prot,transcript_accessibility,0.13033122720826457,0.004859034665769656,0.2190987764119002,0.006511443522285847,2371,30
rbs_holdout,3,log_translation_proxy,promoter_recognition,0.3551525529715034,0.03828887713526623,0.22221382208999074,0.02203382107880059,2245,30
rbs_holdout,3,log_translation_proxy,rbs_recognition,0.1483869602650217,0.10333033083484511,0.08799485925624873,0.06131952405525267,2245,30
rbs_holdout,3,log_translation_proxy,transcript_accessibility,0.09581548786818697,0.010170458763221918,0.07875900590114233,0.006729446397846173,2245,30
rbs_holdout,3,log_prot,promoter_recognition,0.6248823735549066,0.05205231649174993,0.8241493217843129,0.05980564210645001,2245,30
rbs_holdout,3,log_prot,rbs_recognition,0.04597941451032782,0.04513528406738168,0.07140368645674154,0.06713237939419116,2245,30
rbs_holdout,3,log_prot,transcript_accessibility,0.041563313341021015,0.005955224997710067,0.08484045767312853,0.008241875201224555,2245,30
rbs_holdout,4,log_translation_proxy,promoter_recognition,0.30693089176458954,0.026537942286839707,0.2938417038252105,0.02184370165140073,2257,30
rbs_holdout,4,log_translation_proxy,rbs_recognition,0.39344412992715205,0.09612853657523777,0.3387347618443822,0.0705881518188735,2257,30
rbs_holdout,4,log_translation_proxy,transcript_accessibility,0.1635344092291135,0.008446368291201399,0.17006891513178182,0.008132051224759858,2257,30
rbs_holdout,4,log_prot,promoter_recognition,0.5518790223282977,0.04878032368585626,0.8721374761129834,0.06999222693053121,2257,30
rbs_holdout,4,log_prot,rbs_recognition,0.29917173288887333,0.06802108135503729,0.47432297191099726,0.09502966458842237,2257,30
rbs_holdout,4,log_prot,transcript_accessibility,0.0958509570219821,0.006379463746488132,0.17594888504421988,0.010271903893850532,2257,30
double_unseen,0,log_translation_proxy,promoter_recognition,0.16981233492301165,0.08537763327376985,0.11905332733503508,0.0653656473006603,490,30
double_unseen,0,log_translation_proxy,rbs_recognition,0.18133784779764742,0.06159802271030516,0.144760596164196,0.045712753962924714,490,30
double_unseen,0,log_translation_proxy,transcript_accessibility,0.12625548159479819,0.024411123136049567,0.11413020961113013,0.021376623702427953,490,30
double_unseen,0,log_prot,promoter_recognition,0.3732557733421994,0.11034565548073826,0.4992862118487381,0.15905523798449808,490,30
double_unseen,0,log_prot,rbs_recognition,0.12125481158901201,0.04542118679954648,0.1645070659107453,0.06631004485706432,490,30
double_unseen,0,log_prot,transcript_accessibility,0.07605412619990788,0.01186506636895552,0.10630849942787425,0.02047941379328847,490,30
double_unseen,1,log_translation_proxy,promoter_recognition,0.26620538082806333,0.0872401145144021,0.1700637154200969,0.05705845726664544,492,30
double_unseen,1,log_translation_proxy,rbs_recognition,0.19295584435097046,0.053292944150356,0.15611076121757214,0.03795617862752022,492,30
double_unseen,1,log_translation_proxy,transcript_accessibility,0.08414121421155393,0.020404077140065025,0.09956037964226289,0.01618639671640626,492,30
double_unseen,1,log_prot,promoter_recognition,0.6223358957549265,0.13458718603681105,0.8864522608769143,0.17280210724772466,492,30
double_unseen,1,log_prot,rbs_recognition,0.1587734004478875,0.04737814949251792,0.2484216683582554,0.06823864172902498,492,30
double_unseen,1,log_prot,transcript_accessibility,0.042106468236167045,0.013829634962001305,0.07306085818959057,0.02390497246339129,492,30
double_unseen,2,log_translation_proxy,promoter_recognition,0.2533582037996252,0.0851848458647381,0.19071498989343444,0.05280316824046136,465,30
double_unseen,2,log_translation_proxy,rbs_recognition,0.04659018451839657,0.0528120534050153,0.05703711492243858,0.033576093989654915,465,30
double_unseen,2,log_translation_proxy,transcript_accessibility,0.13568854460606275,0.023640796858439016,0.15031989728684741,0.019338946611227276,465,30
double_unseen,2,log_prot,promoter_recognition,0.3002353553608883,0.11014327575543321,0.3906543766576856,0.12331596259046244,465,30
double_unseen,2,log_prot,rbs_recognition,0.0714635275077752,0.0573310132037643,0.11594754211231881,0.07433646505928528,465,30
double_unseen,2,log_prot,transcript_accessibility,0.08430884688120348,0.017429153556530668,0.11957051985081431,0.023050883580698178,465,30
double_unseen,3,log_translation_proxy,promoter_recognition,0.08514059766738706,0.04971857232706968,0.04839059888612581,0.027416077530698992,440,30
double_unseen,3,log_translation_proxy,rbs_recognition,0.1205726691864017,0.10504527944552013,0.05177777332308566,0.05497838808152297,440,30
double_unseen,3,log_translation_proxy,transcript_accessibility,0.14201896614036522,0.03333835748778176,0.09298115929600256,0.016402644609204257,440,30
double_unseen,3,log_prot,promoter_recognition,0.09269213814732631,0.07607706533615738,0.03225253280308729,0.053187669249138515,440,30
double_unseen,3,log_prot,rbs_recognition,0.07339722847008501,0.053653945710608296,0.06923136160108821,0.05245467430427504,440,30
double_unseen,3,log_prot,transcript_accessibility,0.11444706505582287,0.022005889001315743,0.09873994919762892,0.01839467599177643,440,30
double_unseen,4,log_translation_proxy,promoter_recognition,0.06465337529150554,0.055798268691527826,0.03479638641030798,0.04144609423572922,450,30
double_unseen,4,log_translation_proxy,rbs_recognition,0.29980065942676565,0.0927954246568044,0.18329912054189876,0.058498723507281775,450,30
double_unseen,4,log_translation_proxy,transcript_accessibility,0.1254276311985144,0.01751293338227053,0.08846842971566739,0.018149822707623532,450,30
double_unseen,4,log_prot,promoter_recognition,0.4571866811691288,0.1295085200530078,0.6259232616683092,0.17084727103591496,450,30
double_unseen,4,log_prot,rbs_recognition,0.23051016859698745,0.05325258679488563,0.33040877927253626,0.07392865963702207,450,30
double_unseen,4,log_prot,transcript_accessibility,0.06968986391044527,0.012610759153147001,0.10664377468690166,0.020322359173883014,450,30
