scenario,target,left_model,right_model,component_type,n_components,median_component_delta_mae,q25_component_delta_mae,q75_component_delta_mae,fraction_components_left_better,median_fraction_rows_left_better
double_unseen,log_prot,B6_TSS_accessibility,Ridge_B6_TSS_accessibility,promoter,112,0.06711608056300847,-0.2158947127204105,0.20992934448804554,0.6071428571428571,0.5454545454545454
double_unseen,log_translation_proxy,B6_TSS_accessibility,Ridge_B6_TSS_accessibility,promoter,112,-0.004042079397573291,-0.13822419163458857,0.10024655795407196,0.5,0.5
promoter_holdout,log_prot,B6_TSS_accessibility,Ridge_B6_TSS_accessibility,promoter,112,0.22914385680926502,-0.08594699589783097,0.44121069438825705,0.7142857142857143,0.6254085994468193
promoter_holdout,log_translation_proxy,B6_TSS_accessibility,Ridge_B6_TSS_accessibility,promoter,112,0.14172015251148717,-0.037684105689208075,0.22058722897549843,0.7232142857142857,0.5863895141003574
random,log_prot,B6_TSS_accessibility,Ridge_B6_TSS_accessibility,promoter,112,0.4385488165532459,0.29627403375370287,0.6430600780932636,0.9910714285714286,0.7262737262737262
random,log_translation_proxy,B6_TSS_accessibility,Ridge_B6_TSS_accessibility,promoter,112,0.24488174483876612,0.17572499190339083,0.344558565778574,0.9642857142857143,0.7
rbs_holdout,log_prot,B6_TSS_accessibility,Ridge_B6_TSS_accessibility,promoter,112,0.18666475808881372,0.104177411969344,0.41078553947996593,0.9464285714285714,0.6226387678000581
rbs_holdout,log_translation_proxy,B6_TSS_accessibility,Ridge_B6_TSS_accessibility,promoter,112,0.11455880045663774,0.0640160127985939,0.21687743324818437,0.9642857142857143,0.5904545454545455
double_unseen,log_prot,B6_TSS_accessibility,Ridge_B6_TSS_accessibility,rbs,111,0.020792958447690014,-0.14335539036479727,0.19848880394903723,0.5135135135135135,0.5
double_unseen,log_translation_proxy,B6_TSS_accessibility,Ridge_B6_TSS_accessibility,rbs,111,-0.04104824940513482,-0.14136387016565727,0.07279703654460148,0.40540540540540543,0.45454545454545453
promoter_holdout,log_prot,B6_TSS_accessibility,Ridge_B6_TSS_accessibility,rbs,111,0.11282985195601353,0.013495124911098957,0.20333265651740856,0.7837837837837838,0.5636363636363636
promoter_holdout,log_translation_proxy,B6_TSS_accessibility,Ridge_B6_TSS_accessibility,rbs,111,0.023526703202651947,-0.015245992063117018,0.1217553698084211,0.6756756756756757,0.5363636363636364
random,log_prot,B6_TSS_accessibility,Ridge_B6_TSS_accessibility,rbs,111,0.49171316443028873,0.37781656265943586,0.6236471406549564,0.990990990990991,0.7321428571428571
random,log_translation_proxy,B6_TSS_accessibility,Ridge_B6_TSS_accessibility,rbs,111,0.24441925643817758,0.16620542597469332,0.36168304730188994,0.990990990990991,0.6964285714285714
rbs_holdout,log_prot,B6_TSS_accessibility,Ridge_B6_TSS_accessibility,rbs,111,0.38392995821623055,0.16340489772027744,0.541807609521406,0.8828828828828829,0.6796116504854369
rbs_holdout,log_translation_proxy,B6_TSS_accessibility,Ridge_B6_TSS_accessibility,rbs,111,0.16742692756852542,0.06462084338900957,0.28920341166443864,0.8198198198198198,0.64
double_unseen,log_prot,B6_TSS_accessibility,Ridge_B6_TSS_accessibility,promoter_rbs_pair,2337,0.03112405127345852,-0.5267889195183546,0.5777059985641788,0.5156183140778776,1.0
double_unseen,log_translation_proxy,B6_TSS_accessibility,Ridge_B6_TSS_accessibility,promoter_rbs_pair,2337,-0.029129258121558976,-0.3639648780862643,0.3057033131371636,0.4749679075738126,0.0
double_unseen,log_translation_proxy,B6_TSS_accessibility,B7_OSTIR,promoter,112,-0.04135168566882949,-0.18140164572029793,0.10210640783725722,0.4107142857142857,0.43961352657004826
promoter_holdout,log_translation_proxy,B6_TSS_accessibility,B7_OSTIR,promoter,112,0.1489780856868095,-0.028809331641933292,0.27145862809652216,0.7410714285714286,0.5968919482686692
random,log_translation_proxy,B6_TSS_accessibility,B7_OSTIR,promoter,112,0.26575804469096853,0.19120357750409855,0.36901371560741014,0.9642857142857143,0.6745725317153888
rbs_holdout,log_translation_proxy,B6_TSS_accessibility,B7_OSTIR,promoter,112,0.10315586233419663,0.028661806739243272,0.22135729033873325,0.8482142857142857,0.55622009569378
double_unseen,log_translation_proxy,B6_TSS_accessibility,B7_OSTIR,rbs,111,-0.05607242624745499,-0.20491929295868044,0.14808592874687032,0.4594594594594595,0.43478260869565216
promoter_holdout,log_translation_proxy,B6_TSS_accessibility,B7_OSTIR,rbs,111,0.053528892224302856,-0.02827161542085636,0.2352794025700515,0.6396396396396397,0.5357142857142857
random,log_translation_proxy,B6_TSS_accessibility,B7_OSTIR,rbs,111,0.25822065171516456,0.17200361152538596,0.4627126928422951,0.9459459459459459,0.6607142857142857
rbs_holdout,log_translation_proxy,B6_TSS_accessibility,B7_OSTIR,rbs,111,0.19038805213246396,0.0008758410242094923,0.37632937605980665,0.7477477477477478,0.6160714285714286
double_unseen,log_translation_proxy,B6_TSS_accessibility,B7_OSTIR,promoter_rbs_pair,2337,-0.0591443776720304,-0.4781633221908663,0.4077981985038033,0.45656824989302525,0.0
