scenario,target,component_type,n_rows,n_components,marginal_eta_squared,sd_component_mean,median_component_n,q25_component_n,q75_component_n
random,log_translation_proxy,promoter,11672,112,0.34643711951021994,0.7631051645104051,110.0,100.0,111.0
random,log_translation_proxy,rbs,11672,111,0.38507416466682914,0.8172463385798926,111.0,103.0,112.0
random,log_prot,promoter,11672,112,0.5125062620429344,1.3218486870640889,110.0,100.0,111.0
random,log_prot,rbs,11672,111,0.2557786590118553,0.9440417636757561,111.0,103.0,112.0
promoter_holdout,log_translation_proxy,promoter,11672,112,0.34643711951021994,0.7631051645104051,110.0,100.0,111.0
promoter_holdout,log_translation_proxy,rbs,11672,111,0.38507416466682914,0.8172463385798926,111.0,103.0,112.0
promoter_holdout,log_prot,promoter,11672,112,0.5125062620429343,1.3218486870640889,110.0,100.0,111.0
promoter_holdout,log_prot,rbs,11672,111,0.2557786590118553,0.9440417636757561,111.0,103.0,112.0
rbs_holdout,log_translation_proxy,promoter,11672,112,0.34643711951021994,0.7631051645104051,110.0,100.0,111.0
rbs_holdout,log_translation_proxy,rbs,11672,111,0.38507416466682914,0.8172463385798926,111.0,103.0,112.0
rbs_holdout,log_prot,promoter,11672,112,0.5125062620429343,1.3218486870640889,110.0,100.0,111.0
rbs_holdout,log_prot,rbs,11672,111,0.2557786590118553,0.9440417636757561,111.0,103.0,112.0
double_unseen,log_translation_proxy,promoter,2337,112,0.36976598809676964,0.7681654079804145,22.0,20.0,22.0
double_unseen,log_translation_proxy,rbs,2337,111,0.386384573429936,0.7984188095699117,22.0,20.5,23.0
double_unseen,log_prot,promoter,2337,112,0.5604148290324127,1.3850658321902793,22.0,20.0,22.0
double_unseen,log_prot,rbs,2337,111,0.29914853112926926,1.0268737078268342,22.0,20.5,23.0
