scenario,target,baseline_or_delta,metric,n_boot_requested,n_boot_valid,ci_2_5,ci_97_5,bootstrap_median
random,log_translation_proxy,B3_historical_MFE,spearman,1000,1000,0.7563391035608218,0.7733609606174094,0.7649372405293703
random,log_translation_proxy,B3_historical_MFE,mae_log,1000,1000,0.6138856213813295,0.6329087693770052,0.6232007477219772
random,log_translation_proxy,B4_sequence_only,spearman,1000,1000,0.7525710782047593,0.7695926781285076,0.7608777544554073
random,log_translation_proxy,B4_sequence_only,mae_log,1000,1000,0.6184142042808831,0.6380424088085261,0.6281898441254592
random,log_translation_proxy,B6_TSS_accessibility,spearman,1000,1000,0.8188623578693286,0.8333575102214513,0.82650047145858
random,log_translation_proxy,B6_TSS_accessibility,mae_log,1000,1000,0.534077896002427,0.5500282253202052,0.5423295975631885
random,log_translation_proxy,B7_OSTIR,spearman,1000,1000,0.445282064055435,0.4753782522043638,0.4606266286500166
random,log_translation_proxy,B7_OSTIR,mae_log,1000,1000,0.8614178114431509,0.8883192342801269,0.8744533583972164
random,log_translation_proxy,Ridge_B3_historical_MFE,spearman,1000,1000,0.5132962741278477,0.5405723899933279,0.527720162191236
random,log_translation_proxy,Ridge_B3_historical_MFE,mae_log,1000,1000,0.8364258080499624,0.860953693560478,0.848888906422594
random,log_translation_proxy,Ridge_B4_sequence_only,spearman,1000,1000,0.5068325371728511,0.5339789128614436,0.520640536884081
random,log_translation_proxy,Ridge_B4_sequence_only,mae_log,1000,1000,0.8405885844273882,0.8639263177681396,0.852771878727999
random,log_translation_proxy,Ridge_B6_TSS_accessibility,spearman,1000,1000,0.523932597472916,0.5522874100983277,0.5378565784395759
random,log_translation_proxy,Ridge_B6_TSS_accessibility,mae_log,1000,1000,0.8213586387354682,0.8451228671093348,0.8332511405765779
random,log_translation_proxy,DELTA:B6_TSS_accessibility-B4_sequence_only,spearman,1000,1000,0.05471695081553798,0.07607273677209142,0.06545920578241199
random,log_translation_proxy,DELTA:B6_TSS_accessibility-B4_sequence_only,mae_log,1000,1000,-0.09863243166118395,-0.0732374046283703,-0.08573534209629258
random,log_translation_proxy,DELTA:B7_OSTIR-B6_TSS_accessibility,spearman,1000,1000,-0.3823776709130086,-0.34931394569800767,-0.36572566471656903
random,log_translation_proxy,DELTA:B7_OSTIR-B6_TSS_accessibility,mae_log,1000,1000,0.3173677005886094,0.3488195803002611,0.332355824247268
random,log_translation_proxy,DELTA:B4_sequence_only-Ridge_B4_sequence_only,spearman,1000,1000,0.2252841284304586,0.2559763203065875,0.24005012221528443
random,log_translation_proxy,DELTA:B4_sequence_only-Ridge_B4_sequence_only,mae_log,1000,1000,-0.23951979308161084,-0.20869716138922687,-0.22512462574313308
random,log_translation_proxy,DELTA:B3_historical_MFE-Ridge_B3_historical_MFE,spearman,1000,1000,0.22185729252333145,0.25396516934428165,0.23737928276021714
random,log_translation_proxy,DELTA:B3_historical_MFE-Ridge_B3_historical_MFE,mae_log,1000,1000,-0.24067180383585612,-0.21101765399717498,-0.22574438710211625
random,log_translation_proxy,DELTA:B6_TSS_accessibility-Ridge_B6_TSS_accessibility,spearman,1000,1000,0.27255476944000645,0.3043433749355365,0.2889613024848734
random,log_translation_proxy,DELTA:B6_TSS_accessibility-Ridge_B6_TSS_accessibility,mae_log,1000,1000,-0.30469021436303234,-0.27606808912924163,-0.2907647423153101
random,log_prot,B3_historical_MFE,spearman,1000,1000,0.8524126903267467,0.8634358360988563,0.8578723217398523
random,log_prot,B3_historical_MFE,mae_log,1000,1000,0.7137859001194315,0.7359800062127908,0.7246861497049877
random,log_prot,B4_sequence_only,spearman,1000,1000,0.8477136421003414,0.859187866582983,0.8535945495971974
random,log_prot,B4_sequence_only,mae_log,1000,1000,0.7191481164871351,0.7419798555573299,0.7304707440287066
random,log_prot,B6_TSS_accessibility,spearman,1000,1000,0.8921047372469314,0.9001726287818437,0.8962147881367939
random,log_prot,B6_TSS_accessibility,mae_log,1000,1000,0.6312806348464733,0.6490420387268967,0.6396026347784105
random,log_prot,Ridge_B3_historical_MFE,spearman,1000,1000,0.6216662010105797,0.644850069921338,0.6335703653410836
random,log_prot,Ridge_B3_historical_MFE,mae_log,1000,1000,1.1617855353938955,1.1914644867295767,1.1769562070126454
random,log_prot,Ridge_B4_sequence_only,spearman,1000,1000,0.6216347220374095,0.6441121372614437,0.63270184102323
random,log_prot,Ridge_B4_sequence_only,mae_log,1000,1000,1.1633446830142633,1.1930011113279277,1.178259476613035
random,log_prot,Ridge_B6_TSS_accessibility,spearman,1000,1000,0.635606244236479,0.656923768777934,0.6469943369822864
random,log_prot,Ridge_B6_TSS_accessibility,mae_log,1000,1000,1.139908322478539,1.169149987074116,1.1543591303884195
random,log_prot,DELTA:B6_TSS_accessibility-B4_sequence_only,spearman,1000,1000,0.035844562520764525,0.04960480997176053,0.04269547404930624
random,log_prot,DELTA:B6_TSS_accessibility-B4_sequence_only,mae_log,1000,1000,-0.10459883397398385,-0.07588414727668727,-0.09067167366890438
random,log_prot,DELTA:B4_sequence_only-Ridge_B4_sequence_only,spearman,1000,1000,0.20760437510949029,0.23316107909366404,0.2209178019071833
random,log_prot,DELTA:B4_sequence_only-Ridge_B4_sequence_only,mae_log,1000,1000,-0.46754734870790554,-0.42958680800452054,-0.4478981112622524
random,log_prot,DELTA:B3_historical_MFE-Ridge_B3_historical_MFE,spearman,1000,1000,0.21141780930378593,0.23788095011727872,0.22390800843399883
random,log_prot,DELTA:B3_historical_MFE-Ridge_B3_historical_MFE,mae_log,1000,1000,-0.4707581764823589,-0.43428057020396,-0.4521678680219906
random,log_prot,DELTA:B6_TSS_accessibility-Ridge_B6_TSS_accessibility,spearman,1000,1000,0.23845348768331842,0.2614444337324149,0.2493034531139976
random,log_prot,DELTA:B6_TSS_accessibility-Ridge_B6_TSS_accessibility,mae_log,1000,1000,-0.5316928957477064,-0.496395819966431,-0.5149076887051709
promoter_holdout,log_translation_proxy,B3_historical_MFE,spearman,1000,1000,0.45846151997908424,0.5888331965210452,0.5212638421469249
promoter_holdout,log_translation_proxy,B3_historical_MFE,mae_log,1000,1000,0.8084643851770621,0.9179923007305283,0.8640190244311254
promoter_holdout,log_translation_proxy,B4_sequence_only,spearman,1000,1000,0.4534921831643156,0.5837050375564582,0.5166242510857935
promoter_holdout,log_translation_proxy,B4_sequence_only,mae_log,1000,1000,0.8096042527586094,0.9227823613394237,0.8660696378787882
promoter_holdout,log_translation_proxy,B6_TSS_accessibility,spearman,1000,1000,0.5816387718678989,0.6829186898367867,0.6343960062172078
promoter_holdout,log_translation_proxy,B6_TSS_accessibility,mae_log,1000,1000,0.7027329484410804,0.8046561356218336,0.7519994812047994
promoter_holdout,log_translation_proxy,B7_OSTIR,spearman,1000,1000,0.386444983665884,0.49957701259815906,0.44998594001124415
promoter_holdout,log_translation_proxy,B7_OSTIR,mae_log,1000,1000,0.826004933679413,0.9490722657940935,0.8801248901778529
promoter_holdout,log_translation_proxy,Ridge_B3_historical_MFE,spearman,1000,1000,0.4502388375985964,0.5453768347254843,0.499408976055415
promoter_holdout,log_translation_proxy,Ridge_B3_historical_MFE,mae_log,1000,1000,0.820585730031985,0.9120152578466093,0.8661305109934628
promoter_holdout,log_translation_proxy,Ridge_B4_sequence_only,spearman,1000,1000,0.4470155072552173,0.5431580797389146,0.4950907847200583
promoter_holdout,log_translation_proxy,Ridge_B4_sequence_only,mae_log,1000,1000,0.8228843667371561,0.9186356840064928,0.869086138794285
promoter_holdout,log_translation_proxy,Ridge_B6_TSS_accessibility,spearman,1000,1000,0.4687053735464601,0.555088484692577,0.5102729682301003
promoter_holdout,log_translation_proxy,Ridge_B6_TSS_accessibility,mae_log,1000,1000,0.806207095347526,0.9027031349875921,0.8526394641269084
promoter_holdout,log_translation_proxy,DELTA:B6_TSS_accessibility-B4_sequence_only,spearman,1000,1000,0.08473083541867071,0.1490562992900727,0.11660106497045103
promoter_holdout,log_translation_proxy,DELTA:B6_TSS_accessibility-B4_sequence_only,mae_log,1000,1000,-0.13700743556632966,-0.08827575772535962,-0.11256678437253381
promoter_holdout,log_translation_proxy,DELTA:B7_OSTIR-B6_TSS_accessibility,spearman,1000,1000,-0.2673610608205197,-0.10949599316891084,-0.1829818780921277
promoter_holdout,log_translation_proxy,DELTA:B7_OSTIR-B6_TSS_accessibility,mae_log,1000,1000,0.0701192814709682,0.18955496975626349,0.12665325980591224
promoter_holdout,log_translation_proxy,DELTA:B4_sequence_only-Ridge_B4_sequence_only,spearman,1000,1000,-0.03753029502831974,0.07981673726835735,0.022309401966401105
promoter_holdout,log_translation_proxy,DELTA:B4_sequence_only-Ridge_B4_sequence_only,mae_log,1000,1000,-0.052049574699911984,0.043721799189030915,-0.002425217035301519
promoter_holdout,log_translation_proxy,DELTA:B3_historical_MFE-Ridge_B3_historical_MFE,spearman,1000,1000,-0.030898117364696054,0.07119923386596572,0.022368679030465438
promoter_holdout,log_translation_proxy,DELTA:B3_historical_MFE-Ridge_B3_historical_MFE,mae_log,1000,1000,-0.051529184497506,0.04514684177786938,-0.00294829845600858
promoter_holdout,log_translation_proxy,DELTA:B6_TSS_accessibility-Ridge_B6_TSS_accessibility,spearman,1000,1000,0.07149667196576825,0.17056131240964537,0.12267044607502692
promoter_holdout,log_translation_proxy,DELTA:B6_TSS_accessibility-Ridge_B6_TSS_accessibility,mae_log,1000,1000,-0.14152275928174485,-0.054543662306040845,-0.09954190617620728
promoter_holdout,log_prot,B3_historical_MFE,spearman,1000,1000,0.5775632761372993,0.7216217696767405,0.6519567642145738
promoter_holdout,log_prot,B3_historical_MFE,mae_log,1000,1000,0.9965135889664476,1.1976508644655914,1.0967083548084946
promoter_holdout,log_prot,B4_sequence_only,spearman,1000,1000,0.5710978124536724,0.7177606461460938,0.6461171009701578
promoter_holdout,log_prot,B4_sequence_only,mae_log,1000,1000,0.9984427990969789,1.2146880239973414,1.1074281884167996
promoter_holdout,log_prot,B6_TSS_accessibility,spearman,1000,1000,0.6370851451776476,0.7690577061516667,0.703821496554047
promoter_holdout,log_prot,B6_TSS_accessibility,mae_log,1000,1000,0.9167073968501706,1.131046704381901,1.025983529227629
promoter_holdout,log_prot,Ridge_B3_historical_MFE,spearman,1000,1000,0.5508883456258418,0.6678044891023931,0.6144764073903158
promoter_holdout,log_prot,Ridge_B3_historical_MFE,mae_log,1000,1000,1.143678349263263,1.2683066083823082,1.2036266497610257
promoter_holdout,log_prot,Ridge_B4_sequence_only,spearman,1000,1000,0.5532290500716212,0.670422566896499,0.617482923563841
promoter_holdout,log_prot,Ridge_B4_sequence_only,mae_log,1000,1000,1.140863691947833,1.2654843707711738,1.2005416450746949
promoter_holdout,log_prot,Ridge_B6_TSS_accessibility,spearman,1000,1000,0.565654289752044,0.6785556641638032,0.6238086333594546
promoter_holdout,log_prot,Ridge_B6_TSS_accessibility,mae_log,1000,1000,1.1252870417404386,1.2465197835616428,1.185287153157746
promoter_holdout,log_prot,DELTA:B6_TSS_accessibility-B4_sequence_only,spearman,1000,1000,0.041023472664024,0.08118866259275653,0.05877195466277868
promoter_holdout,log_prot,DELTA:B6_TSS_accessibility-B4_sequence_only,mae_log,1000,1000,-0.1083457315074777,-0.05457601482443724,-0.08029669809506496
promoter_holdout,log_prot,DELTA:B4_sequence_only-Ridge_B4_sequence_only,spearman,1000,1000,-0.03190261448209387,0.08774709628272243,0.030540862499926547
promoter_holdout,log_prot,DELTA:B4_sequence_only-Ridge_B4_sequence_only,mae_log,1000,1000,-0.20164898842873447,0.01145732784742289,-0.09133160998210144
promoter_holdout,log_prot,DELTA:B3_historical_MFE-Ridge_B3_historical_MFE,spearman,1000,1000,-0.01649278768928093,0.09228013020688337,0.03893437553618073
promoter_holdout,log_prot,DELTA:B3_historical_MFE-Ridge_B3_historical_MFE,mae_log,1000,1000,-0.2097060482692475,-0.008124376668689117,-0.10496026958926863
promoter_holdout,log_prot,DELTA:B6_TSS_accessibility-Ridge_B6_TSS_accessibility,spearman,1000,1000,0.02268450016849293,0.13614507609609325,0.08186124609347756
promoter_holdout,log_prot,DELTA:B6_TSS_accessibility-Ridge_B6_TSS_accessibility,mae_log,1000,1000,-0.2625026330532012,-0.05825438020561836,-0.15862331066704716
rbs_holdout,log_translation_proxy,B3_historical_MFE,spearman,1000,1000,0.5413821054871564,0.6888084526310706,0.6194011827012437
rbs_holdout,log_translation_proxy,B3_historical_MFE,mae_log,1000,1000,0.7085445915835702,0.8034017347966936,0.7533508811939635
rbs_holdout,log_translation_proxy,B4_sequence_only,spearman,1000,1000,0.5355410169950944,0.685848446170728,0.6146687415801213
rbs_holdout,log_translation_proxy,B4_sequence_only,mae_log,1000,1000,0.7127800527182353,0.8135137638150551,0.7591729830669574
rbs_holdout,log_translation_proxy,B6_TSS_accessibility,spearman,1000,1000,0.6325766613334076,0.7510022066993178,0.697243139377443
rbs_holdout,log_translation_proxy,B6_TSS_accessibility,mae_log,1000,1000,0.6341139636097188,0.7285386238822492,0.6777911669094281
rbs_holdout,log_translation_proxy,B7_OSTIR,spearman,1000,1000,0.3785763573668206,0.5192541544905346,0.4540492082592272
rbs_holdout,log_translation_proxy,B7_OSTIR,mae_log,1000,1000,0.8227657610269941,0.9411554063786169,0.8785953429875757
rbs_holdout,log_translation_proxy,Ridge_B3_historical_MFE,spearman,1000,1000,0.4297441020142394,0.567084734212309,0.5005071127063291
rbs_holdout,log_translation_proxy,Ridge_B3_historical_MFE,mae_log,1000,1000,0.8184830977269737,0.9180178528114876,0.8641405731989045
rbs_holdout,log_translation_proxy,Ridge_B4_sequence_only,spearman,1000,1000,0.4250944297430968,0.5609698000239063,0.4970615107968048
rbs_holdout,log_translation_proxy,Ridge_B4_sequence_only,mae_log,1000,1000,0.8232510552687907,0.9210976143259286,0.8675028318826132
rbs_holdout,log_translation_proxy,Ridge_B6_TSS_accessibility,spearman,1000,1000,0.43375519307213645,0.5716569217081049,0.503310175242401
rbs_holdout,log_translation_proxy,Ridge_B6_TSS_accessibility,mae_log,1000,1000,0.8061501514385965,0.9122860751440354,0.8536137045572181
rbs_holdout,log_translation_proxy,DELTA:B6_TSS_accessibility-B4_sequence_only,spearman,1000,1000,0.04382913069674203,0.1264617116354601,0.08152716402536686
rbs_holdout,log_translation_proxy,DELTA:B6_TSS_accessibility-B4_sequence_only,mae_log,1000,1000,-0.11306675979880863,-0.04932866313695566,-0.08117785575432468
rbs_holdout,log_translation_proxy,DELTA:B7_OSTIR-B6_TSS_accessibility,spearman,1000,1000,-0.3233844191505554,-0.16297621575064322,-0.24354089534542767
rbs_holdout,log_translation_proxy,DELTA:B7_OSTIR-B6_TSS_accessibility,mae_log,1000,1000,0.1369205988478669,0.25742378906524443,0.20013302023453083
rbs_holdout,log_translation_proxy,DELTA:B4_sequence_only-Ridge_B4_sequence_only,spearman,1000,1000,0.05704247708354937,0.17419925190276986,0.11572221345616465
rbs_holdout,log_translation_proxy,DELTA:B4_sequence_only-Ridge_B4_sequence_only,mae_log,1000,1000,-0.16190979008745202,-0.06043242931657623,-0.108353640980828
rbs_holdout,log_translation_proxy,DELTA:B3_historical_MFE-Ridge_B3_historical_MFE,spearman,1000,1000,0.060236322822645176,0.17548041009359225,0.1178178937394121
rbs_holdout,log_translation_proxy,DELTA:B3_historical_MFE-Ridge_B3_historical_MFE,mae_log,1000,1000,-0.1628031641757044,-0.06369862749729392,-0.11183195426908865
rbs_holdout,log_translation_proxy,DELTA:B6_TSS_accessibility-Ridge_B6_TSS_accessibility,spearman,1000,1000,0.14091894252687617,0.2447303140728431,0.1932234815549394
rbs_holdout,log_translation_proxy,DELTA:B6_TSS_accessibility-Ridge_B6_TSS_accessibility,mae_log,1000,1000,-0.21761369850759343,-0.13814407160657602,-0.17656082356939728
rbs_holdout,log_prot,B3_historical_MFE,spearman,1000,1000,0.697015002820415,0.7879098452296661,0.7483070292223288
rbs_holdout,log_prot,B3_historical_MFE,mae_log,1000,1000,0.8560117486130314,1.0075165874162613,0.9272280890516705
rbs_holdout,log_prot,B4_sequence_only,spearman,1000,1000,0.6878355363572233,0.7806476076541726,0.7393989762382625
rbs_holdout,log_prot,B4_sequence_only,mae_log,1000,1000,0.8637031900585717,1.0207522400958355,0.9370702594065012
rbs_holdout,log_prot,B6_TSS_accessibility,spearman,1000,1000,0.7443719360000549,0.8174725829489745,0.7843606382539907
rbs_holdout,log_prot,B6_TSS_accessibility,mae_log,1000,1000,0.7989598069313651,0.931753058927062,0.8629564799466733
rbs_holdout,log_prot,Ridge_B3_historical_MFE,spearman,1000,1000,0.582462091091849,0.6431141409427378,0.6153500954855701
rbs_holdout,log_prot,Ridge_B3_historical_MFE,mae_log,1000,1000,1.1595655351533547,1.2453063915976519,1.1994457329485293
rbs_holdout,log_prot,Ridge_B4_sequence_only,spearman,1000,1000,0.5822163690167661,0.6430042475400044,0.615037310491749
rbs_holdout,log_prot,Ridge_B4_sequence_only,mae_log,1000,1000,1.1596352718851928,1.246791678187193,1.1998629224830264
rbs_holdout,log_prot,Ridge_B6_TSS_accessibility,spearman,1000,1000,0.5812377465323598,0.656561907489354,0.6217901474614762
rbs_holdout,log_prot,Ridge_B6_TSS_accessibility,mae_log,1000,1000,1.1363500930511057,1.24261085399669,1.1852738751768963
rbs_holdout,log_prot,DELTA:B6_TSS_accessibility-B4_sequence_only,spearman,1000,1000,0.0212794408961775,0.07377159662193558,0.04569132687241212
rbs_holdout,log_prot,DELTA:B6_TSS_accessibility-B4_sequence_only,mae_log,1000,1000,-0.11734882931799305,-0.030199696927978935,-0.07340228922409658
rbs_holdout,log_prot,DELTA:B4_sequence_only-Ridge_B4_sequence_only,spearman,1000,1000,0.0838646861393459,0.16116782279443218,0.12413928603577579
rbs_holdout,log_prot,DELTA:B4_sequence_only-Ridge_B4_sequence_only,mae_log,1000,1000,-0.33297277083053173,-0.18955249494173143,-0.2634966864959725
rbs_holdout,log_prot,DELTA:B3_historical_MFE-Ridge_B3_historical_MFE,spearman,1000,1000,0.09357236115072276,0.1659526135135376,0.1327382497415749
rbs_holdout,log_prot,DELTA:B3_historical_MFE-Ridge_B3_historical_MFE,mae_log,1000,1000,-0.3386931705862481,-0.20377447322641462,-0.27361435041540744
rbs_holdout,log_prot,DELTA:B6_TSS_accessibility-Ridge_B6_TSS_accessibility,spearman,1000,1000,0.126368440536636,0.1966032534180027,0.16236178271632534
rbs_holdout,log_prot,DELTA:B6_TSS_accessibility-Ridge_B6_TSS_accessibility,mae_log,1000,1000,-0.37829042450080347,-0.26313833311036383,-0.32225486991081315
double_unseen,log_translation_proxy,B3_historical_MFE,spearman,1000,1000,0.22758630644334568,0.4562566818559448,0.3465528048135006
double_unseen,log_translation_proxy,B3_historical_MFE,mae_log,1000,1000,0.8936314802080662,1.0462334655853092,0.9681073765664212
double_unseen,log_translation_proxy,B4_sequence_only,spearman,1000,1000,0.2097961810075787,0.445232313040044,0.33076127724336957
double_unseen,log_translation_proxy,B4_sequence_only,mae_log,1000,1000,0.9023131074955367,1.061906019485857,0.9819813217228267
double_unseen,log_translation_proxy,B6_TSS_accessibility,spearman,1000,1000,0.3412401939137013,0.5390926709441748,0.4491775236429161
double_unseen,log_translation_proxy,B6_TSS_accessibility,mae_log,1000,1000,0.8046432742851911,0.9540883729375043,0.8777807862415743
double_unseen,log_translation_proxy,B7_OSTIR,spearman,1000,1000,0.3259456319707144,0.5360472834386114,0.4291961427687748
double_unseen,log_translation_proxy,B7_OSTIR,mae_log,1000,1000,0.775697592109574,0.9657857815075339,0.8703056012588002
double_unseen,log_translation_proxy,Ridge_B3_historical_MFE,spearman,1000,1000,0.3618796231925478,0.5475631700935667,0.46247370174277336
double_unseen,log_translation_proxy,Ridge_B3_historical_MFE,mae_log,1000,1000,0.7904262089609039,0.9462633359607471,0.8656288265304612
double_unseen,log_translation_proxy,Ridge_B4_sequence_only,spearman,1000,1000,0.3616406929032181,0.5446934496431081,0.46067660876755306
double_unseen,log_translation_proxy,Ridge_B4_sequence_only,mae_log,1000,1000,0.7902720100064506,0.9458911156792803,0.8660170235517395
double_unseen,log_translation_proxy,Ridge_B6_TSS_accessibility,spearman,1000,1000,0.35456110779398603,0.5419649070741446,0.45640453065755615
double_unseen,log_translation_proxy,Ridge_B6_TSS_accessibility,mae_log,1000,1000,0.788769644287488,0.941883465988569,0.8633135162935597
double_unseen,log_translation_proxy,DELTA:B6_TSS_accessibility-B4_sequence_only,spearman,1000,1000,0.05982382163243542,0.18037805332444232,0.1156695273694989
double_unseen,log_translation_proxy,DELTA:B6_TSS_accessibility-B4_sequence_only,mae_log,1000,1000,-0.15020796105100753,-0.05880021782193886,-0.1040633316232712
double_unseen,log_translation_proxy,DELTA:B7_OSTIR-B6_TSS_accessibility,spearman,1000,1000,-0.167008913779808,0.13763961133086083,-0.016121613046484767
double_unseen,log_translation_proxy,DELTA:B7_OSTIR-B6_TSS_accessibility,mae_log,1000,1000,-0.09109050937530808,0.07863542392882439,-0.008575787922397937
double_unseen,log_translation_proxy,DELTA:B4_sequence_only-Ridge_B4_sequence_only,spearman,1000,1000,-0.229744074740138,-0.03788702002727881,-0.12918133418332062
double_unseen,log_translation_proxy,DELTA:B4_sequence_only-Ridge_B4_sequence_only,mae_log,1000,1000,0.04505939130191848,0.1780745160186178,0.11675392393480516
double_unseen,log_translation_proxy,DELTA:B3_historical_MFE-Ridge_B3_historical_MFE,spearman,1000,1000,-0.20535898520994073,-0.028095871418496624,-0.11629542965996875
double_unseen,log_translation_proxy,DELTA:B3_historical_MFE-Ridge_B3_historical_MFE,mae_log,1000,1000,0.03655880135875228,0.1650063617167515,0.10380147543244483
double_unseen,log_translation_proxy,DELTA:B6_TSS_accessibility-Ridge_B6_TSS_accessibility,spearman,1000,1000,-0.09041276813074388,0.07568350678207696,-0.010749254238561878
double_unseen,log_translation_proxy,DELTA:B6_TSS_accessibility-Ridge_B6_TSS_accessibility,mae_log,1000,1000,-0.04746690128109801,0.07276169092492203,0.016129320594127527
double_unseen,log_prot,B3_historical_MFE,spearman,1000,1000,0.4129041031530333,0.6432544796758005,0.5424318971380699
double_unseen,log_prot,B3_historical_MFE,mae_log,1000,1000,1.1103060799283486,1.381848062613112,1.2371230902730521
double_unseen,log_prot,B4_sequence_only,spearman,1000,1000,0.3938627532627022,0.6296598614901798,0.5274946157041565
double_unseen,log_prot,B4_sequence_only,mae_log,1000,1000,1.125335103427013,1.4042299768625994,1.2556300121443766
double_unseen,log_prot,B6_TSS_accessibility,spearman,1000,1000,0.46513934835899284,0.6759159091869358,0.5868707143784477
double_unseen,log_prot,B6_TSS_accessibility,mae_log,1000,1000,1.0649496453012048,1.332741669112111,1.1888996789095843
double_unseen,log_prot,Ridge_B3_historical_MFE,spearman,1000,1000,0.4972067142532392,0.6745358004195082,0.5959827502138161
double_unseen,log_prot,Ridge_B3_historical_MFE,mae_log,1000,1000,1.1325957771715296,1.3215431834228768,1.223429124504745
double_unseen,log_prot,Ridge_B4_sequence_only,spearman,1000,1000,0.5013009905313194,0.6761438807571821,0.5988914986803302
double_unseen,log_prot,Ridge_B4_sequence_only,mae_log,1000,1000,1.1255986403257592,1.319064968959213,1.218875522696897
double_unseen,log_prot,Ridge_B6_TSS_accessibility,spearman,1000,1000,0.49991769589213547,0.6730275669825,0.5937869155344645
double_unseen,log_prot,Ridge_B6_TSS_accessibility,mae_log,1000,1000,1.131207929600738,1.3192355299363836,1.2221092978024228
double_unseen,log_prot,DELTA:B6_TSS_accessibility-B4_sequence_only,spearman,1000,1000,0.017164667195680453,0.10492376809912575,0.05592557863158365
double_unseen,log_prot,DELTA:B6_TSS_accessibility-B4_sequence_only,mae_log,1000,1000,-0.12120608217773753,-0.014823231627018216,-0.06575682887235357
double_unseen,log_prot,DELTA:B4_sequence_only-Ridge_B4_sequence_only,spearman,1000,1000,-0.16249662941617146,0.0044227810318137285,-0.07063290767541963
double_unseen,log_prot,DELTA:B4_sequence_only-Ridge_B4_sequence_only,mae_log,1000,1000,-0.08031457027013328,0.16075323832086016,0.03692091052859581
double_unseen,log_prot,DELTA:B3_historical_MFE-Ridge_B3_historical_MFE,spearman,1000,1000,-0.13209885976240568,0.012179971648672634,-0.05334926278695201
double_unseen,log_prot,DELTA:B3_historical_MFE-Ridge_B3_historical_MFE,mae_log,1000,1000,-0.10041743302388581,0.13330617212860885,0.014922762329718009
double_unseen,log_prot,DELTA:B6_TSS_accessibility-Ridge_B6_TSS_accessibility,spearman,1000,1000,-0.08247195607839557,0.0585886113667217,-0.009229429237022135
double_unseen,log_prot,DELTA:B6_TSS_accessibility-Ridge_B6_TSS_accessibility,mae_log,1000,1000,-0.14282396793596355,0.08593853867774463,-0.03132008507261419
