scenario,target,baseline,component_type,n_components,n_rows,median_component_mae,q25_component_mae,q75_component_mae,max_component_mae,median_component_bias,fraction_components_underpredicting
random,log_translation_proxy,B6_TSS_accessibility,promoter,112,11672,0.5345912976253271,0.45518513484894096,0.6090654433590282,0.8754533819627195,-0.02047673477469348,0.4732142857142857
random,log_translation_proxy,Ridge_B6_TSS_accessibility,promoter,112,11672,0.782142549123845,0.6875272876797962,0.93824159939052,1.804837245397468,-0.09493588688631321,0.44642857142857145
random,log_translation_proxy,B7_OSTIR,promoter,112,11672,0.7902884157365926,0.680521391521729,0.922731208024092,2.5232159067635878,-0.09014249449020774,0.42857142857142855
random,log_prot,B6_TSS_accessibility,promoter,112,11672,0.6263051421084,0.5106446477414153,0.7507516744905898,1.3013345202097035,0.019100333554129843,0.5267857142857143
random,log_prot,Ridge_B6_TSS_accessibility,promoter,112,11672,1.1093564716967372,0.9482392087013851,1.3081046033141,2.2584455777714383,0.12005877220141464,0.5535714285714286
promoter_holdout,log_translation_proxy,B6_TSS_accessibility,promoter,112,11672,0.682400580421193,0.5723379750139598,0.8873881670299332,1.9382195869804664,-0.054345999101437684,0.4375
promoter_holdout,log_translation_proxy,Ridge_B6_TSS_accessibility,promoter,112,11672,0.796106356605595,0.6815398910836594,0.9413769988277622,2.0184080810314806,-0.11502626182601267,0.41964285714285715
promoter_holdout,log_translation_proxy,B7_OSTIR,promoter,112,11672,0.783189239322492,0.6914911107477815,0.9479075100004931,2.5699673028747014,-0.09100055571023763,0.41964285714285715
promoter_holdout,log_prot,B6_TSS_accessibility,promoter,112,11672,0.8062075938471067,0.6410900750734311,1.2457358832831726,3.425042091055841,0.08442121311919527,0.5178571428571429
promoter_holdout,log_prot,Ridge_B6_TSS_accessibility,promoter,112,11672,1.1053388083602096,0.9673943386032136,1.3309803684507568,2.520740337805019,0.15354334914374543,0.5714285714285714
rbs_holdout,log_translation_proxy,B6_TSS_accessibility,promoter,112,11672,0.6789928211181171,0.5960567511334393,0.7670791100976576,1.035114325498593,-0.029936286034145648,0.42857142857142855
rbs_holdout,log_translation_proxy,Ridge_B6_TSS_accessibility,promoter,112,11672,0.8073803906342288,0.7153627834307097,0.9680632498720033,1.8553102965360408,-0.11976789876109423,0.4107142857142857
rbs_holdout,log_translation_proxy,B7_OSTIR,promoter,112,11672,0.7961895383555072,0.6863795618539508,0.9276202672977085,2.525630098634442,-0.08754044730086369,0.42857142857142855
rbs_holdout,log_prot,B6_TSS_accessibility,promoter,112,11672,0.8919994090394017,0.7750372335013429,1.0094250481829825,1.4277670022193711,0.03328531274693242,0.5625
rbs_holdout,log_prot,Ridge_B6_TSS_accessibility,promoter,112,11672,1.1442313310697805,0.9841804438443477,1.3296563344405758,2.2371575067531992,0.11211784252871193,0.5535714285714286
double_unseen,log_translation_proxy,B6_TSS_accessibility,promoter,112,2337,0.8224115220044559,0.6892507420057963,0.9799237677480706,1.979096021611117,0.007919022147438115,0.5
double_unseen,log_translation_proxy,Ridge_B6_TSS_accessibility,promoter,112,2337,0.8040423901324589,0.7002105747250262,0.9634768969368288,1.9142316111374837,-0.02196007474245789,0.48214285714285715
double_unseen,log_translation_proxy,B7_OSTIR,promoter,112,2337,0.7961925701352847,0.662875223227036,0.9566208128205944,2.624932428535964,-0.0998137816058367,0.42857142857142855
double_unseen,log_prot,B6_TSS_accessibility,promoter,112,2337,1.0541704774857448,0.8938528723923276,1.3854020735272021,3.6300913715528362,-0.0006949161771400642,0.5
double_unseen,log_prot,Ridge_B6_TSS_accessibility,promoter,112,2337,1.1591549714852092,0.9862489059488981,1.366581901214105,2.602032945620015,0.03672622639436529,0.5178571428571429
random,log_translation_proxy,B6_TSS_accessibility,rbs,111,11672,0.5189133383901525,0.45130869255049205,0.602633670501241,0.9810387545544664,0.009689179950735325,0.5135135135135135
random,log_translation_proxy,Ridge_B6_TSS_accessibility,rbs,111,11672,0.7671410008469012,0.6321572365952657,0.9393701810612649,1.9788392923791642,0.06205665516985719,0.5405405405405406
random,log_translation_proxy,B7_OSTIR,rbs,111,11672,0.8127448002363451,0.6622181169060501,0.9764172399467079,2.302203563377084,0.01109449746246477,0.5045045045045045
random,log_prot,B6_TSS_accessibility,rbs,111,11672,0.6033641025789018,0.5532756506910683,0.6838067129602435,1.1126658793788826,0.0280941112882406,0.5585585585585585
random,log_prot,Ridge_B6_TSS_accessibility,rbs,111,11672,1.1191221765401362,1.0150769785020048,1.2311523598836356,2.0334899886174345,0.08683316457693237,0.5405405405405406
promoter_holdout,log_translation_proxy,B6_TSS_accessibility,rbs,111,11672,0.6986578744970501,0.6500456916255297,0.8486952649166215,1.211445726902986,-0.01068571477997128,0.4864864864864865
promoter_holdout,log_translation_proxy,Ridge_B6_TSS_accessibility,rbs,111,11672,0.7760116000763145,0.6703769825222923,0.9440735703444756,1.9944271372973843,0.05954582450036203,0.5315315315315315
promoter_holdout,log_translation_proxy,B7_OSTIR,rbs,111,11672,0.8172110777438082,0.6680848309227183,0.9810868372885908,2.3128069663902795,0.01073834967581701,0.5135135135135135
promoter_holdout,log_prot,B6_TSS_accessibility,rbs,111,11672,1.0335005868661526,0.979105652732396,1.0941506026799077,1.365495934077847,-0.002052606727887986,0.4954954954954955
promoter_holdout,log_prot,Ridge_B6_TSS_accessibility,rbs,111,11672,1.1505470384323069,1.048989948205906,1.2565555976719696,2.0174472884174963,0.07320554327276114,0.5405405405405406
rbs_holdout,log_translation_proxy,B6_TSS_accessibility,rbs,111,11672,0.5840878045429232,0.49880760606661967,0.8140934017733819,1.6754004907435356,0.0789216162614215,0.5675675675675675
rbs_holdout,log_translation_proxy,Ridge_B6_TSS_accessibility,rbs,111,11672,0.7658599288595381,0.6649035377268535,0.9606253165577044,2.4035680309454315,0.10502469621091241,0.5225225225225225
rbs_holdout,log_translation_proxy,B7_OSTIR,rbs,111,11672,0.815566601498852,0.6700248856027924,0.9780302537894353,2.3201201233233366,0.02515940711379559,0.5225225225225225
rbs_holdout,log_prot,B6_TSS_accessibility,rbs,111,11672,0.7265844077627747,0.5881049512095419,1.0713777521347145,2.1427370812385926,0.09842522472105542,0.6036036036036037
rbs_holdout,log_prot,Ridge_B6_TSS_accessibility,rbs,111,11672,1.1367746541390529,1.01497510845102,1.262008521497777,2.799858872134063,0.06317429922885429,0.5405405405405406
double_unseen,log_translation_proxy,B6_TSS_accessibility,rbs,111,2337,0.809973888113352,0.6916126220071712,1.0378643832423884,1.9692321081394317,0.049698353277350726,0.5405405405405406
double_unseen,log_translation_proxy,Ridge_B6_TSS_accessibility,rbs,111,2337,0.8116435978556542,0.6512134251223136,0.9842163660969794,2.4831233061899574,0.03864578069262226,0.5225225225225225
double_unseen,log_translation_proxy,B7_OSTIR,rbs,111,2337,0.8167256646907899,0.6550846641589305,0.9943390355434838,2.6544714967669467,0.0726016060404827,0.5405405405405406
double_unseen,log_prot,B6_TSS_accessibility,rbs,111,2337,1.1259473501162778,0.9633535222219969,1.3732072257942503,2.4149904644326865,0.046357701166271775,0.5495495495495496
double_unseen,log_prot,Ridge_B6_TSS_accessibility,rbs,111,2337,1.165119142115374,1.0451684642632824,1.340895624137851,2.6347872401400365,0.019037681162176776,0.5225225225225225
double_unseen,log_translation_proxy,B6_TSS_accessibility,promoter_rbs_pair,2337,2337,0.7431329431072182,0.3592691582862866,1.2518440838787734,5.339194377010058,0.05860097584782942,0.5216089002995293
double_unseen,log_translation_proxy,Ridge_B6_TSS_accessibility,promoter_rbs_pair,2337,2337,0.71086123834794,0.3272841945271754,1.2172662907744307,5.384179465313119,0.05613929213091495,0.5224646983311938
double_unseen,log_translation_proxy,B7_OSTIR,promoter_rbs_pair,2337,2337,0.6954929327751866,0.30147528622612363,1.220504733150836,5.358365308419398,0.0775607002749279,0.537441163885323
double_unseen,log_prot,B6_TSS_accessibility,promoter_rbs_pair,2337,2337,0.9754380695324105,0.43754715527573573,1.711413303994366,5.048634920761991,0.05354199704524021,0.5156183140778776
double_unseen,log_prot,Ridge_B6_TSS_accessibility,promoter_rbs_pair,2337,2337,1.1065820811383187,0.5521658823713249,1.7748845860393434,4.392286820358488,0.02373058110357462,0.5074882327770646
