scenario,fold,target,baseline,row_index,benchmark_row_id,promoter_id,rbs_id,actual,predicted,residual,ostir_expression,selected_alpha,absolute_residual,error_direction
random,4,log_translation_proxy,B7_OSTIR,2349,2352,apFAB312,B0034_RBS,16.29168422991533,10.881757764421453,5.409926465493879,24492.115,,5.409926465493879,underprediction
promoter_holdout,0,log_translation_proxy,B7_OSTIR,2349,2352,apFAB312,B0034_RBS,16.29168422991533,10.905293592103773,5.386390637811557,24492.115,,5.386390637811557,underprediction
double_unseen,0,log_translation_proxy,Ridge_B6_TSS_accessibility,2349,2352,apFAB312,B0034_RBS,16.29168422991533,10.90750476460221,5.384179465313119,24492.115,1000.0,5.384179465313119,underprediction
rbs_holdout,0,log_translation_proxy,B7_OSTIR,2349,2352,apFAB312,B0034_RBS,16.29168422991533,10.919154756872548,5.372529473042782,24492.115,,5.372529473042782,underprediction
promoter_holdout,0,log_translation_proxy,B6_TSS_accessibility,2349,2352,apFAB312,B0034_RBS,16.29168422991533,10.92021656036377,5.37146766955156,24492.115,,5.37146766955156,underprediction
double_unseen,0,log_translation_proxy,B7_OSTIR,2349,2352,apFAB312,B0034_RBS,16.29168422991533,10.933318921495932,5.358365308419398,24492.115,,5.358365308419398,underprediction
rbs_holdout,0,log_translation_proxy,Ridge_B6_TSS_accessibility,2349,2352,apFAB312,B0034_RBS,16.29168422991533,10.936785576440522,5.354898653474807,24492.115,1000.0,5.354898653474807,underprediction
double_unseen,0,log_translation_proxy,B6_TSS_accessibility,2349,2352,apFAB312,B0034_RBS,16.29168422991533,10.952489852905272,5.339194377010056,24492.115,,5.339194377010056,underprediction
random,4,log_translation_proxy,B6_TSS_accessibility,2349,2352,apFAB312,B0034_RBS,16.29168422991533,10.981348991394045,5.3103352385212865,24492.115,,5.3103352385212865,underprediction
promoter_holdout,0,log_translation_proxy,Ridge_B6_TSS_accessibility,2349,2352,apFAB312,B0034_RBS,16.29168422991533,11.107257830355833,5.184426399559499,24492.115,100.0,5.184426399559499,underprediction
rbs_holdout,1,log_translation_proxy,B7_OSTIR,9707,9725,apFAB341,GSG_RBS,5.906643659741585,11.08472520892792,-5.178081549186336,36078.4737,,5.178081549186336,overprediction
promoter_holdout,4,log_translation_proxy,B7_OSTIR,9707,9725,apFAB341,GSG_RBS,5.906643659741585,11.082464928700514,-5.175821268958929,36078.4737,,5.175821268958929,overprediction
random,4,log_translation_proxy,Ridge_B6_TSS_accessibility,2349,2352,apFAB312,B0034_RBS,16.29168422991533,11.120949129116346,5.170735100798984,24492.115,31.622776601683793,5.170735100798984,underprediction
random,2,log_translation_proxy,B7_OSTIR,9707,9725,apFAB341,GSG_RBS,5.906643659741585,11.025832037710655,-5.119188377969071,36078.4737,,5.119188377969071,overprediction
double_unseen,0,log_prot,B6_TSS_accessibility,6143,6153,BBa_J23100,apFAB863,11.978068266556669,6.929433345794678,5.048634920761989,562.9498,,5.048634920761989,underprediction
rbs_holdout,4,log_prot,Ridge_B6_TSS_accessibility,7881,7895,apFAB66,DeadRBS,6.995798703455095,12.023407642997087,-5.027608939541994,348.3335,1e-05,5.027608939541994,overprediction
promoter_holdout,4,log_translation_proxy,B7_OSTIR,683,683,BBa_J23103,DeadRBS,10.92671793670568,5.903468140500052,5.023249796205628,0.0187,,5.023249796205628,underprediction
rbs_holdout,0,log_translation_proxy,B6_TSS_accessibility,2349,2352,apFAB312,B0034_RBS,16.29168422991533,11.352699279785156,4.938984950130173,24492.115,,4.938984950130173,underprediction
double_unseen,0,log_prot,B6_TSS_accessibility,6170,6180,BBa_J23100,BBa_J61108,11.484205951359364,6.547576427459717,4.936629523899647,850.5605,,4.936629523899647,underprediction
random,0,log_translation_proxy,B7_OSTIR,683,683,BBa_J23103,DeadRBS,10.92671793670568,5.9973006364539465,4.929417300251734,0.0187,,4.929417300251734,underprediction
double_unseen,4,log_prot,B6_TSS_accessibility,5198,5207,BBa_J23102,salis-3-3,12.006037218802453,7.090150833129883,4.91588638567257,39650.6199,,4.91588638567257,underprediction
rbs_holdout,2,log_prot,Ridge_B6_TSS_accessibility,10484,10505,apFAB81,BBa_J61110,7.191128585314967,12.101846548089554,-4.910717962774587,56.2041,100.0,4.910717962774587,overprediction
promoter_holdout,3,log_translation_proxy,B7_OSTIR,10399,10420,apFAB81,BBa_J61107,4.7612436094355015,9.661045718039995,-4.899802108604494,570.1334,,4.899802108604494,overprediction
double_unseen,2,log_prot,B6_TSS_accessibility,8930,8947,BBa_J23119,apFAB833,12.233172148534909,7.35056209564209,4.882610052892817,479.7093,,4.882610052892817,underprediction
promoter_holdout,0,log_prot,B6_TSS_accessibility,6154,6164,BBa_J23100,BBa_J61100,12.20032828256254,7.342133522033691,4.858194760528848,1970.3141,,4.858194760528848,underprediction
rbs_holdout,1,log_translation_proxy,B7_OSTIR,9236,9253,apFAB40,GSG_RBS,6.45767310035878,11.2988393634528,-4.84116626309402,65741.7423,,4.84116626309402,overprediction
promoter_holdout,4,log_translation_proxy,B7_OSTIR,9236,9253,apFAB40,GSG_RBS,6.45767310035878,11.29718621601258,-4.8395131156538005,65741.7423,,4.8395131156538005,overprediction
random,3,log_translation_proxy,B7_OSTIR,10399,10420,apFAB81,BBa_J61107,4.7612436094355015,9.59472446625173,-4.833480856816228,570.1334,,4.833480856816228,overprediction
rbs_holdout,0,log_translation_proxy,B7_OSTIR,10399,10420,apFAB81,BBa_J61107,4.7612436094355015,9.594312053232702,-4.833068443797201,570.1334,,4.833068443797201,overprediction
promoter_holdout,3,log_translation_proxy,B7_OSTIR,10033,10052,apFAB79,Alon_RBS,5.09226818329411,9.90694662789407,-4.81467844459996,1203.7996,,4.81467844459996,overprediction
promoter_holdout,0,log_prot,B6_TSS_accessibility,536,536,BBa_J23117,B0034_RBS,7.16570422196096,11.961091995239258,-4.795387773278298,5356.2054,,4.795387773278298,overprediction
random,1,log_translation_proxy,B7_OSTIR,9236,9253,apFAB40,GSG_RBS,6.45767310035878,11.245651290253916,-4.787978189895136,65741.7423,,4.787978189895136,overprediction
double_unseen,4,log_translation_proxy,B7_OSTIR,683,683,BBa_J23103,DeadRBS,10.92671793670568,6.1482446392356565,4.778473297470024,0.0187,,4.778473297470024,underprediction
double_unseen,4,log_translation_proxy,B7_OSTIR,10714,10737,apFAB54,DeadRBS,4.963109086076411,9.732748008191583,-4.769638922115172,817.2075,,4.769638922115172,overprediction
rbs_holdout,0,log_translation_proxy,B7_OSTIR,10033,10052,apFAB79,Alon_RBS,5.09226818329411,9.85763189214367,-4.76536370884956,1203.7996,,4.76536370884956,overprediction
promoter_holdout,4,log_translation_proxy,B7_OSTIR,10714,10737,apFAB54,DeadRBS,4.963109086076411,9.727100937038347,-4.763991850961936,817.2075,,4.763991850961936,overprediction
random,3,log_translation_proxy,B7_OSTIR,10033,10052,apFAB79,Alon_RBS,5.09226818329411,9.853621163067658,-4.761352979773547,1203.7996,,4.761352979773547,overprediction
rbs_holdout,1,log_translation_proxy,B7_OSTIR,5208,5217,apFAB82,GSG_RBS,5.885127011401206,10.642222622614485,-4.757095611213277,10439.7279,,4.757095611213277,overprediction
random,3,log_translation_proxy,B7_OSTIR,10714,10737,apFAB54,DeadRBS,4.963109086076411,9.719440410374592,-4.756331324298181,817.2075,,4.756331324298181,overprediction
rbs_holdout,4,log_translation_proxy,B7_OSTIR,10714,10737,apFAB54,DeadRBS,4.963109086076411,9.714057723376412,-4.7509486373000005,817.2075,,4.7509486373000005,overprediction
rbs_holdout,4,log_prot,Ridge_B6_TSS_accessibility,10465,10486,apFAB81,BBa_J61122,7.185780323711034,11.935118009694095,-4.749337685983063,507.3131,1e-05,4.749337685983063,overprediction
promoter_holdout,0,log_prot,B6_TSS_accessibility,502,502,BBa_J23117,B0030_RBS,7.30017798282377,12.04870891571045,-4.74853093288668,10158.3494,,4.74853093288668,overprediction
promoter_holdout,3,log_translation_proxy,B7_OSTIR,5208,5217,apFAB82,GSG_RBS,5.885127011401206,10.617680109176002,-4.732553097774796,10439.7279,,4.732553097774796,overprediction
random,4,log_prot,Ridge_B6_TSS_accessibility,10484,10505,apFAB81,BBa_J61110,7.191128585314967,11.916573302182378,-4.725444716867411,56.2041,1e-05,4.725444716867411,overprediction
double_unseen,0,log_prot,B6_TSS_accessibility,551,551,BBa_J23117,salis-4-4,7.0494486339612354,11.773412704467772,-4.723964070506538,14585.7319,,4.723964070506538,overprediction
rbs_holdout,4,log_translation_proxy,B7_OSTIR,683,683,BBa_J23103,DeadRBS,10.92671793670568,6.205627203776222,4.721090732929458,0.0187,,4.721090732929458,underprediction
random,4,log_translation_proxy,B7_OSTIR,5208,5217,apFAB82,GSG_RBS,5.885127011401206,10.589641957052615,-4.704514945651411,10439.7279,,4.704514945651411,overprediction
promoter_holdout,4,log_prot,B6_TSS_accessibility,5139,5148,BBa_J23102,apFAB837,12.192133513722364,7.488140106201172,4.703993407521191,1615.2396,,4.703993407521191,underprediction
promoter_holdout,2,log_prot,B6_TSS_accessibility,8894,8911,BBa_J23119,apFAB916,12.158082085228283,7.454475402832031,4.703606682396254,839.8435,,4.703606682396254,underprediction
promoter_holdout,4,log_prot,B6_TSS_accessibility,5123,5132,BBa_J23102,apFAB917,12.083594354055451,7.392080783843994,4.691513570211459,2902.4004,,4.691513570211459,underprediction
promoter_holdout,4,log_translation_proxy,B7_OSTIR,352,352,apFAB109,DeadRBS,12.83938731682563,8.152942998477169,4.68644431834846,10.0434,,4.68644431834846,underprediction
promoter_holdout,3,log_translation_proxy,B7_OSTIR,11323,11347,apFAB96,BBa_J61139,4.808176760172191,9.491017648369576,-4.682840888197385,340.0536,,4.682840888197385,overprediction
double_unseen,2,log_prot,B6_TSS_accessibility,8852,8869,BBa_J23119,BBa_J61127,12.236221079729868,7.563316345214844,4.672904734515024,146.797,,4.672904734515024,underprediction
promoter_holdout,3,log_prot,Ridge_B6_TSS_accessibility,10484,10505,apFAB81,BBa_J61110,7.191128585314967,11.848765178505468,-4.657636593190501,56.2041,1e-05,4.657636593190501,overprediction
rbs_holdout,1,log_prot,Ridge_B6_TSS_accessibility,10418,10439,apFAB81,BBa_J61112,7.101262450991243,11.750981040231425,-4.64971858924018,131.0472,100.0,4.64971858924018,overprediction
double_unseen,2,log_prot,B6_TSS_accessibility,8869,8886,BBa_J23119,BBa_J61129,11.740851174881412,7.094820976257324,4.6460301986240875,165.5144,,4.6460301986240875,underprediction
rbs_holdout,4,log_prot,Ridge_B6_TSS_accessibility,9132,9149,apFAB56,DeadRBS,6.95527406858026,11.600874611330468,-4.645600542750208,183.6662,1e-05,4.645600542750208,overprediction
promoter_holdout,0,log_prot,B6_TSS_accessibility,6170,6180,BBa_J23100,BBa_J61108,11.484205951359364,6.849060535430908,4.635145415928456,850.5605,,4.635145415928456,underprediction
double_unseen,2,log_prot,B6_TSS_accessibility,8892,8909,BBa_J23119,apFAB912,12.230937299081724,7.595973491668701,4.634963807413023,715.6602,,4.634963807413023,underprediction
double_unseen,0,log_prot,B6_TSS_accessibility,6159,6169,BBa_J23100,apFAB826,11.016803018721603,6.382037162780762,4.634765855940843,634.7289,,4.634765855940843,underprediction
random,4,log_translation_proxy,B7_OSTIR,352,352,apFAB109,DeadRBS,12.83938731682563,8.210033211136595,4.629354105689034,10.0434,,4.629354105689034,underprediction
promoter_holdout,2,log_prot,B6_TSS_accessibility,8952,8969,BBa_J23119,apFAB860,11.601090536199736,6.984216690063477,4.616873846136258,274.0047,,4.616873846136258,underprediction
rbs_holdout,1,log_translation_proxy,B7_OSTIR,11323,11347,apFAB96,BBa_J61139,4.808176760172191,9.420324702601938,-4.612147942429747,340.0536,,4.612147942429747,overprediction
promoter_holdout,3,log_translation_proxy,Ridge_B6_TSS_accessibility,10033,10052,apFAB79,Alon_RBS,5.09226818329411,9.70251592882562,-4.6102477455315105,1203.7996,1000.0,4.6102477455315105,overprediction
double_unseen,0,log_prot,B6_TSS_accessibility,6103,6113,BBa_J23100,apFAB889,12.171706520571744,7.572328567504883,4.59937795306686,11770.849,,4.59937795306686,underprediction
promoter_holdout,3,log_prot,Ridge_B6_TSS_accessibility,10418,10439,apFAB81,BBa_J61112,7.101262450991243,11.69464541589872,-4.593382964907478,131.0472,1e-05,4.593382964907478,overprediction
random,3,log_prot,Ridge_B6_TSS_accessibility,10465,10486,apFAB81,BBa_J61122,7.185780323711034,11.778020139496334,-4.5922398157853,507.3131,1e-05,4.5922398157853,overprediction
rbs_holdout,4,log_prot,Ridge_B6_TSS_accessibility,10296,10317,apFAB67,DeadRBS,7.03516980164114,11.62635871513219,-4.59118891349105,76.4757,1e-05,4.59118891349105,overprediction
random,0,log_translation_proxy,B7_OSTIR,11323,11347,apFAB96,BBa_J61139,4.808176760172191,9.399123678824392,-4.5909469186522,340.0536,,4.5909469186522,overprediction
random,2,log_prot,Ridge_B6_TSS_accessibility,10418,10439,apFAB81,BBa_J61112,7.101262450991243,11.689852743605892,-4.588590292614649,131.0472,1e-05,4.588590292614649,overprediction
double_unseen,4,log_translation_proxy,B7_OSTIR,352,352,apFAB109,DeadRBS,12.83938731682563,8.257037673467565,4.582349643358064,10.0434,,4.582349643358064,underprediction
random,2,log_prot,Ridge_B6_TSS_accessibility,10403,10424,apFAB81,BBa_J61111,7.177909376382183,11.75725905268671,-4.579349676304527,71.4505,1e-05,4.579349676304527,overprediction
promoter_holdout,4,log_prot,B6_TSS_accessibility,5171,5180,BBa_J23102,apFAB889,12.13136624843212,7.553128242492676,4.578238005939445,11770.849,,4.578238005939445,underprediction
promoter_holdout,0,log_prot,B6_TSS_accessibility,480,480,BBa_J23117,Invitrogen_RBS,7.075025205223664,11.645511627197266,-4.570486421973602,3449.496,,4.570486421973602,overprediction
rbs_holdout,4,log_translation_proxy,B7_OSTIR,352,352,apFAB109,DeadRBS,12.83938731682563,8.269665950369594,4.569721366456035,10.0434,,4.569721366456035,underprediction
rbs_holdout,0,log_translation_proxy,Ridge_B6_TSS_accessibility,10033,10052,apFAB79,Alon_RBS,5.09226818329411,9.657731643798195,-4.565463460504087,1203.7996,1000.0,4.565463460504087,overprediction
rbs_holdout,4,log_translation_proxy,Ridge_B6_TSS_accessibility,11500,11524,pT7A1,DeadRBS,4.778446258111214,9.341743104758716,-4.563296846647501,23.5334,316.22776601683796,4.563296846647501,overprediction
promoter_holdout,3,log_prot,Ridge_B6_TSS_accessibility,10465,10486,apFAB81,BBa_J61122,7.185780323711034,11.74706384708725,-4.561283523376217,507.3131,1e-05,4.561283523376217,overprediction
random,0,log_translation_proxy,B7_OSTIR,8163,8177,apFAB76,BBa_J61101,4.797679022876574,9.357501470241903,-4.559822447365329,301.5982,,4.559822447365329,overprediction
rbs_holdout,2,log_translation_proxy,B7_OSTIR,8163,8177,apFAB76,BBa_J61101,4.797679022876574,9.347736658914602,-4.550057636038028,301.5982,,4.550057636038028,overprediction
promoter_holdout,4,log_translation_proxy,B7_OSTIR,10660,10683,apFAB92,BBa_J61109,4.984140852060181,9.527862967430154,-4.543722115369974,468.3067,,4.543722115369974,overprediction
random,3,log_translation_proxy,B7_OSTIR,10660,10683,apFAB92,BBa_J61109,4.984140852060181,9.526569088961905,-4.542428236901724,468.3067,,4.542428236901724,overprediction
promoter_holdout,0,log_prot,B6_TSS_accessibility,551,551,BBa_J23117,salis-4-4,7.0494486339612354,11.590941429138184,-4.541492795176948,14585.7319,,4.541492795176948,overprediction
rbs_holdout,0,log_translation_proxy,B7_OSTIR,10660,10683,apFAB92,BBa_J61109,4.984140852060181,9.524992269745342,-4.540851417685161,468.3067,,4.540851417685161,overprediction
promoter_holdout,3,log_prot,Ridge_B6_TSS_accessibility,10403,10424,apFAB81,BBa_J61111,7.177909376382183,11.714372442158645,-4.536463065776462,71.4505,1e-05,4.536463065776462,overprediction
rbs_holdout,4,log_prot,Ridge_B6_TSS_accessibility,10403,10424,apFAB81,BBa_J61111,7.177909376382183,11.708147730628372,-4.5302383542461895,71.4505,1e-05,4.5302383542461895,overprediction
rbs_holdout,4,log_translation_proxy,B7_OSTIR,11612,11636,apFAB46,DeadRBS,4.647767857776717,9.1766068306756,-4.528838972898884,159.0241,,4.528838972898884,overprediction
promoter_holdout,0,log_prot,B6_TSS_accessibility,449,449,BBa_J23117,Bujard_RBS,7.283241094630269,11.8042573928833,-4.5210162982530315,3184.2702,,4.5210162982530315,overprediction
promoter_holdout,0,log_prot,B6_TSS_accessibility,452,452,BBa_J23117,JBEI_RBS,7.471791631324229,11.991148948669434,-4.519357317345205,5504.5682,,4.519357317345205,overprediction
rbs_holdout,4,log_translation_proxy,Ridge_B6_TSS_accessibility,11612,11636,apFAB46,DeadRBS,4.647767857776717,9.158827349074274,-4.511059491297557,159.0241,316.22776601683796,4.511059491297557,overprediction
promoter_holdout,0,log_prot,B6_TSS_accessibility,496,496,BBa_J23117,salis-1-1,7.172272436514452,11.681042671203612,-4.508770234689162,39650.6199,,4.508770234689162,overprediction
random,4,log_translation_proxy,B7_OSTIR,11612,11636,apFAB46,DeadRBS,4.647767857776717,9.15624386346,-4.508476005683283,159.0241,,4.508476005683283,overprediction
random,3,log_translation_proxy,Ridge_B6_TSS_accessibility,10033,10052,apFAB79,Alon_RBS,5.09226818329411,9.598352698642907,-4.506084515348797,1203.7996,31.622776601683793,4.506084515348797,overprediction
promoter_holdout,1,log_translation_proxy,B7_OSTIR,8163,8177,apFAB76,BBa_J61101,4.797679022876574,9.301234203192504,-4.50355518031593,301.5982,,4.50355518031593,overprediction
rbs_holdout,4,log_prot,Ridge_B6_TSS_accessibility,11612,11636,apFAB46,DeadRBS,6.898969639918466,11.39177611902416,-4.492806479105695,159.0241,1e-05,4.492806479105695,overprediction
double_unseen,4,log_prot,B6_TSS_accessibility,5139,5148,BBa_J23102,apFAB837,12.192133513722364,7.704558372497559,4.487575141224804,1615.2396,,4.487575141224804,underprediction
rbs_holdout,4,log_translation_proxy,Ridge_B6_TSS_accessibility,10714,10737,apFAB54,DeadRBS,4.963109086076411,9.44650408192222,-4.48339499584581,817.2075,316.22776601683796,4.48339499584581,overprediction
rbs_holdout,2,log_prot,Ridge_B6_TSS_accessibility,10426,10447,apFAB81,BBa_J61126,7.250373729825146,11.727641150539508,-4.477267420714362,131.0472,100.0,4.477267420714362,overprediction
promoter_holdout,2,log_prot,B6_TSS_accessibility,8869,8886,BBa_J23119,BBa_J61129,11.740851174881412,7.2657575607299805,4.475093614151431,165.5144,,4.475093614151431,underprediction
double_unseen,4,log_translation_proxy,Ridge_B6_TSS_accessibility,10714,10737,apFAB54,DeadRBS,4.963109086076411,9.432268502226806,-4.469159416150395,817.2075,1000.0,4.469159416150395,overprediction
promoter_holdout,0,log_prot,B6_TSS_accessibility,515,515,BBa_J23117,salis-1-10,7.130675248813142,11.589940071105955,-4.459264822292815,24534.4055,,4.459264822292815,overprediction
promoter_holdout,0,log_prot,B6_TSS_accessibility,6169,6179,BBa_J23100,apFAB834,12.184054913103171,7.744122505187988,4.439932407915185,4506.7026,,4.439932407915185,underprediction
promoter_holdout,1,log_translation_proxy,B7_OSTIR,11612,11636,apFAB46,DeadRBS,4.647767857776717,9.072306909423183,-4.424539051646466,159.0241,,4.424539051646466,overprediction
promoter_holdout,2,log_prot,B6_TSS_accessibility,8880,8897,BBa_J23119,BBa_J61132,12.236221079729868,7.815945625305176,4.420275454424692,246.9246,,4.420275454424692,underprediction
promoter_holdout,2,log_prot,B6_TSS_accessibility,8915,8932,BBa_J23119,apFAB923,12.128316672961624,7.7116498947143555,4.416666778247269,408.7772,,4.416666778247269,underprediction
promoter_holdout,3,log_translation_proxy,B7_OSTIR,10450,10471,apFAB81,BBa_J61101,5.9042494119153135,10.32020672082936,-4.415957308914048,4227.058,,4.415957308914048,overprediction
rbs_holdout,4,log_prot,Ridge_B6_TSS_accessibility,8091,8105,apFAB65,DeadRBS,6.984873161169,11.3976799450475,-4.4128067838785,152.7883,1e-05,4.4128067838785,overprediction
rbs_holdout,2,log_translation_proxy,B7_OSTIR,10450,10471,apFAB81,BBa_J61101,5.9042494119153135,10.312325148283165,-4.4080757363678496,4227.058,,4.4080757363678496,overprediction
double_unseen,2,log_prot,B6_TSS_accessibility,8888,8905,BBa_J23119,BBa_J61137,12.227974113831992,7.82130765914917,4.4066664546828225,129.7718,,4.4066664546828225,underprediction
double_unseen,3,log_prot,B6_TSS_accessibility,3552,3555,apFAB58,salis-3-11,7.859692424835881,12.264896392822266,-4.405203967986385,726.044,,4.405203967986385,overprediction
double_unseen,2,log_prot,B6_TSS_accessibility,8919,8936,BBa_J23119,BBa_J61101,10.962834072620076,6.55833625793457,4.404497814685506,301.5982,,4.404497814685506,underprediction
promoter_holdout,2,log_prot,B6_TSS_accessibility,8907,8924,BBa_J23119,BBa_J61104,12.186927757015813,7.790728569030762,4.396199187985051,159.0241,,4.396199187985051,underprediction
promoter_holdout,3,log_translation_proxy,B7_OSTIR,10413,10434,apFAB81,BBa_J61133,5.489938198804688,9.885869586103244,-4.395931387298556,1129.1028,,4.395931387298556,overprediction
double_unseen,4,log_prot,Ridge_B6_TSS_accessibility,10296,10317,apFAB67,DeadRBS,7.03516980164114,11.427456621999628,-4.392286820358488,76.4757,31.622776601683793,4.392286820358488,overprediction
promoter_holdout,1,log_translation_proxy,B7_OSTIR,57,57,Nopromoter,BBa_J61120,13.31999012464313,8.929227070711697,4.390763053931433,106.5943,,4.390763053931433,underprediction
rbs_holdout,4,log_translation_proxy,B7_OSTIR,11551,11575,apFAB101,DeadRBS,5.0633076977607505,9.451363442302815,-4.388055744542067,367.1765,,4.388055744542067,overprediction
rbs_holdout,4,log_translation_proxy,B7_OSTIR,10882,10905,apFAB31,DeadRBS,5.179997378882718,9.566695844172392,-4.386698465289675,521.7007,,4.386698465289675,overprediction
random,3,log_translation_proxy,B7_OSTIR,10450,10471,apFAB81,BBa_J61101,5.9042494119153135,10.288721923980994,-4.38447251206568,4227.058,,4.38447251206568,overprediction
random,4,log_translation_proxy,B7_OSTIR,10882,10905,apFAB31,DeadRBS,5.179997378882718,9.56322340086982,-4.3832260219871015,521.7007,,4.3832260219871015,overprediction
double_unseen,0,log_prot,B6_TSS_accessibility,3322,3325,BBa_J23118,apFAB863,10.903735583914886,6.531702995300293,4.3720325886145925,562.9498,,4.3720325886145925,underprediction
promoter_holdout,1,log_translation_proxy,B6_TSS_accessibility,8655,8670,apFAB53,JBEI_RBS,6.731828909037388,11.102737426757812,-4.370908517720425,4882.0772,,4.370908517720425,overprediction
double_unseen,0,log_prot,B6_TSS_accessibility,2347,2350,apFAB312,apFAB903,7.536278321266743,11.905269622802734,-4.368991301535991,479.7093,,4.368991301535991,overprediction
promoter_holdout,0,log_translation_proxy,B7_OSTIR,10882,10905,apFAB31,DeadRBS,5.179997378882718,9.542648914695594,-4.3626515358128755,521.7007,,4.3626515358128755,overprediction
rbs_holdout,1,log_translation_proxy,B7_OSTIR,10413,10434,apFAB81,BBa_J61133,5.489938198804688,9.848553012511507,-4.3586148137068195,1129.1028,,4.3586148137068195,overprediction
random,1,log_translation_proxy,B7_OSTIR,11551,11575,apFAB101,DeadRBS,5.0633076977607505,9.420701328073878,-4.357393630313128,367.1765,,4.357393630313128,overprediction
double_unseen,2,log_prot,B6_TSS_accessibility,8916,8933,BBa_J23119,apFAB865,12.196136265850413,7.839033126831055,4.357103139019356,609.8393,,4.357103139019356,underprediction
promoter_holdout,0,log_translation_proxy,B7_OSTIR,11551,11575,apFAB101,DeadRBS,5.0633076977607505,9.418297318945314,-4.354989621184563,367.1765,,4.354989621184563,overprediction
double_unseen,0,log_prot,B6_TSS_accessibility,3230,3233,BBa_J23118,Bujard_RBS,12.013366064776864,7.672539234161377,4.340826830615487,4048.0618,,4.340826830615487,underprediction
random,1,log_translation_proxy,B7_OSTIR,57,57,Nopromoter,BBa_J61120,13.31999012464313,8.985605941347213,4.334384183295917,106.5943,,4.334384183295917,underprediction
promoter_holdout,3,log_prot,Ridge_B6_TSS_accessibility,10426,10447,apFAB81,BBa_J61126,7.250373729825146,11.582569907522618,-4.3321961776974725,131.0472,1e-05,4.3321961776974725,overprediction
double_unseen,0,log_prot,Ridge_B6_TSS_accessibility,6143,6153,BBa_J23100,apFAB863,11.978068266556669,7.648969795892695,4.329098470663972,562.9498,100.0,4.329098470663972,underprediction
random,0,log_translation_proxy,B7_OSTIR,10413,10434,apFAB81,BBa_J61133,5.489938198804688,9.815345597759102,-4.325407398954414,1129.1028,,4.325407398954414,overprediction
random,4,log_translation_proxy,B7_OSTIR,11089,11112,apFAB68,DeadRBS,5.370022075066641,9.69290934427459,-4.322887269207948,761.7878,,4.322887269207948,overprediction
rbs_holdout,4,log_translation_proxy,B7_OSTIR,11089,11112,apFAB68,DeadRBS,5.370022075066641,9.690999542705091,-4.320977467638452,761.7878,,4.320977467638452,overprediction
double_unseen,2,log_prot,B6_TSS_accessibility,8943,8960,BBa_J23119,BBa_J61115,12.205058071237511,7.899407863616943,4.30565020762057,415.3476,,4.30565020762057,underprediction
promoter_holdout,3,log_translation_proxy,B7_OSTIR,11426,11450,apFAB42,BBa_J61133,4.946426421754527,9.240944833421004,-4.294518411666477,159.0241,,4.294518411666477,overprediction
random,0,log_prot,Ridge_B6_TSS_accessibility,10426,10447,apFAB81,BBa_J61126,7.250373729825146,11.53920240790248,-4.288828678077335,131.0472,1e-05,4.288828678077335,overprediction
promoter_holdout,2,log_translation_proxy,B7_OSTIR,11089,11112,apFAB68,DeadRBS,5.370022075066641,9.658748300121982,-4.28872622505534,761.7878,,4.28872622505534,overprediction
rbs_holdout,4,log_translation_proxy,B7_OSTIR,57,57,Nopromoter,BBa_J61120,13.31999012464313,9.045259515186745,4.274730609456386,106.5943,,4.274730609456386,underprediction
random,3,log_translation_proxy,B7_OSTIR,9473,9491,apFAB29,apFAB894,5.316541872431033,9.590332001514,-4.273790129082968,562.9498,,4.273790129082968,overprediction
rbs_holdout,0,log_translation_proxy,B7_OSTIR,9473,9491,apFAB29,apFAB894,5.316541872431033,9.58984454506676,-4.273302672635726,562.9498,,4.273302672635726,overprediction
rbs_holdout,4,log_translation_proxy,Ridge_B6_TSS_accessibility,11202,11225,apFAB47,DeadRBS,4.954325699994902,9.224562108191677,-4.270236408196773,0.3925,316.22776601683796,4.270236408196773,overprediction
rbs_holdout,1,log_translation_proxy,Ridge_B6_TSS_accessibility,10589,10611,apFAB92,BBa_J61139,4.437476569384112,8.70236857046827,-4.264892001084158,0.0129,1000.0,4.264892001084158,overprediction
rbs_holdout,4,log_prot,Ridge_B6_TSS_accessibility,4067,4070,apFAB89,DeadRBS,6.789529188798993,11.04938252660153,-4.259853337802537,334.6743,1e-05,4.259853337802537,overprediction
rbs_holdout,0,log_prot,Ridge_B6_TSS_accessibility,6143,6153,BBa_J23100,apFAB863,11.978068266556669,7.719028341835352,4.259039924721315,562.9498,100.0,4.259039924721315,underprediction
rbs_holdout,4,log_prot,Ridge_B6_TSS_accessibility,9389,9406,apFAB32,DeadRBS,7.077523358498696,11.332453935874556,-4.25493057737586,278.4088,1e-05,4.25493057737586,overprediction
rbs_holdout,4,log_prot,Ridge_B6_TSS_accessibility,9191,9208,apFAB40,DeadRBS,7.177372324830677,11.431850461960114,-4.2544781371294365,139.3531,1e-05,4.2544781371294365,overprediction
rbs_holdout,4,log_translation_proxy,Ridge_B6_TSS_accessibility,11551,11575,apFAB101,DeadRBS,5.0633076977607505,9.30836829185252,-4.245060594091768,367.1765,316.22776601683796,4.245060594091768,overprediction
random,0,log_prot,Ridge_B6_TSS_accessibility,7881,7895,apFAB66,DeadRBS,6.995798703455095,11.235816033697583,-4.24001733024249,348.3335,1e-05,4.24001733024249,overprediction
rbs_holdout,1,log_prot,Ridge_B6_TSS_accessibility,10454,10475,apFAB81,BBa_J61100,7.392752061741325,11.631765335802594,-4.23901327406127,397.7596,100.0,4.23901327406127,overprediction
promoter_holdout,0,log_prot,Ridge_B6_TSS_accessibility,6143,6153,BBa_J23100,apFAB863,11.978068266556669,7.743413181151249,4.234655085405418,562.9498,1e-05,4.234655085405418,underprediction
double_unseen,0,log_prot,B6_TSS_accessibility,449,449,BBa_J23117,Bujard_RBS,7.283241094630269,11.516907691955566,-4.233666597325297,3184.2702,,4.233666597325297,overprediction
promoter_holdout,3,log_prot,Ridge_B6_TSS_accessibility,5302,5311,apFAB82,salis-4-7,6.988451810237773,11.213264632108274,-4.224812821870501,2410.7327,1e-05,4.224812821870501,overprediction
rbs_holdout,4,log_translation_proxy,Ridge_B6_TSS_accessibility,10840,10863,apFAB93,DeadRBS,5.356695010963161,9.578232318149755,-4.221537307186594,43.6821,316.22776601683796,4.221537307186594,overprediction
promoter_holdout,3,log_translation_proxy,Ridge_B6_TSS_accessibility,11275,11298,apFAB96,BBa_J61111,4.6630475963284255,8.883479673045164,-4.2204320767167385,16.9271,1000.0,4.2204320767167385,overprediction
rbs_holdout,4,log_prot,Ridge_B6_TSS_accessibility,11022,11045,apFAB36,DeadRBS,6.92842953058307,11.143538229338128,-4.215108698755056,300.6149,1e-05,4.215108698755056,overprediction
random,4,log_prot,Ridge_B6_TSS_accessibility,10454,10475,apFAB81,BBa_J61100,7.392752061741325,11.592052892159948,-4.199300830418624,397.7596,1e-05,4.199300830418624,overprediction
rbs_holdout,4,log_prot,Ridge_B6_TSS_accessibility,10408,10429,apFAB81,DeadRBS,6.944949855892817,11.137683921611105,-4.192734065718287,0.0303,1e-05,4.192734065718287,overprediction
promoter_holdout,3,log_prot,Ridge_B6_TSS_accessibility,10454,10475,apFAB81,BBa_J61100,7.392752061741325,11.578710598121114,-4.18595853637979,397.7596,1e-05,4.18595853637979,overprediction
promoter_holdout,0,log_prot,Ridge_B6_TSS_accessibility,6187,6197,BBa_J23100,apFAB839,12.139671363304528,7.968319950608926,4.171351412695602,2024.8903,1e-05,4.171351412695602,underprediction
rbs_holdout,4,log_prot,Ridge_B6_TSS_accessibility,9829,9847,apFAB61,DeadRBS,6.965705142198859,11.134372384758038,-4.168667242559179,505.6592,1e-05,4.168667242559179,overprediction
rbs_holdout,1,log_translation_proxy,Ridge_B6_TSS_accessibility,9707,9725,apFAB341,GSG_RBS,5.906643659741585,10.075132896718314,-4.168489236976729,36078.4737,1000.0,4.168489236976729,overprediction
double_unseen,4,log_translation_proxy,B6_TSS_accessibility,10714,10737,apFAB54,DeadRBS,4.963109086076411,9.12157154083252,-4.158462454756108,817.2075,,4.158462454756108,overprediction
promoter_holdout,3,log_prot,Ridge_B6_TSS_accessibility,10414,10435,apFAB81,Anderson_RBS,7.3930602850286755,11.545583166273076,-4.1525228812444,263.2601,1e-05,4.1525228812444,overprediction
random,0,log_prot,Ridge_B6_TSS_accessibility,10414,10435,apFAB81,Anderson_RBS,7.3930602850286755,11.544206964258697,-4.15114667923002,263.2601,1e-05,4.15114667923002,overprediction
rbs_holdout,2,log_prot,Ridge_B6_TSS_accessibility,10446,10467,apFAB81,BBa_J61115,8.138172429210725,12.28866063025018,-4.150488201039456,4061.3025,100.0,4.150488201039456,overprediction
promoter_holdout,4,log_translation_proxy,Ridge_B6_TSS_accessibility,10589,10611,apFAB92,BBa_J61139,4.437476569384112,8.587391378575392,-4.14991480919128,0.0129,316.22776601683796,4.14991480919128,overprediction
rbs_holdout,4,log_prot,Ridge_B6_TSS_accessibility,8976,8993,apFAB30,DeadRBS,6.992999514770566,11.140397294243105,-4.147397779472539,278.4088,1e-05,4.147397779472539,overprediction
double_unseen,4,log_prot,Ridge_B6_TSS_accessibility,9191,9208,apFAB40,DeadRBS,7.177372324830677,11.314985688403372,-4.137613363572695,139.3531,31.622776601683793,4.137613363572695,overprediction
random,1,log_translation_proxy,Ridge_B6_TSS_accessibility,8655,8670,apFAB53,JBEI_RBS,6.731828909037388,10.865237127160672,-4.133408218123284,4882.0772,31.622776601683793,4.133408218123284,overprediction
random,1,log_prot,Ridge_B6_TSS_accessibility,6143,6153,BBa_J23100,apFAB863,11.978068266556669,7.848453741725114,4.129614524831553,562.9498,1e-05,4.129614524831553,underprediction
promoter_holdout,3,log_translation_proxy,B6_TSS_accessibility,10465,10486,apFAB81,BBa_J61122,5.589627711527724,9.715177536010742,-4.125549824483018,507.3131,,4.125549824483018,overprediction
rbs_holdout,3,log_translation_proxy,B6_TSS_accessibility,9334,9351,pTrc*,salis-3-11,6.219854519683578,10.3424072265625,-4.122552706878922,726.044,,4.122552706878922,overprediction
promoter_holdout,2,log_translation_proxy,Ridge_B6_TSS_accessibility,11500,11524,pT7A1,DeadRBS,4.778446258111214,8.900783420295472,-4.122337162184258,23.5334,1000.0,4.122337162184258,overprediction
random,0,log_prot,Ridge_B6_TSS_accessibility,6187,6197,BBa_J23100,apFAB839,12.139671363304528,8.020036384791533,4.119634978512995,2024.8903,1e-05,4.119634978512995,underprediction
promoter_holdout,3,log_translation_proxy,Ridge_B6_TSS_accessibility,11323,11347,apFAB96,BBa_J61139,4.808176760172191,8.922065481529996,-4.113888721357805,340.0536,1000.0,4.113888721357805,overprediction
random,1,log_translation_proxy,B6_TSS_accessibility,8655,8670,apFAB53,JBEI_RBS,6.731828909037388,10.83831024169922,-4.106481332661831,4882.0772,,4.106481332661831,overprediction
rbs_holdout,4,log_translation_proxy,Ridge_B6_TSS_accessibility,9492,9510,apFAB29,DeadRBS,5.555285233463751,9.659305199628657,-4.104019966164904,129.941,316.22776601683796,4.104019966164904,overprediction
rbs_holdout,4,log_translation_proxy,Ridge_B6_TSS_accessibility,11280,11303,apFAB96,DeadRBS,4.902701846931411,9.00413659689762,-4.101434749966209,111.6699,316.22776601683796,4.101434749966209,overprediction
rbs_holdout,4,log_prot,B6_TSS_accessibility,9114,9131,apFAB56,apFAB873,7.546113006862744,11.638506889343262,-4.0923938824805175,64.9134,,4.0923938824805175,overprediction
double_unseen,3,log_prot,Ridge_B6_TSS_accessibility,5268,5277,apFAB82,salis-4-10,7.274478377407193,11.36243751453224,-4.087959137125046,2944.5126,100.0,4.087959137125046,overprediction
rbs_holdout,1,log_translation_proxy,Ridge_B6_TSS_accessibility,11323,11347,apFAB96,BBa_J61139,4.808176760172191,8.895922104382354,-4.087745344210163,340.0536,1000.0,4.087745344210163,overprediction
promoter_holdout,0,log_prot,Ridge_B6_TSS_accessibility,3229,3232,BBa_J23118,apFAB904,11.542920575413795,7.458482554061323,4.084438021352472,2202.1392,1e-05,4.084438021352472,underprediction
random,2,log_translation_proxy,Ridge_B6_TSS_accessibility,9707,9725,apFAB341,GSG_RBS,5.906643659741585,9.989995289488446,-4.083351629746861,36078.4737,10.0,4.083351629746861,overprediction
promoter_holdout,0,log_prot,Ridge_B6_TSS_accessibility,6169,6179,BBa_J23100,apFAB834,12.184054913103171,8.103955947058719,4.080098966044455,4506.7026,1e-05,4.080098966044455,underprediction
promoter_holdout,1,log_prot,Ridge_B6_TSS_accessibility,7881,7895,apFAB66,DeadRBS,6.995798703455095,11.074803077635217,-4.07900437418012,348.3335,1e-05,4.07900437418012,overprediction
promoter_holdout,0,log_prot,Ridge_B6_TSS_accessibility,9132,9149,apFAB56,DeadRBS,6.95527406858026,11.03238434940048,-4.077110280820219,183.6662,1e-05,4.077110280820219,overprediction
random,2,log_translation_proxy,Ridge_B6_TSS_accessibility,11500,11524,pT7A1,DeadRBS,4.778446258111214,8.844427395909952,-4.065981137798738,23.5334,10.0,4.065981137798738,overprediction
double_unseen,0,log_prot,Ridge_B6_TSS_accessibility,3322,3325,BBa_J23118,apFAB863,10.903735583914886,6.83807028519751,4.065665298717375,562.9498,100.0,4.065665298717375,underprediction
promoter_holdout,3,log_prot,Ridge_B6_TSS_accessibility,5273,5282,apFAB82,salis-4-4,7.193372113934637,11.25696308695955,-4.063590973024913,6049.578,1e-05,4.063590973024913,overprediction
promoter_holdout,0,log_prot,Ridge_B6_TSS_accessibility,6133,6143,BBa_J23100,apFAB923,12.019427268470784,7.970159802505957,4.049267465964828,2376.2547,1e-05,4.049267465964828,underprediction
promoter_holdout,4,log_translation_proxy,Ridge_B6_TSS_accessibility,9707,9725,apFAB341,GSG_RBS,5.906643659741585,9.953200289641066,-4.046556629899481,36078.4737,316.22776601683796,4.046556629899481,overprediction
promoter_holdout,3,log_prot,Ridge_B6_TSS_accessibility,5268,5277,apFAB82,salis-4-10,7.274478377407193,11.319408582028052,-4.044930204620861,2944.5126,1e-05,4.044930204620861,overprediction
promoter_holdout,0,log_prot,Ridge_B6_TSS_accessibility,3306,3309,BBa_J23118,apFAB923,11.171659017777529,7.135535970936666,4.036123046840863,2376.2547,1e-05,4.036123046840863,underprediction
random,0,log_prot,Ridge_B6_TSS_accessibility,10446,10467,apFAB81,BBa_J61115,8.138172429210725,12.171049972286566,-4.032877543075841,4061.3025,1e-05,4.032877543075841,overprediction
promoter_holdout,1,log_translation_proxy,Ridge_B6_TSS_accessibility,11612,11636,apFAB46,DeadRBS,4.647767857776717,8.671228095886832,-4.023460238110115,159.0241,316.22776601683796,4.023460238110115,overprediction
promoter_holdout,0,log_prot,Ridge_B6_TSS_accessibility,3318,3321,BBa_J23118,apFAB833,11.34581425998274,7.322897153173181,4.022917106809559,1304.0671,1e-05,4.022917106809559,underprediction
promoter_holdout,3,log_translation_proxy,Ridge_B6_TSS_accessibility,10101,10121,apFAB79,BBa_J61106,5.3617317012031105,9.383380697429406,-4.021648996226295,383.4123,1000.0,4.021648996226295,overprediction
rbs_holdout,3,log_translation_proxy,Ridge_B6_TSS_accessibility,8655,8670,apFAB53,JBEI_RBS,6.731828909037388,10.75029815015247,-4.018469241115083,4882.0772,1000.0,4.018469241115083,overprediction
random,1,log_prot,Ridge_B6_TSS_accessibility,6133,6143,BBa_J23100,apFAB923,12.019427268470784,8.007739166437942,4.011688102032844,2376.2547,1e-05,4.011688102032844,underprediction
random,3,log_translation_proxy,Ridge_B6_TSS_accessibility,10714,10737,apFAB54,DeadRBS,4.963109086076411,8.97001911937928,-4.006910033302869,817.2075,31.622776601683793,4.006910033302869,overprediction
promoter_holdout,0,log_prot,Ridge_B6_TSS_accessibility,3322,3325,BBa_J23118,apFAB863,10.903735583914886,6.902488710300739,4.001246873614146,562.9498,1e-05,4.001246873614146,underprediction
random,2,log_prot,Ridge_B6_TSS_accessibility,6169,6179,BBa_J23100,apFAB834,12.184054913103171,8.18693065802733,3.9971242550758426,4506.7026,1e-05,3.9971242550758426,underprediction
promoter_holdout,1,log_translation_proxy,Ridge_B6_TSS_accessibility,8655,8670,apFAB53,JBEI_RBS,6.731828909037388,10.727473987664432,-3.995645078627044,4882.0772,316.22776601683796,3.995645078627044,overprediction
random,3,log_prot,Ridge_B6_TSS_accessibility,3318,3321,BBa_J23118,apFAB833,11.34581425998274,7.353848732352288,3.991965527630452,1304.0671,1e-05,3.991965527630452,underprediction
random,1,log_prot,Ridge_B6_TSS_accessibility,3229,3232,BBa_J23118,apFAB904,11.542920575413795,7.557943432193371,3.9849771432204246,2202.1392,1e-05,3.9849771432204246,underprediction
random,3,log_prot,Ridge_B6_TSS_accessibility,3306,3309,BBa_J23118,apFAB923,11.171659017777529,7.188199003671389,3.9834600141061394,2376.2547,1e-05,3.9834600141061394,underprediction
random,4,log_translation_proxy,Ridge_B6_TSS_accessibility,10589,10611,apFAB92,BBa_J61139,4.437476569384112,8.412412854073668,-3.974936284689557,0.0129,31.622776601683793,3.974936284689557,overprediction
rbs_holdout,3,log_prot,B6_TSS_accessibility,6574,6584,apFAB72,apFAB843,7.472056917667779,11.442523956298828,-3.9704670386310497,176.4641,,3.9704670386310497,overprediction
rbs_holdout,3,log_translation_proxy,B6_TSS_accessibility,8655,8670,apFAB53,JBEI_RBS,6.731828909037388,10.701375961303713,-3.969547052266323,4882.0772,,3.969547052266323,overprediction
random,0,log_translation_proxy,Ridge_B6_TSS_accessibility,11275,11298,apFAB96,BBa_J61111,4.6630475963284255,8.628637082353382,-3.9655894860249568,16.9271,3.1622776601683795,3.9655894860249568,overprediction
random,0,log_prot,Ridge_B6_TSS_accessibility,5302,5311,apFAB82,salis-4-7,6.988451810237773,10.952455621966944,-3.964003811729171,2410.7327,1e-05,3.964003811729171,overprediction
double_unseen,0,log_prot,Ridge_B6_TSS_accessibility,2345,2348,apFAB312,salis-4-4,7.311352330712712,11.268030075234888,-3.956677744522176,23572.3385,100.0,3.956677744522176,overprediction
rbs_holdout,4,log_translation_proxy,Ridge_B6_TSS_accessibility,8803,8820,apFAB50,DeadRBS,5.391419547379955,9.346484242121482,-3.955064694741528,227.4921,316.22776601683796,3.955064694741528,overprediction
random,4,log_translation_proxy,Ridge_B6_TSS_accessibility,11612,11636,apFAB46,DeadRBS,4.647767857776717,8.596801959162596,-3.9490341013858785,159.0241,31.622776601683793,3.9490341013858785,overprediction
promoter_holdout,4,log_translation_proxy,B6_TSS_accessibility,5170,5179,BBa_J23102,DeadRBS,6.677699819003518,10.626017570495604,-3.948317751492087,101.1891,,3.948317751492087,overprediction
random,3,log_prot,B6_TSS_accessibility,6574,6584,apFAB72,apFAB843,7.472056917667779,11.414139747619627,-3.9420828299518504,176.4641,,3.9420828299518504,overprediction
rbs_holdout,0,log_translation_proxy,Ridge_B6_TSS_accessibility,9473,9491,apFAB29,apFAB894,5.316541872431033,9.256245448276976,-3.939703575845943,562.9498,1000.0,3.939703575845943,overprediction
promoter_holdout,3,log_translation_proxy,Ridge_B6_TSS_accessibility,11309,11333,apFAB96,BBa_J61110,4.950546661528255,8.873679870911635,-3.92313320938338,11.3463,1000.0,3.92313320938338,overprediction
random,3,log_prot,Ridge_B6_TSS_accessibility,3293,3296,BBa_J23118,apFAB839,11.051586426613584,7.129749681196816,3.921836745416768,2024.8903,1e-05,3.921836745416768,underprediction
promoter_holdout,4,log_translation_proxy,Ridge_B6_TSS_accessibility,10714,10737,apFAB54,DeadRBS,4.963109086076411,8.883010702517472,-3.919901616441061,817.2075,316.22776601683796,3.919901616441061,overprediction
double_unseen,3,log_prot,Ridge_B6_TSS_accessibility,5262,5271,apFAB82,salis-2-3,7.055400115497621,10.96984118237942,-3.914441066881798,4055.0515,100.0,3.914441066881798,overprediction
rbs_holdout,1,log_translation_proxy,Ridge_B6_TSS_accessibility,9905,9923,apFAB45,BBa_J61133,4.832995977338825,8.741777274662635,-3.9087812973238094,94.54,1000.0,3.9087812973238094,overprediction
random,3,log_prot,Ridge_B6_TSS_accessibility,9114,9131,apFAB56,apFAB873,7.546113006862744,11.45385907752199,-3.907746070659246,64.9134,1e-05,3.907746070659246,overprediction
random,0,log_prot,Ridge_B6_TSS_accessibility,6108,6118,BBa_J23100,apFAB884,12.12459892355657,8.218123767891692,3.9064751556648782,3144.1487,1e-05,3.9064751556648782,underprediction
rbs_holdout,4,log_translation_proxy,Ridge_B6_TSS_accessibility,10102,10122,apFAB79,DeadRBS,5.537300705724553,9.443352279290464,-3.906051573565911,125.9084,316.22776601683796,3.906051573565911,overprediction
double_unseen,4,log_translation_proxy,B7_OSTIR,9653,9671,apFAB341,BBa_J61120,5.185170177861728,9.089707022245069,-3.904536844383341,120.1857,,3.904536844383341,overprediction
random,1,log_prot,B6_TSS_accessibility,2835,2838,apFAB49,Alon_RBS,7.207422898181206,11.110297203063965,-3.9028743048827583,5081.3313,,3.9028743048827583,overprediction
random,3,log_prot,B6_TSS_accessibility,10465,10486,apFAB81,BBa_J61122,7.185780323711034,11.081338882446287,-3.895558558735255,507.3131,,3.895558558735255,overprediction
double_unseen,4,log_prot,Ridge_B6_TSS_accessibility,10387,10408,apFAB71,DeadRBS,7.357232152161591,11.251470192016662,-3.894238039855071,144.4748,31.622776601683793,3.894238039855071,overprediction
double_unseen,3,log_translation_proxy,B7_OSTIR,9839,9857,apFAB45,BBa_J61134,5.151714443284941,9.033727311724077,-3.8820128684391353,83.8488,,3.8820128684391353,overprediction
promoter_holdout,3,log_translation_proxy,Ridge_B6_TSS_accessibility,9905,9923,apFAB45,BBa_J61133,4.832995977338825,8.711475754163663,-3.878479776824838,94.54,1000.0,3.878479776824838,overprediction
double_unseen,0,log_translation_proxy,B7_OSTIR,10532,10554,apFAB52,BBa_J61109,5.837912879049216,9.713545569502443,-3.875632690453229,819.8804,,3.875632690453229,overprediction
rbs_holdout,4,log_translation_proxy,Ridge_B6_TSS_accessibility,11275,11298,apFAB96,BBa_J61111,4.6630475963284255,8.536645205028728,-3.873597608700303,16.9271,316.22776601683796,3.873597608700303,overprediction
random,3,log_prot,B6_TSS_accessibility,9114,9131,apFAB56,apFAB873,7.546113006862744,11.405253410339355,-3.8591404034766112,64.9134,,3.8591404034766112,overprediction
random,1,log_translation_proxy,Ridge_B6_TSS_accessibility,10101,10121,apFAB79,BBa_J61106,5.3617317012031105,9.220548653158566,-3.858816951955456,383.4123,31.622776601683793,3.858816951955456,overprediction
double_unseen,1,log_translation_proxy,B7_OSTIR,76,76,Nopromoter,BBa_J61124,13.063502765776136,9.209047126642176,3.85445563913396,227.1959,,3.85445563913396,underprediction
promoter_holdout,1,log_translation_proxy,B6_TSS_accessibility,54,54,Nopromoter,apFAB868,13.362798593862305,9.512478828430176,3.8503197654321273,687.597,,3.8503197654321273,underprediction
promoter_holdout,1,log_translation_proxy,Ridge_B6_TSS_accessibility,77,77,Nopromoter,apFAB964,12.624498459844938,8.778143858745521,3.846354601099417,20.675,316.22776601683796,3.846354601099417,underprediction
double_unseen,1,log_translation_proxy,B7_OSTIR,35,35,Nopromoter,BBa_J61136,12.95288319646738,9.107011078907576,3.845872117559803,172.2696,,3.845872117559803,underprediction
double_unseen,4,log_prot,Ridge_B6_TSS_accessibility,6649,6660,apFAB57,DeadRBS,6.9226914011811065,10.76657902850595,-3.8438876273248432,90.5367,31.622776601683793,3.8438876273248432,overprediction
promoter_holdout,0,log_translation_proxy,Ridge_B6_TSS_accessibility,11551,11575,apFAB101,DeadRBS,5.0633076977607505,8.898491332152163,-3.835183634391413,367.1765,100.0,3.835183634391413,overprediction
double_unseen,3,log_translation_proxy,B6_TSS_accessibility,9827,9845,apFAB61,salis-3-11,6.7627775833985275,10.593849182128906,-3.8310715987303783,726.044,,3.8310715987303783,overprediction
promoter_holdout,0,log_translation_proxy,B6_TSS_accessibility,484,484,BBa_J23117,BBa_J61133,12.24564327847891,8.417386054992676,3.828257223486234,595.3434,,3.828257223486234,underprediction
rbs_holdout,3,log_prot,B6_TSS_accessibility,3121,3124,apFAB342,salis-3-11,7.235340016178877,11.063461303710938,-3.8281212875320607,186.3311,,3.8281212875320607,overprediction
rbs_holdout,1,log_translation_proxy,Ridge_B6_TSS_accessibility,10101,10121,apFAB79,BBa_J61106,5.3617317012031105,9.182270025997918,-3.820538324794807,383.4123,1000.0,3.820538324794807,overprediction
double_unseen,4,log_translation_proxy,Ridge_B6_TSS_accessibility,10296,10317,apFAB67,DeadRBS,5.304083919493206,9.12341600397138,-3.819332084478172,76.4757,1000.0,3.819332084478172,overprediction
double_unseen,0,log_prot,Ridge_B6_TSS_accessibility,11585,11609,apFAB101,apFAB863,12.236221079729868,8.427244576714118,3.8089765030157494,499.2879,100.0,3.8089765030157494,underprediction
double_unseen,4,log_translation_proxy,B6_TSS_accessibility,5170,5179,BBa_J23102,DeadRBS,6.677699819003518,10.47799587249756,-3.8002960534940406,101.1891,,3.8002960534940406,overprediction
random,3,log_translation_proxy,Ridge_B6_TSS_accessibility,11202,11225,apFAB47,DeadRBS,4.954325699994902,8.749585549764014,-3.795259849769112,0.3925,31.622776601683793,3.795259849769112,overprediction
rbs_holdout,0,log_prot,B6_TSS_accessibility,2835,2838,apFAB49,Alon_RBS,7.207422898181206,11.001211166381836,-3.79378826820063,5081.3313,,3.79378826820063,overprediction
promoter_holdout,3,log_translation_proxy,Ridge_B6_TSS_accessibility,11312,11336,apFAB96,BBa_J61126,5.30045918297192,9.090590307572668,-3.790131124600748,34.7771,1000.0,3.790131124600748,overprediction
promoter_holdout,4,log_translation_proxy,B6_TSS_accessibility,5201,5210,BBa_J23102,BBa_J61107,7.387510990543326,11.17250156402588,-3.7849905734825526,186.3311,,3.7849905734825526,overprediction
promoter_holdout,4,log_translation_proxy,Ridge_B6_TSS_accessibility,5155,5164,BBa_J23102,BBa_J61115,6.945921914504534,10.729923220595154,-3.784001306090621,42.4774,316.22776601683796,3.784001306090621,overprediction
promoter_holdout,1,log_translation_proxy,B6_TSS_accessibility,48,48,Nopromoter,BBa_J61101,12.85340249698624,9.070216178894045,3.7831863180921985,924.4196,,3.7831863180921985,underprediction
promoter_holdout,1,log_translation_proxy,Ridge_B6_TSS_accessibility,54,54,Nopromoter,apFAB868,13.362798593862305,9.58012532564933,3.7826732682129727,687.597,316.22776601683796,3.7826732682129727,underprediction
random,2,log_translation_proxy,Ridge_B6_TSS_accessibility,8762,8778,apFAB50,BBa_J61126,5.437770326101818,9.220093262275723,-3.782322936173907,34.7771,10.0,3.782322936173907,overprediction
rbs_holdout,1,log_translation_proxy,B6_TSS_accessibility,11323,11347,apFAB96,BBa_J61139,4.808176760172191,8.586214065551758,-3.7780373053795664,340.0536,,3.7780373053795664,overprediction
double_unseen,2,log_prot,Ridge_B6_TSS_accessibility,1943,1945,BBa_J23107,apFAB833,11.310726540222149,7.532817765094643,3.777908775127506,1203.7996,10.0,3.777908775127506,underprediction
double_unseen,1,log_prot,Ridge_B6_TSS_accessibility,837,837,apFAB134,Invitrogen_RBS,7.183530258518025,10.9582858228261,-3.774755564308074,3314.231,100.0,3.774755564308074,overprediction
promoter_holdout,3,log_translation_proxy,Ridge_B6_TSS_accessibility,10399,10420,apFAB81,BBa_J61107,4.7612436094355015,8.532291098597732,-3.77104748916223,570.1334,1000.0,3.77104748916223,overprediction
double_unseen,4,log_translation_proxy,Ridge_B6_TSS_accessibility,5170,5179,BBa_J23102,DeadRBS,6.677699819003518,10.442510330271704,-3.764810511268187,101.1891,1000.0,3.764810511268187,overprediction
double_unseen,1,log_translation_proxy,B7_OSTIR,15,15,Nopromoter,BBa_J61130,12.847773386800217,9.092262506644976,3.755510880155242,165.5144,,3.755510880155242,underprediction
promoter_holdout,0,log_translation_proxy,Ridge_B6_TSS_accessibility,8762,8778,apFAB50,BBa_J61126,5.437770326101818,9.191425803490455,-3.753655477388639,34.7771,100.0,3.753655477388639,overprediction
rbs_holdout,3,log_prot,B6_TSS_accessibility,3174,3177,apFAB342,salis-4-10,7.687322325486781,11.428157806396484,-3.740835480909703,313.4243,,3.740835480909703,overprediction
double_unseen,4,log_prot,Ridge_B6_TSS_accessibility,5203,5212,BBa_J23102,apFAB839,11.329308925384003,7.590461106241049,3.738847819142956,2024.8903,31.622776601683793,3.738847819142956,underprediction
random,0,log_translation_proxy,Ridge_B6_TSS_accessibility,11323,11347,apFAB96,BBa_J61139,4.808176760172191,8.543779901057192,-3.735603140885001,340.0536,3.1622776601683795,3.735603140885001,overprediction
double_unseen,1,log_translation_proxy,B7_OSTIR,10179,10199,apFAB70,BBa_J61128,5.143030459928088,8.87103378448973,-3.728003324561642,90.8328,,3.728003324561642,overprediction
rbs_holdout,3,log_prot,B6_TSS_accessibility,5833,5843,apFAB33,apFAB843,7.336351628488399,11.063785552978516,-3.727433924490117,252.9369,,3.727433924490117,overprediction
random,3,log_translation_proxy,Ridge_B6_TSS_accessibility,9473,9491,apFAB29,apFAB894,5.316541872431033,9.03294885298514,-3.7164069805541065,562.9498,31.622776601683793,3.7164069805541065,overprediction
double_unseen,4,log_translation_proxy,B6_TSS_accessibility,10641,10663,apFAB92,DeadRBS,5.439487821031576,9.1531400680542,-3.7136522470226234,95.843,,3.7136522470226234,overprediction
rbs_holdout,2,log_prot,B6_TSS_accessibility,10013,10032,apFAB100,apFAB864,7.402104437487378,11.113885879516602,-3.711781442029223,233.489,,3.711781442029223,overprediction
rbs_holdout,3,log_translation_proxy,B6_TSS_accessibility,9827,9845,apFAB61,salis-3-11,6.7627775833985275,10.466001510620115,-3.7032239272215897,726.044,,3.7032239272215897,overprediction
double_unseen,1,log_prot,Ridge_B6_TSS_accessibility,594,594,apFAB114,Invitrogen_RBS,7.180090381309838,10.88170475630877,-3.701614374998931,4390.9523,100.0,3.701614374998931,overprediction
double_unseen,4,log_translation_proxy,Ridge_B6_TSS_accessibility,10641,10663,apFAB92,DeadRBS,5.439487821031576,9.140769889133932,-3.701282068102356,95.843,1000.0,3.701282068102356,overprediction
double_unseen,1,log_translation_proxy,B7_OSTIR,86,86,Nopromoter,apFAB914,12.905605183386475,9.20437204878862,3.7012331345978566,224.3332,,3.7012331345978566,underprediction
random,3,log_translation_proxy,Ridge_B6_TSS_accessibility,11491,11515,pT7A1,apFAB954,6.277671886154074,9.97502164690976,-3.697349760755685,377.347,31.622776601683793,3.697349760755685,overprediction
rbs_holdout,4,log_prot,B6_TSS_accessibility,6586,6596,apFAB72,apFAB869,7.733202774869475,11.429949760437012,-3.696746985567537,263.2601,,3.696746985567537,overprediction
promoter_holdout,4,log_translation_proxy,B6_TSS_accessibility,5107,5115,BBa_J23102,BBa_J61133,7.639144995092126,11.334586143493652,-3.6954411484015264,1129.1028,,3.6954411484015264,overprediction
random,1,log_translation_proxy,Ridge_B6_TSS_accessibility,5155,5164,BBa_J23102,BBa_J61115,6.945921914504534,10.63941647912458,-3.693494564620045,42.4774,31.622776601683793,3.693494564620045,overprediction
rbs_holdout,3,log_prot,B6_TSS_accessibility,3952,3955,apFAB306,salis-3-11,7.3094366711324685,11.00051975250244,-3.691083081369973,726.044,,3.691083081369973,overprediction
double_unseen,4,log_prot,Ridge_B6_TSS_accessibility,5460,5470,apFAB115,DeadRBS,6.963724030037076,10.648706479827814,-3.6849824497907377,256.1646,31.622776601683793,3.6849824497907377,overprediction
promoter_holdout,4,log_translation_proxy,B6_TSS_accessibility,352,352,apFAB109,DeadRBS,12.83938731682563,9.158074378967283,3.681312937858344,10.0434,,3.681312937858344,underprediction
rbs_holdout,3,log_prot,B6_TSS_accessibility,3972,3975,apFAB306,apFAB843,7.05478613294528,10.73442840576172,-3.679642272816439,408.7772,,3.679642272816439,overprediction
random,1,log_translation_proxy,Ridge_B6_TSS_accessibility,11551,11575,apFAB101,DeadRBS,5.0633076977607505,8.73556456394339,-3.6722568661826394,367.1765,31.622776601683793,3.6722568661826394,overprediction
random,4,log_translation_proxy,Ridge_B6_TSS_accessibility,10484,10505,apFAB81,BBa_J61110,5.849684230553767,9.511203435894217,-3.6615192053404497,56.2041,31.622776601683793,3.6615192053404497,overprediction
random,1,log_translation_proxy,Ridge_B6_TSS_accessibility,11309,11333,apFAB96,BBa_J61110,4.950546661528255,8.609559556825513,-3.659012895297258,11.3463,31.622776601683793,3.659012895297258,overprediction
random,1,log_translation_proxy,Ridge_B6_TSS_accessibility,10840,10863,apFAB93,DeadRBS,5.356695010963161,9.013703484510293,-3.6570084735471298,43.6821,31.622776601683793,3.6570084735471298,overprediction
double_unseen,2,log_translation_proxy,B6_TSS_accessibility,1943,1945,BBa_J23107,apFAB833,12.634740109214414,8.98201847076416,3.652721638450254,1203.7996,,3.652721638450254,underprediction
double_unseen,3,log_translation_proxy,B6_TSS_accessibility,8480,8495,pLlacO1,apFAB843,6.421011043926032,10.070182800292969,-3.649171756366937,362.5501,,3.649171756366937,overprediction
promoter_holdout,0,log_translation_proxy,B6_TSS_accessibility,453,453,BBa_J23117,BBa_J61134,12.561205791463404,8.92357349395752,3.637632297505885,415.3476,,3.637632297505885,underprediction
rbs_holdout,3,log_prot,B6_TSS_accessibility,5039,5047,apFAB346,salis-4-10,7.402714714896315,11.039405822753906,-3.636691107857591,398.4464,,3.636691107857591,overprediction
double_unseen,4,log_translation_proxy,B7_OSTIR,10296,10317,apFAB67,DeadRBS,5.304083919493206,8.938054275235892,-3.6339703557426857,76.4757,,3.6339703557426857,overprediction
promoter_holdout,3,log_translation_proxy,B6_TSS_accessibility,10403,10424,apFAB81,BBa_J61111,5.844603758118231,9.46751880645752,-3.622915048339289,71.4505,,3.622915048339289,overprediction
rbs_holdout,3,log_prot,B6_TSS_accessibility,9334,9351,pTrc*,salis-3-11,7.944516553360898,11.556965827941896,-3.612449274580997,726.044,,3.612449274580997,overprediction
random,4,log_prot,B6_TSS_accessibility,3972,3975,apFAB306,apFAB843,7.05478613294528,10.657796859741213,-3.6030107267959313,408.7772,,3.6030107267959313,overprediction
double_unseen,1,log_translation_proxy,B7_OSTIR,8147,8161,apFAB76,BBa_J61133,5.27170248245245,8.856285307115842,-3.584582824663392,87.271,,3.584582824663392,overprediction
double_unseen,4,log_prot,Ridge_B6_TSS_accessibility,5139,5148,BBa_J23102,apFAB837,12.192133513722364,8.609034477277206,3.583099036445157,1615.2396,31.622776601683793,3.583099036445157,underprediction
random,4,log_prot,B6_TSS_accessibility,3174,3177,apFAB342,salis-4-10,7.687322325486781,11.267863273620604,-3.580540948133824,313.4243,,3.580540948133824,overprediction
double_unseen,3,log_prot,Ridge_B6_TSS_accessibility,5286,5295,apFAB82,salis-1-1,8.18039748851152,11.758211595330115,-3.577814106818595,26577.9377,100.0,3.577814106818595,overprediction
double_unseen,2,log_translation_proxy,B6_TSS_accessibility,10013,10032,apFAB100,apFAB864,5.874549210789626,9.449536323547363,-3.5749871127577375,233.489,,3.5749871127577375,overprediction
double_unseen,4,log_translation_proxy,B7_OSTIR,10641,10663,apFAB92,DeadRBS,5.439487821031576,9.013781984994084,-3.5742941639625068,95.843,,3.5742941639625068,overprediction
double_unseen,1,log_translation_proxy,B7_OSTIR,71,71,Nopromoter,apFAB860,12.963483711978652,9.3961036184946,3.5673800934840525,377.347,,3.5673800934840525,underprediction
double_unseen,0,log_prot,Ridge_B6_TSS_accessibility,4521,4525,apFAB322,apFAB863,11.228009708507503,7.668962473226932,3.5590472352805715,562.9498,100.0,3.5590472352805715,underprediction
double_unseen,0,log_prot,Ridge_B6_TSS_accessibility,3230,3233,BBa_J23118,Bujard_RBS,12.013366064776864,8.460198621889063,3.5531674428878013,4048.0618,100.0,3.5531674428878013,underprediction
double_unseen,3,log_prot,Ridge_B6_TSS_accessibility,6212,6222,apFAB55,salis-3-11,7.023842379558113,10.573310135125366,-3.549467755567253,726.044,100.0,3.549467755567253,overprediction
double_unseen,2,log_translation_proxy,B6_TSS_accessibility,1925,1927,BBa_J23107,apFAB912,12.889505323581094,9.34659481048584,3.5429105130952543,1725.4804,,3.5429105130952543,underprediction
rbs_holdout,3,log_prot,B6_TSS_accessibility,9827,9845,apFAB61,salis-3-11,8.3066324772585,11.849245071411133,-3.542612594152633,726.044,,3.542612594152633,overprediction
rbs_holdout,4,log_translation_proxy,B6_TSS_accessibility,10714,10737,apFAB54,DeadRBS,4.963109086076411,8.49985408782959,-3.5367450017531787,817.2075,,3.5367450017531787,overprediction
promoter_holdout,3,log_translation_proxy,B6_TSS_accessibility,10484,10505,apFAB81,BBa_J61110,5.849684230553767,9.384872436523438,-3.5351882059696704,56.2041,,3.5351882059696704,overprediction
promoter_holdout,4,log_translation_proxy,B6_TSS_accessibility,5116,5125,BBa_J23102,B0032_RBS,7.264410706388918,10.79308032989502,-3.5286696235061017,585.9257,,3.5286696235061017,overprediction
promoter_holdout,0,log_translation_proxy,B6_TSS_accessibility,504,504,BBa_J23117,BBa_J61101,11.89469384028948,8.366135597229004,3.528558243060477,1899.2442,,3.528558243060477,underprediction
double_unseen,0,log_translation_proxy,B7_OSTIR,10890,10913,apFAB31,BBa_J61109,6.219234224940952,9.742273710223031,-3.523039485282079,888.1703,,3.523039485282079,overprediction
rbs_holdout,4,log_prot,B6_TSS_accessibility,10465,10486,apFAB81,BBa_J61122,7.185780323711034,10.706377983093262,-3.5205976593822275,507.3131,,3.5205976593822275,overprediction
rbs_holdout,3,log_prot,B6_TSS_accessibility,2836,2839,apFAB49,salis-3-11,7.352636873655314,10.854941368103027,-3.5023044944477135,726.044,,3.5023044944477135,overprediction
promoter_holdout,1,log_translation_proxy,B6_TSS_accessibility,85,85,Nopromoter,apFAB843,13.086927577854617,9.592824935913086,3.494102641941531,377.347,,3.494102641941531,underprediction
promoter_holdout,0,log_translation_proxy,B6_TSS_accessibility,486,486,BBa_J23117,DeadRBS,11.139517916132334,7.651957988739014,3.4875599273933204,0.3214,,3.4875599273933204,underprediction
promoter_holdout,2,log_translation_proxy,B6_TSS_accessibility,1967,1969,BBa_J23107,apFAB916,13.009062711726992,9.529576301574709,3.479486410152285,2107.5329,,3.479486410152285,underprediction
double_unseen,4,log_translation_proxy,B6_TSS_accessibility,10296,10317,apFAB67,DeadRBS,5.304083919493206,8.78287124633789,-3.4787873268446843,76.4757,,3.4787873268446843,overprediction
promoter_holdout,0,log_translation_proxy,B6_TSS_accessibility,549,549,BBa_J23117,BBa_J61130,12.531086678108206,9.056963920593262,3.4741227575149445,152.7883,,3.4741227575149445,underprediction
promoter_holdout,3,log_translation_proxy,B6_TSS_accessibility,11323,11347,apFAB96,BBa_J61139,4.808176760172191,8.278496742248535,-3.4703199820763437,340.0536,,3.4703199820763437,overprediction
double_unseen,3,log_translation_proxy,Ridge_B6_TSS_accessibility,9839,9857,apFAB45,BBa_J61134,5.151714443284941,8.615118168432799,-3.4634037251478578,83.8488,1000.0,3.4634037251478578,overprediction
rbs_holdout,0,log_prot,B6_TSS_accessibility,8863,8880,BBa_J23119,apFAB903,7.603815950976176,11.058144569396973,-3.4543286184207966,243.0185,,3.4543286184207966,overprediction
rbs_holdout,3,log_prot,B6_TSS_accessibility,6650,6661,apFAB57,salis-3-11,7.776099880670509,11.216907501220703,-3.440807620550194,726.044,,3.440807620550194,overprediction
rbs_holdout,3,log_prot,B6_TSS_accessibility,2348,2351,apFAB312,salis-3-11,7.154712475584555,10.591282844543455,-3.436570368958902,726.044,,3.436570368958902,overprediction
double_unseen,1,log_translation_proxy,B7_OSTIR,816,816,apFAB134,BBa_J61130,12.130393007259364,8.694050604393338,3.4363424028660265,56.2041,,3.4363424028660265,underprediction
double_unseen,4,log_translation_proxy,B6_TSS_accessibility,6586,6596,apFAB72,apFAB869,7.394414486026084,10.827177047729492,-3.4327625617034085,263.2601,,3.4327625617034085,overprediction
double_unseen,4,log_translation_proxy,B7_OSTIR,10387,10408,apFAB71,DeadRBS,5.728292029609998,9.15145538531127,-3.4231633557012717,144.4748,,3.4231633557012717,overprediction
rbs_holdout,0,log_prot,B6_TSS_accessibility,2347,2350,apFAB312,apFAB903,7.536278321266743,10.95860481262207,-3.422326491355327,479.7093,,3.422326491355327,overprediction
rbs_holdout,2,log_translation_proxy,B6_TSS_accessibility,10013,10032,apFAB100,apFAB864,5.874549210789626,9.295695304870604,-3.4211460940809797,233.489,,3.4211460940809797,overprediction
rbs_holdout,3,log_prot,B6_TSS_accessibility,1750,1752,apFAB277,salis-3-11,7.14382162970137,10.544432640075684,-3.4006110103743135,726.044,,3.4006110103743135,overprediction
double_unseen,4,log_translation_proxy,B7_OSTIR,9683,9701,apFAB341,DeadRBS,5.935741616148944,9.33344360008114,-3.397701983932196,248.5385,,3.397701983932196,overprediction
double_unseen,4,log_translation_proxy,Ridge_B6_TSS_accessibility,9683,9701,apFAB341,DeadRBS,5.935741616148944,9.33291263437526,-3.3971710182263166,248.5385,1000.0,3.3971710182263166,overprediction
random,3,log_prot,B6_TSS_accessibility,5039,5047,apFAB346,salis-4-10,7.402714714896315,10.77882194519043,-3.376107230294114,398.4464,,3.376107230294114,overprediction
double_unseen,2,log_translation_proxy,Ridge_B6_TSS_accessibility,10013,10032,apFAB100,apFAB864,5.874549210789626,9.242978531374153,-3.368429320584527,233.489,1000.0,3.368429320584527,overprediction
double_unseen,1,log_translation_proxy,Ridge_B6_TSS_accessibility,9508,9526,apFAB29,BBa_J61130,7.013161716778901,10.367484463466706,-3.3543227466878047,39.2114,316.22776601683796,3.3543227466878047,overprediction
double_unseen,0,log_translation_proxy,B6_TSS_accessibility,6023,6033,apFAB77,BBa_J61109,10.797245394221685,7.450849056243896,3.3463963379777883,644.9311,,3.3463963379777883,underprediction
random,0,log_prot,B6_TSS_accessibility,10414,10435,apFAB81,Anderson_RBS,7.3930602850286755,10.731868743896484,-3.338808458867809,263.2601,,3.338808458867809,overprediction
rbs_holdout,1,log_translation_proxy,B6_TSS_accessibility,9707,9725,apFAB341,GSG_RBS,5.906643659741585,9.231343269348145,-3.3246996096065597,36078.4737,,3.3246996096065597,overprediction
double_unseen,2,log_translation_proxy,Ridge_B6_TSS_accessibility,7553,7565,apFAB103,BBa_J61126,6.263443198249919,9.587756301604212,-3.324313103354293,229.4288,1000.0,3.324313103354293,overprediction
double_unseen,4,log_translation_proxy,Ridge_B6_TSS_accessibility,9653,9671,apFAB341,BBa_J61120,5.185170177861728,8.478603031066143,-3.293432853204415,120.1857,1000.0,3.293432853204415,overprediction
rbs_holdout,3,log_translation_proxy,B6_TSS_accessibility,5039,5047,apFAB346,salis-4-10,7.699367563062005,10.983638763427734,-3.284271200365729,398.4464,,3.284271200365729,overprediction
double_unseen,3,log_translation_proxy,B6_TSS_accessibility,8544,8559,pLlacO1,salis-3-11,7.3207655553750355,10.603631019592283,-3.2828654642172497,726.044,,3.2828654642172497,overprediction
random,3,log_translation_proxy,B6_TSS_accessibility,10465,10486,apFAB81,BBa_J61122,5.589627711527724,8.868928909301758,-3.279301197774034,507.3131,,3.279301197774034,overprediction
double_unseen,4,log_translation_proxy,Ridge_B6_TSS_accessibility,6831,6843,apFAB78,DeadRBS,6.6096797818751565,9.877682277961767,-3.268002496086611,210.0006,1000.0,3.268002496086611,overprediction
double_unseen,4,log_translation_proxy,B6_TSS_accessibility,352,352,apFAB109,DeadRBS,12.83938731682563,9.57305908203125,3.266328234794379,10.0434,,3.266328234794379,underprediction
random,0,log_translation_proxy,B6_TSS_accessibility,11323,11347,apFAB96,BBa_J61139,4.808176760172191,8.052830696105957,-3.2446539359337656,340.0536,,3.2446539359337656,overprediction
double_unseen,0,log_translation_proxy,B6_TSS_accessibility,499,499,BBa_J23117,apFAB871,11.20741067534714,7.964634418487549,3.2427762568595924,109.1898,,3.2427762568595924,underprediction
double_unseen,4,log_translation_proxy,Ridge_B6_TSS_accessibility,10387,10408,apFAB71,DeadRBS,5.728292029609998,8.96984861417788,-3.241556584567883,144.4748,1000.0,3.241556584567883,overprediction
double_unseen,1,log_translation_proxy,B6_TSS_accessibility,9508,9526,apFAB29,BBa_J61130,7.013161716778901,10.252484321594238,-3.239322604815337,39.2114,,3.239322604815337,overprediction
random,3,log_prot,B6_TSS_accessibility,2347,2350,apFAB312,apFAB903,7.536278321266743,10.76951789855957,-3.233239577292827,479.7093,,3.233239577292827,overprediction
double_unseen,1,log_translation_proxy,Ridge_B6_TSS_accessibility,9480,9498,apFAB29,BBa_J61124,5.777536514562562,8.999745733439163,-3.2222092188766007,36.1965,316.22776601683796,3.2222092188766007,overprediction
random,1,log_prot,B6_TSS_accessibility,9236,9253,apFAB40,GSG_RBS,8.429064928700333,11.646269798278809,-3.2172048695784756,65741.7423,,3.2172048695784756,overprediction
double_unseen,2,log_translation_proxy,B6_TSS_accessibility,1970,1972,BBa_J23107,apFAB820,12.312060078869669,9.09652042388916,3.2155396549805086,3406.0327,,3.2155396549805086,underprediction
random,1,log_translation_proxy,B6_TSS_accessibility,10101,10121,apFAB79,BBa_J61106,5.3617317012031105,8.56116008758545,-3.1994283863823387,383.4123,,3.1994283863823387,overprediction
double_unseen,2,log_translation_proxy,B6_TSS_accessibility,5884,5894,BBa_J23104,BBa_J61103,7.006393357708069,10.202256202697754,-3.1958628449896853,90.8328,,3.1958628449896853,overprediction
random,3,log_translation_proxy,B6_TSS_accessibility,5039,5047,apFAB346,salis-4-10,7.699367563062005,10.894535064697266,-3.19516750163526,398.4464,,3.19516750163526,overprediction
double_unseen,1,log_translation_proxy,Ridge_B6_TSS_accessibility,8147,8161,apFAB76,BBa_J61133,5.27170248245245,8.46064913334821,-3.188946650895761,87.271,316.22776601683796,3.188946650895761,overprediction
random,2,log_prot,B6_TSS_accessibility,8863,8880,BBa_J23119,apFAB903,7.603815950976176,10.792535781860352,-3.1887198308841755,243.0185,,3.1887198308841755,overprediction
random,0,log_prot,B6_TSS_accessibility,7596,7608,apFAB103,apFAB903,7.867313640708604,11.048861503601074,-3.1815478628924705,274.0047,,3.1815478628924705,overprediction
rbs_holdout,1,log_translation_proxy,B6_TSS_accessibility,1967,1969,BBa_J23107,apFAB916,13.009062711726992,9.83963394165039,3.1694287700766015,2107.5329,,3.1694287700766015,underprediction
rbs_holdout,2,log_translation_proxy,B6_TSS_accessibility,8459,8474,pLlacO1,apFAB864,6.252859443537368,9.408477783203123,-3.1556183396657573,207.0846,,3.1556183396657573,overprediction
double_unseen,3,log_translation_proxy,Ridge_B6_TSS_accessibility,8480,8495,pLlacO1,apFAB843,6.421011043926032,9.567033505375212,-3.1460224614491805,362.5501,1000.0,3.1460224614491805,overprediction
rbs_holdout,0,log_translation_proxy,B6_TSS_accessibility,10033,10052,apFAB79,Alon_RBS,5.09226818329411,8.231722831726074,-3.139454648431964,1203.7996,,3.139454648431964,overprediction
double_unseen,4,log_translation_proxy,B6_TSS_accessibility,5166,5175,BBa_J23102,BBa_J61131,8.01809333681961,11.128388404846191,-3.1102950680265806,257.0025,,3.1102950680265806,overprediction
rbs_holdout,4,log_translation_proxy,B6_TSS_accessibility,11500,11524,pT7A1,DeadRBS,4.778446258111214,7.884556293487549,-3.106110035376335,23.5334,,3.106110035376335,overprediction
rbs_holdout,4,log_translation_proxy,B6_TSS_accessibility,6586,6596,apFAB72,apFAB869,7.394414486026084,10.499296188354492,-3.1048817023284085,263.2601,,3.1048817023284085,overprediction
double_unseen,2,log_translation_proxy,B6_TSS_accessibility,7770,7784,apFAB75,apFAB864,6.6926308825050045,9.796066284179688,-3.103435401674683,162.8961,,3.103435401674683,overprediction
double_unseen,1,log_translation_proxy,Ridge_B6_TSS_accessibility,10179,10199,apFAB70,BBa_J61128,5.143030459928088,8.22046719290781,-3.077436732979722,90.8328,316.22776601683796,3.077436732979722,overprediction
random,3,log_prot,B6_TSS_accessibility,2803,2806,apFAB49,apFAB843,7.527559905140235,10.60499382019043,-3.077433915050195,321.5507,,3.077433915050195,overprediction
rbs_holdout,4,log_translation_proxy,B6_TSS_accessibility,11551,11575,apFAB101,DeadRBS,5.0633076977607505,8.133820533752441,-3.070512835991691,367.1765,,3.070512835991691,overprediction
double_unseen,2,log_translation_proxy,Ridge_B6_TSS_accessibility,10822,10845,apFAB93,BBa_J61115,6.548645394710556,9.616777420402716,-3.06813202569216,671.2529,1000.0,3.06813202569216,overprediction
random,3,log_prot,B6_TSS_accessibility,3988,3991,apFAB306,apFAB914,7.623029495834904,10.684697151184082,-3.0616676553491775,224.3332,,3.0616676553491775,overprediction
double_unseen,4,log_translation_proxy,Ridge_B6_TSS_accessibility,10602,10624,apFAB92,BBa_J61122,6.2993110008951785,9.35696716889087,-3.0576561679956917,671.2529,1000.0,3.0576561679956917,overprediction
random,0,log_prot,B6_TSS_accessibility,10446,10467,apFAB81,BBa_J61115,8.138172429210725,11.19450569152832,-3.0563332623175956,4061.3025,,3.0563332623175956,overprediction
rbs_holdout,3,log_translation_proxy,B6_TSS_accessibility,6574,6584,apFAB72,apFAB843,7.266788947395388,10.317641258239746,-3.050852310844358,176.4641,,3.050852310844358,overprediction
double_unseen,4,log_translation_proxy,Ridge_B6_TSS_accessibility,6616,6627,apFAB72,BBa_J61111,6.107612216322657,9.157719252836536,-3.0501070365138787,22.3971,1000.0,3.0501070365138787,overprediction
rbs_holdout,2,log_translation_proxy,B6_TSS_accessibility,6423,6433,apFAB62,BBa_J61129,10.339581174172409,7.291705131530762,3.047876042641647,77.4018,,3.047876042641647,underprediction
rbs_holdout,2,log_translation_proxy,B6_TSS_accessibility,1925,1927,BBa_J23107,apFAB912,12.889505323581094,9.84505558013916,3.044449743441934,1725.4804,,3.044449743441934,underprediction
random,1,log_prot,B6_TSS_accessibility,6586,6596,apFAB72,apFAB869,7.733202774869475,10.771963119506836,-3.038760344637361,263.2601,,3.038760344637361,overprediction
random,4,log_translation_proxy,B6_TSS_accessibility,352,352,apFAB109,DeadRBS,12.83938731682563,9.81396484375,3.025422473075629,10.0434,,3.025422473075629,underprediction
rbs_holdout,3,log_translation_proxy,B6_TSS_accessibility,8480,8495,pLlacO1,apFAB843,6.421011043926032,9.446240425109863,-3.0252293811838316,362.5501,,3.0252293811838316,overprediction
rbs_holdout,4,log_translation_proxy,B6_TSS_accessibility,9829,9847,apFAB61,DeadRBS,5.498933507636936,8.518906593322754,-3.019973085685818,505.6592,,3.019973085685818,overprediction
random,3,log_translation_proxy,B6_TSS_accessibility,6574,6584,apFAB72,apFAB843,7.266788947395388,10.281021118164062,-3.0142321707686746,176.4641,,3.0142321707686746,overprediction
random,3,log_translation_proxy,B6_TSS_accessibility,11491,11515,pT7A1,apFAB954,6.277671886154074,9.288350105285645,-3.01067821913157,377.347,,3.01067821913157,overprediction
random,4,log_prot,B6_TSS_accessibility,6910,6922,apFAB97,Plotkin_RBS,7.491136677895648,10.492562294006348,-3.0014256161106996,1156.595,,3.0014256161106996,overprediction
random,3,log_prot,B6_TSS_accessibility,3196,3199,apFAB342,apFAB903,7.892350539226434,10.840377807617188,-2.948027268390754,377.347,,2.948027268390754,overprediction
random,0,log_prot,B6_TSS_accessibility,5697,5707,apFAB339,apFAB903,7.746401142130562,10.683106422424316,-2.9367052802937543,479.7093,,2.9367052802937543,overprediction
random,0,log_prot,B6_TSS_accessibility,6498,6508,apFAB62,BBa_J61127,11.43301717007366,8.515764236450195,2.9172529336234643,468.3067,,2.9172529336234643,underprediction
random,2,log_translation_proxy,B6_TSS_accessibility,9707,9725,apFAB341,GSG_RBS,5.906643659741585,8.773846626281738,-2.8672029665401535,36078.4737,,2.8672029665401535,overprediction
random,1,log_translation_proxy,B6_TSS_accessibility,9303,9320,pTrc*,BBa_J61109,10.21023272338704,7.373224258422852,2.837008464964189,549.5685,,2.837008464964189,underprediction
random,0,log_translation_proxy,B6_TSS_accessibility,7596,7608,apFAB103,apFAB903,6.940355377628455,9.686644554138184,-2.7462891765097286,274.0047,,2.7462891765097286,overprediction
random,1,log_translation_proxy,B6_TSS_accessibility,6586,6596,apFAB72,apFAB869,7.394414486026084,10.098724365234377,-2.7043098792082914,263.2601,,2.7043098792082914,overprediction
random,3,log_translation_proxy,B6_TSS_accessibility,1967,1969,BBa_J23107,apFAB916,13.009062711726992,10.30557346343994,2.7034892482870507,2107.5329,,2.7034892482870507,underprediction
random,0,log_translation_proxy,B6_TSS_accessibility,10156,10176,apFAB70,BBa_J61131,6.669352411700782,9.365013122558594,-2.695660710857812,77.4018,,2.695660710857812,overprediction
random,1,log_translation_proxy,B6_TSS_accessibility,6023,6033,apFAB77,BBa_J61109,10.797245394221685,8.123907089233398,2.6733383049882864,644.9311,,2.6733383049882864,underprediction
random,3,log_translation_proxy,B6_TSS_accessibility,10013,10032,apFAB100,apFAB864,5.874549210789626,8.544557571411133,-2.670008360621507,233.489,,2.670008360621507,overprediction
random,0,log_translation_proxy,B6_TSS_accessibility,758,758,BBa_J23103,salis-3-11,12.143354967083996,9.475500106811523,2.667854860272472,726.044,,2.667854860272472,underprediction
random,1,log_translation_proxy,B6_TSS_accessibility,9493,9511,apFAB29,apFAB927,5.642469354692179,8.275185585021973,-2.6327162303297937,43.5117,,2.6327162303297937,overprediction
random,3,log_translation_proxy,B6_TSS_accessibility,10033,10052,apFAB79,Alon_RBS,5.09226818329411,7.722510814666748,-2.6302426313726377,1203.7996,,2.6302426313726377,overprediction
