scenario,target,feature_group,mean_delta_spearman,sd_across_folds_spearman,mean_delta_mae_log,sd_across_folds_mae_log,mean_permutation_sd_spearman,mean_permutation_sd_mae_log,n_folds,n_test_total,n_permutations
random,log_translation_proxy,promoter_recognition,0.3211003321725655,0.0026824820901025295,0.3095456611045547,0.0042163555583199265,0.03338734342883136,0.026402216949823042,5,11672,30
random,log_translation_proxy,rbs_recognition,0.35912494506238135,0.007945758520403884,0.3380413960808215,0.005086768329528323,0.03834491004425882,0.030139133589229993,5,11672,30
random,log_translation_proxy,transcript_accessibility,0.19262278904743785,0.004120371671222318,0.22105855325141208,0.006411714113618859,0.0088160540154262,0.007850040107410453,5,11672,30
random,log_prot,promoter_recognition,0.5726749519157731,0.026215343144894824,0.9388538423334658,0.03567299450102534,0.05330794057255468,0.0724107800411897,5,11672,30
random,log_prot,rbs_recognition,0.29746260721608453,0.009472021696675133,0.5279850976845211,0.014834440572894675,0.031400184430704796,0.049408837975053424,5,11672,30
random,log_prot,transcript_accessibility,0.13380707433553934,0.006161432502080423,0.27162561229929766,0.0126831042979363,0.005634366309793375,0.00894533857944321,5,11672,30
promoter_holdout,log_translation_proxy,promoter_recognition,0.14367216737512517,0.10151715033306338,0.11023501793553939,0.07675326021370911,0.06788095560836742,0.05486943710906726,5,11672,30
promoter_holdout,log_translation_proxy,rbs_recognition,0.3458482549897698,0.06605953400612719,0.27659697710845355,0.04127333631956424,0.03563388342536487,0.024095819403129756,5,11672,30
promoter_holdout,log_translation_proxy,transcript_accessibility,0.1851856998817056,0.061558595130131136,0.173154642794964,0.03847829228035619,0.009278927888111677,0.008024867118523401,5,11672,30
promoter_holdout,log_prot,promoter_recognition,0.35046642780404397,0.19070081326947697,0.5241922661990108,0.3195010936168632,0.11385381227069793,0.15982068770813332,5,11672,30
promoter_holdout,log_prot,rbs_recognition,0.28943307742242436,0.09874212978944068,0.39996105053286074,0.07508412092677724,0.026117667605733124,0.03300762859794432,5,11672,30
promoter_holdout,log_prot,transcript_accessibility,0.1265265018733609,0.05872734502910923,0.18332106251108557,0.04664580120243558,0.006358155077318961,0.008529969619848692,5,11672,30
rbs_holdout,log_translation_proxy,promoter_recognition,0.3465031004838365,0.027436464989584693,0.27817655871587327,0.03137716206320633,0.035703416374349185,0.02438946074451501,5,11672,30
rbs_holdout,log_translation_proxy,rbs_recognition,0.22469625478911595,0.10599323805212456,0.18592115595805586,0.0971760932471227,0.08258110625884492,0.05904827277379119,5,11672,30
rbs_holdout,log_translation_proxy,transcript_accessibility,0.15101504012032846,0.04401346994407134,0.1578204640061888,0.0520868775481973,0.009230252782809303,0.007977183386922469,5,11672,30
rbs_holdout,log_prot,promoter_recognition,0.592192204580148,0.030327132349502826,0.851973647979267,0.028464073591974094,0.05323492256260194,0.06547385241526812,5,11672,30
rbs_holdout,log_prot,rbs_recognition,0.17467761142610203,0.09714800612171157,0.28400607622197505,0.15682713496472286,0.055213808735247005,0.08454813036483214,5,11672,30
rbs_holdout,log_prot,transcript_accessibility,0.09173486405338067,0.03668262111113421,0.16608720403140098,0.06560745608431173,0.005679917273460715,0.008339240675172985,5,11672,30
double_unseen,log_translation_proxy,promoter_recognition,0.16783397850191856,0.0928435133911136,0.11260380358900005,0.07003914097900261,0.07266388693430151,0.048817888914839055,5,2337,30
double_unseen,log_translation_proxy,rbs_recognition,0.16825144105603634,0.0937569798292766,0.11859707323383824,0.06027563552544918,0.0731087448736002,0.04614442763378092,5,2337,30
double_unseen,log_translation_proxy,transcript_accessibility,0.1227063675502589,0.02263175823811037,0.10909201511038207,0.025004328109778307,0.02386145760092118,0.018290886869377857,5,2337,30
double_unseen,log_prot,promoter_recognition,0.3691411687548939,0.1956071251585493,0.4869137287709469,0.3142810975859961,0.11213234053242953,0.1358416496215477,5,2337,30
double_unseen,log_prot,rbs_recognition,0.13107982732234943,0.06639134564561729,0.1857032834509888,0.10458743709627133,0.05140737640026453,0.06705369711733433,5,2337,30
double_unseen,log_prot,transcript_accessibility,0.07732127405670931,0.026110712192400395,0.10086472027056195,0.017251873362965714,0.015548100608390047,0.021230461000607475,5,2337,30
