scenario,target,actual_bin,baseline,n,mae_log,median_absolute_error_log,rmse_log,mean_signed_residual,median_signed_residual,underprediction_fraction,overprediction_fraction
random,log_translation_proxy,5,B6_TSS_accessibility,2335,0.639683976066197,0.5591614729099668,0.7891060047054057,0.5583028780254906,0.5286150353661974,0.8668094218415417,0.13319057815845825
random,log_translation_proxy,4,B6_TSS_accessibility,2334,0.43762823804977785,0.3643728780836035,0.5564482878967731,0.2573376688853157,0.2726467244619579,0.7292202227934875,0.2707797772065124
random,log_translation_proxy,3,B6_TSS_accessibility,2334,0.3846580686351874,0.31307098302575476,0.4976639275726071,0.06509177464451091,0.06872853899529563,0.5621251071122536,0.43787489288774634
random,log_translation_proxy,2,B6_TSS_accessibility,2334,0.42861458170945166,0.34559011832014797,0.5498263503286377,-0.1929640938365158,-0.19501121073186933,0.350471293916024,0.6495287060839761
random,log_translation_proxy,1,B6_TSS_accessibility,2335,0.8211074355396051,0.724915312227381,1.0017136953095844,-0.6804466680570782,-0.6741859264465626,0.16102783725910064,0.8389721627408994
random,log_translation_proxy,5,Ridge_B6_TSS_accessibility,2335,1.1345355075930077,1.0845128276994611,1.3268806159178717,1.080447402502061,1.0807080915870522,0.9211991434689507,0.07880085653104925
random,log_translation_proxy,4,Ridge_B6_TSS_accessibility,2334,0.6670025597423734,0.6013078568624035,0.8028625747136342,0.5054761294257311,0.5332926210227571,0.7874892887746359,0.2125107112253642
random,log_translation_proxy,3,Ridge_B6_TSS_accessibility,2334,0.4836107348684613,0.4200398257824922,0.5989979585756516,0.12967190638601014,0.1462744903616695,0.6032562125107113,0.3967437874892888
random,log_translation_proxy,2,Ridge_B6_TSS_accessibility,2334,0.542148455187027,0.45531211912239034,0.6857435187359168,-0.38554546756714364,-0.3684427998874389,0.2609254498714653,0.7390745501285347
random,log_translation_proxy,1,Ridge_B6_TSS_accessibility,2335,1.3381424476997228,1.2247020086298281,1.561278989925384,-1.3303309357460502,-1.2247020086298281,0.022698072805139188,0.9773019271948609
random,log_translation_proxy,5,B7_OSTIR,2335,1.3320639245865808,1.2237041784598315,1.5434537992634325,1.322449999283706,1.2237041784598315,0.9708779443254818,0.029122055674518203
random,log_translation_proxy,4,B7_OSTIR,2334,0.6326609095475926,0.5808325667353618,0.7537698467833595,0.5327630286610148,0.5503102061239193,0.8487574978577549,0.15124250214224508
random,log_translation_proxy,3,B7_OSTIR,2334,0.4042989663871113,0.33261741794205424,0.5162504589874309,0.06768121992976256,0.1326577698348368,0.6152527849185947,0.3847472150814053
random,log_translation_proxy,2,B7_OSTIR,2334,0.5026871042003919,0.4024559988189065,0.6489312206881306,-0.43097347952493326,-0.3789155106901001,0.175235646958012,0.824764353041988
random,log_translation_proxy,1,B7_OSTIR,2335,1.500192963698436,1.347033007063791,1.714867418944414,-1.4920251215102336,-1.3457429210315457,0.007708779443254818,0.9922912205567452
random,log_prot,1,B6_TSS_accessibility,2335,0.613478773727955,0.4572394227529637,0.8271427496191969,-0.41511999596203164,-0.3253530604056323,0.28351177730192717,0.7164882226980728
random,log_prot,2,B6_TSS_accessibility,2334,0.7723256392411566,0.6574166429484309,0.9688777237864377,-0.5981213465281177,-0.5682520401274007,0.21893744644387317,0.7810625535561269
random,log_prot,3,B6_TSS_accessibility,2334,0.580250002896533,0.49201252580101684,0.7213777308415488,-0.02993774032550896,-0.04149622400855435,0.47857754927163665,0.5214224507283634
random,log_prot,4,B6_TSS_accessibility,2334,0.5822930983784732,0.46996177165503283,0.7475087320910594,0.4239431231283177,0.39275460991345135,0.7514995715509855,0.24850042844901457
random,log_prot,5,B6_TSS_accessibility,2335,0.6499580742623291,0.5621511254204457,0.8011586430111023,0.6191844300796245,0.5621511254204457,0.9053533190578158,0.09464668094218416
random,log_prot,1,Ridge_B6_TSS_accessibility,2335,1.5204505070936203,1.465589356169347,1.734124774780804,-1.4930183551885219,-1.465589356169347,0.047109207708779445,0.9528907922912205
random,log_prot,2,Ridge_B6_TSS_accessibility,2334,1.0539241110718467,0.9405628375194564,1.288881877672676,-0.8773067787489108,-0.8638634088673252,0.1778063410454156,0.8221936589545844
random,log_prot,3,Ridge_B6_TSS_accessibility,2334,0.7511141765520466,0.6326675196120046,0.9482202258939819,0.12184836344842423,0.09600531579438965,0.5377035132819195,0.46229648671808055
random,log_prot,4,Ridge_B6_TSS_accessibility,2334,1.0896728090478713,0.9354980276863909,1.3539942627296135,0.9374541109993002,0.8907607119414251,0.8333333333333334,0.16666666666666666
random,log_prot,5,Ridge_B6_TSS_accessibility,2335,1.3576861841286836,1.2973055271815248,1.5879090206837658,1.3117521989581584,1.2954439022995778,0.9271948608137045,0.0728051391862955
promoter_holdout,log_translation_proxy,5,B6_TSS_accessibility,2335,0.9325374199763214,0.8352219230967304,1.1527238617137747,0.8423350919431268,0.8301612808136802,0.8526766595289079,0.14732334047109208
promoter_holdout,log_translation_proxy,4,B6_TSS_accessibility,2334,0.600992298178339,0.5320910285598277,0.7410344116935103,0.3066357947431813,0.35158401719921173,0.6850899742930592,0.3149100257069409
promoter_holdout,log_translation_proxy,3,B6_TSS_accessibility,2334,0.5224947311971444,0.419571971410134,0.6633438545344192,0.007167524853269966,0.023932374024199454,0.5119965724078834,0.4880034275921165
promoter_holdout,log_translation_proxy,2,B6_TSS_accessibility,2334,0.6084661978169166,0.510321535621058,0.7657824799542897,-0.3204638378644454,-0.3124503626031512,0.32433590402742074,0.6756640959725793
promoter_holdout,log_translation_proxy,1,B6_TSS_accessibility,2335,1.0972864538365112,0.9890091442174729,1.328003240229492,-0.9344415493214809,-0.9196577859130475,0.13618843683083512,0.8638115631691649
promoter_holdout,log_translation_proxy,5,Ridge_B6_TSS_accessibility,2335,1.1886151286638413,1.13421633881193,1.3799545146127008,1.1382100793850627,1.1339277643406298,0.9271948608137045,0.0728051391862955
promoter_holdout,log_translation_proxy,4,Ridge_B6_TSS_accessibility,2334,0.6664951417358614,0.5968350238589979,0.7979123810566137,0.5189636638730192,0.5507504704470128,0.8084832904884319,0.19151670951156813
promoter_holdout,log_translation_proxy,3,Ridge_B6_TSS_accessibility,2334,0.4606913799501399,0.3961954488413566,0.5756648907941782,0.12073176042545655,0.14113079387630822,0.6041131105398457,0.39588688946015427
promoter_holdout,log_translation_proxy,2,Ridge_B6_TSS_accessibility,2334,0.5417124421990529,0.46009908336029515,0.6843820583079523,-0.4145628732665279,-0.38834331376479714,0.21979434447300772,0.7802056555269923
promoter_holdout,log_translation_proxy,1,Ridge_B6_TSS_accessibility,2335,1.4000889227916349,1.2884842515021315,1.6144109064168952,-1.3943265961737281,-1.2884842515021315,0.01670235546038544,0.9832976445396145
promoter_holdout,log_translation_proxy,5,B7_OSTIR,2335,1.342789858645978,1.230809049228581,1.5570680957085763,1.332458555424032,1.230809049228581,0.9683083511777302,0.03169164882226981
promoter_holdout,log_translation_proxy,4,B7_OSTIR,2334,0.6375290129771091,0.5840619348998377,0.7609515935959696,0.5367623409764304,0.5594959653310223,0.8483290488431876,0.15167095115681234
promoter_holdout,log_translation_proxy,3,B7_OSTIR,2334,0.40606145346750977,0.3374391358371742,0.5178140362301936,0.0665125928781355,0.13665661721738687,0.6161096829477292,0.3838903170522708
promoter_holdout,log_translation_proxy,2,B7_OSTIR,2334,0.5049191551205311,0.40647037879343717,0.6521257488478869,-0.43429884512849265,-0.3801664157665732,0.1700942587832048,0.8299057412167952
promoter_holdout,log_translation_proxy,1,B7_OSTIR,2335,1.5069217228123455,1.3563866260656,1.723287837816778,-1.49946562728279,-1.3541878808180563,0.007280513918629551,0.9927194860813704
promoter_holdout,log_prot,1,B6_TSS_accessibility,2335,1.0784746601241522,0.8254730467242553,1.4147295149449486,-0.8868132638251398,-0.7369000860667674,0.20770877944325483,0.7922912205567452
promoter_holdout,log_prot,2,B6_TSS_accessibility,2334,1.1969620740215954,1.1096762002503793,1.4503886647599047,-0.8160150556798033,-0.8897066174586072,0.2390745501285347,0.7609254498714653
promoter_holdout,log_prot,3,B6_TSS_accessibility,2334,0.9114196150772236,0.7360454261003859,1.158490405845599,0.008241732644350335,-0.07002052177947338,0.4717223650385604,0.5282776349614395
promoter_holdout,log_prot,4,B6_TSS_accessibility,2334,0.9547179507113386,0.6898567623881497,1.3122758402027932,0.6637263858649087,0.5124708724067508,0.7125107112253641,0.2874892887746358
promoter_holdout,log_prot,5,B6_TSS_accessibility,2335,0.9981748720131666,0.7438050807960455,1.3428101440782867,0.9514981857766748,0.7437151285811563,0.8933618843683083,0.10663811563169165
promoter_holdout,log_prot,1,Ridge_B6_TSS_accessibility,2335,1.5845261817371792,1.5194200781134048,1.7956563958878304,-1.5581981140320826,-1.5194200781134048,0.0423982869379015,0.9576017130620985
promoter_holdout,log_prot,2,Ridge_B6_TSS_accessibility,2334,1.0813616496217549,0.9712313898876284,1.3151851611727867,-0.893342432900764,-0.8913343119680226,0.17609254498714652,0.8239074550128535
promoter_holdout,log_prot,3,Ridge_B6_TSS_accessibility,2334,0.765914717019593,0.6394292887043296,0.9659096498276856,0.12884880115655478,0.10048354755087363,0.5368466152527849,0.46315338474721507
promoter_holdout,log_prot,4,Ridge_B6_TSS_accessibility,2334,1.1069415175693553,0.9443037577618068,1.3804938910404272,0.9585505190605985,0.9014260580664857,0.8371893744644388,0.16281062553556128
promoter_holdout,log_prot,5,Ridge_B6_TSS_accessibility,2335,1.3854721700099912,1.3028619793464653,1.622791674124566,1.3411838638192268,1.296971337481768,0.9314775160599572,0.06852248394004283
rbs_holdout,log_translation_proxy,5,B6_TSS_accessibility,2335,0.7816549168789116,0.7111595203930179,0.9353502288274461,0.7128054950875222,0.6956920739702444,0.8865096359743041,0.11349036402569593
rbs_holdout,log_translation_proxy,4,B6_TSS_accessibility,2334,0.5485141588456524,0.4722162396848484,0.6824289284325864,0.39213457656847817,0.3981953364521731,0.7682090831191088,0.23179091688089118
rbs_holdout,log_translation_proxy,3,B6_TSS_accessibility,2334,0.4505986048558743,0.3817616746776906,0.5747913964759707,0.1075831475203227,0.10596100169703337,0.5826906598114824,0.41730934018851756
rbs_holdout,log_translation_proxy,2,B6_TSS_accessibility,2334,0.5327330375488786,0.4577890856695319,0.6662306787248514,-0.27946691656703043,-0.28342539950496004,0.31276778063410454,0.6872322193658955
rbs_holdout,log_translation_proxy,1,B6_TSS_accessibility,2335,1.0781966935903906,1.002416197165111,1.2785141774799533,-0.9480955501776068,-0.9721509096480734,0.13147751605995717,0.8685224839400428
rbs_holdout,log_translation_proxy,5,Ridge_B6_TSS_accessibility,2335,1.167125754602272,1.1378167999267248,1.3459099414303086,1.1307215280335892,1.1378167999267248,0.9413276231263383,0.05867237687366167
rbs_holdout,log_translation_proxy,4,Ridge_B6_TSS_accessibility,2334,0.6578348902456893,0.5911517844269198,0.7881759491176783,0.5276074276347557,0.5456461619341244,0.8179091688089117,0.18209083119108826
rbs_holdout,log_translation_proxy,3,Ridge_B6_TSS_accessibility,2334,0.4549686110663717,0.3948278116750652,0.5654934945000499,0.12047624463289618,0.13752704026796003,0.6058269065981148,0.39417309340188517
rbs_holdout,log_translation_proxy,2,Ridge_B6_TSS_accessibility,2334,0.5469071990871269,0.457314429127865,0.6854817128246229,-0.42946479893065787,-0.40057436918708866,0.21122536418166238,0.7887746358183376
rbs_holdout,log_translation_proxy,1,Ridge_B6_TSS_accessibility,2335,1.4465949130916995,1.325130828263016,1.6654856938058198,-1.4435349406439284,-1.325130828263016,0.01113490364025696,0.9888650963597431
rbs_holdout,log_translation_proxy,5,B7_OSTIR,2335,1.3435505813138249,1.2453057696701038,1.549803490055468,1.3360955961878955,1.2453057696701038,0.9738758029978587,0.026124197002141327
rbs_holdout,log_translation_proxy,4,B7_OSTIR,2334,0.6337275538037556,0.5846774388196279,0.7541525676222587,0.5392298454350238,0.5534356088656711,0.8538988860325621,0.14610111396743788
rbs_holdout,log_translation_proxy,3,B7_OSTIR,2334,0.40138809333546305,0.3313779001279151,0.5166632136608805,0.06679552459939916,0.1276628857348996,0.6165381319622965,0.3834618680377035
rbs_holdout,log_translation_proxy,2,B7_OSTIR,2334,0.5045778953436749,0.39931767882280234,0.6536483579628499,-0.43508578691796185,-0.3811849020785454,0.17180805484147388,0.8281919451585261
rbs_holdout,log_translation_proxy,1,B7_OSTIR,2335,1.506831772457231,1.3533158806734953,1.7215509010617427,-1.4987145524655676,-1.353009405995257,0.007280513918629551,0.9927194860813704
rbs_holdout,log_prot,1,B6_TSS_accessibility,2335,0.7624173541564123,0.524685497211336,1.0576990946370015,-0.5778321368315644,-0.4038482028966026,0.2680942184154176,0.7319057815845824
rbs_holdout,log_prot,2,B6_TSS_accessibility,2334,1.0212897905412934,0.8660071392543989,1.2744374662097386,-0.7500449084006505,-0.6970584825903527,0.24378748928877464,0.7562125107112254
rbs_holdout,log_prot,3,B6_TSS_accessibility,2334,0.7691013307086224,0.6693034442421189,0.9481472350562175,-0.06758085239535233,-0.08642509567386192,0.46315338474721507,0.5368466152527849
rbs_holdout,log_prot,4,B6_TSS_accessibility,2334,0.7877433338739182,0.6433477874264852,1.0020320214550018,0.5737142439074255,0.5235943228934765,0.7407883461868038,0.2592116538131962
rbs_holdout,log_prot,5,B6_TSS_accessibility,2335,0.9665272060647334,0.8852202939022309,1.161728453660383,0.9462201404164444,0.8852202939022309,0.9353319057815845,0.06466809421841542
rbs_holdout,log_prot,1,Ridge_B6_TSS_accessibility,2335,1.6019464276876363,1.5313939540624713,1.8258424937110926,-1.5795528584601473,-1.5313939540624713,0.03854389721627409,0.961456102783726
rbs_holdout,log_prot,2,Ridge_B6_TSS_accessibility,2334,1.0865359393822196,0.9740734818221393,1.325170522751327,-0.9188736882975838,-0.9019744064608535,0.16281062553556128,0.8371893744644388
rbs_holdout,log_prot,3,Ridge_B6_TSS_accessibility,2334,0.7565637362378566,0.6345641282250414,0.9540328777027717,0.09963801268755745,0.07731702759289583,0.532133676092545,0.46786632390745503
rbs_holdout,log_prot,4,Ridge_B6_TSS_accessibility,2334,1.0951651249798253,0.9533910375447618,1.3578192348950002,0.9388110916767065,0.908099739726115,0.8299057412167952,0.1700942587832048
rbs_holdout,log_prot,5,Ridge_B6_TSS_accessibility,2335,1.3864688008837391,1.3328282348705525,1.6145575511831665,1.3434193532937417,1.3328282348705525,0.9340471092077087,0.06595289079229122
double_unseen,log_translation_proxy,4,B6_TSS_accessibility,467,0.7130761046142046,0.6631263773090961,0.8512050364508703,0.43931601123625236,0.5127135173615223,0.7130620985010707,0.28693790149892934
double_unseen,log_translation_proxy,5,B6_TSS_accessibility,468,1.1124099435561803,1.0631283685761108,1.3335061108255994,1.0512413718811982,1.059423754044472,0.8995726495726496,0.10042735042735043
double_unseen,log_translation_proxy,3,B6_TSS_accessibility,467,0.5748362079676401,0.48858696138823987,0.7083238010790397,0.11781124261823557,0.16542936418401233,0.5867237687366167,0.4132762312633833
double_unseen,log_translation_proxy,2,B6_TSS_accessibility,467,0.6452477172246874,0.5520174914865876,0.7992761749486456,-0.3816895149442773,-0.37090140773430136,0.284796573875803,0.715203426124197
double_unseen,log_translation_proxy,1,B6_TSS_accessibility,468,1.3401369046040397,1.2890026723733312,1.5705657915154638,-1.2090715591176966,-1.2749624529236856,0.12393162393162394,0.8760683760683761
double_unseen,log_translation_proxy,4,Ridge_B6_TSS_accessibility,467,0.6859363098645129,0.6287931443023371,0.8176514695383293,0.5334702724770602,0.5777668468502899,0.8051391862955032,0.1948608137044968
double_unseen,log_translation_proxy,5,Ridge_B6_TSS_accessibility,468,1.2217650975659187,1.1663603433093161,1.4045281586348468,1.1829556861008508,1.1663603433093161,0.9337606837606838,0.06623931623931624
double_unseen,log_translation_proxy,3,Ridge_B6_TSS_accessibility,467,0.4549575004390634,0.3954837152969919,0.5602212081531381,0.16382839359571766,0.1878593412277585,0.6445396145610278,0.3554603854389722
double_unseen,log_translation_proxy,2,Ridge_B6_TSS_accessibility,467,0.5116611914599944,0.4280740750318195,0.654039742949029,-0.4002930055794732,-0.3501276651909535,0.21627408993576017,0.7837259100642399
double_unseen,log_translation_proxy,1,Ridge_B6_TSS_accessibility,468,1.4388402825335385,1.3184781853473582,1.6372988341103534,-1.4336195000380096,-1.3184781853473582,0.01282051282051282,0.9871794871794872
double_unseen,log_translation_proxy,4,B7_OSTIR,467,0.6446194852343521,0.596455511785134,0.7659309681848309,0.5592160907493251,0.5629177502773395,0.8736616702355461,0.12633832976445397
double_unseen,log_translation_proxy,5,B7_OSTIR,468,1.3524543521122172,1.2467272375350662,1.587732090421306,1.3422915406271048,1.2467272375350662,0.9636752136752137,0.03632478632478633
double_unseen,log_translation_proxy,3,B7_OSTIR,467,0.40914211743996975,0.31729915095720074,0.5292821181253515,0.07896083530287523,0.13773469861763488,0.6231263383297645,0.37687366167023556
double_unseen,log_translation_proxy,2,B7_OSTIR,467,0.4881122808549605,0.4107837864536066,0.6237097492746254,-0.38509091943588575,-0.3751667842147164,0.22269807280513917,0.7773019271948608
double_unseen,log_translation_proxy,1,B7_OSTIR,468,1.45373780527075,1.3259346201844222,1.6491117161333404,-1.4497457979434503,-1.3259346201844222,0.004273504273504274,0.9957264957264957
double_unseen,log_prot,1,B6_TSS_accessibility,468,1.1889237515167859,0.8862488912803741,1.5507140652853726,-1.0217682542105646,-0.8131341053751591,0.18803418803418803,0.811965811965812
double_unseen,log_prot,2,B6_TSS_accessibility,467,1.3812398928593272,1.2286124396286358,1.6692225985063,-0.9772209966380799,-1.004715589140389,0.23768736616702354,0.7623126338329764
double_unseen,log_prot,3,B6_TSS_accessibility,467,0.925465879312972,0.7745320137795506,1.175048536239963,-0.10362404933296362,-0.18618351327511995,0.42398286937901497,0.576017130620985
double_unseen,log_prot,4,B6_TSS_accessibility,467,1.0744502859926375,0.7854599077684679,1.4521211629641135,0.8744898737790867,0.6853741758072118,0.7858672376873662,0.21413276231263384
double_unseen,log_prot,5,B6_TSS_accessibility,468,1.3864738782180845,1.219761042429897,1.7205051198137036,1.358858515156075,1.219761042429897,0.9423076923076923,0.057692307692307696
double_unseen,log_prot,1,Ridge_B6_TSS_accessibility,468,1.5901768462574644,1.5175861714345023,1.805427587345938,-1.5610805010406776,-1.5175861714345023,0.042735042735042736,0.9572649572649573
double_unseen,log_prot,2,Ridge_B6_TSS_accessibility,467,1.159408609027201,1.0978417979218502,1.3963921668235828,-0.9240387276119488,-1.0028189895829147,0.1948608137044968,0.8051391862955032
double_unseen,log_prot,3,Ridge_B6_TSS_accessibility,467,0.7674976982712978,0.6420000331617661,0.962229258509538,0.10511314450293437,0.07617428942359084,0.5289079229122056,0.47109207708779444
double_unseen,log_prot,4,Ridge_B6_TSS_accessibility,467,1.090215349635329,0.9306623856273717,1.357238048101203,0.9514111997216924,0.8967028000842667,0.8372591006423983,0.16274089935760172
double_unseen,log_prot,5,Ridge_B6_TSS_accessibility,468,1.4913343101819896,1.4732075032548915,1.7306617764381755,1.4501999279711006,1.4732075032548915,0.9337606837606838,0.06623931623931624
