scenario,fold,target,feature,importance
random,0,log_translation_proxy,gc_promoter,0.11150424927473068
random,0,log_translation_proxy,gc_rbs,0.0812176838517189
random,0,log_translation_proxy,score_minus10,0.07060858607292175
random,0,log_translation_proxy,score_minus35,0.09901231527328491
random,0,log_translation_proxy,spacer_length,0.08097045123577118
random,0,log_translation_proxy,spacer_optimal,0.047195062041282654
random,0,log_translation_proxy,score_sd,0.17923550307750702
random,0,log_translation_proxy,sd_spacing,0.127277672290802
random,0,log_translation_proxy,sd_spacing_optimal,0.03437582403421402
random,0,log_translation_proxy,sd_unpaired_probability,0.04181447997689247
random,0,log_translation_proxy,start_unpaired_probability,0.053064845502376556
random,0,log_translation_proxy,sd_start_opening_energy,0.07372333109378815
random,0,log_prot,gc_promoter,0.17335812747478485
random,0,log_prot,gc_rbs,0.060051899403333664
random,0,log_prot,score_minus10,0.1033364087343216
random,0,log_prot,score_minus35,0.13425694406032562
random,0,log_prot,spacer_length,0.09974945336580276
random,0,log_prot,spacer_optimal,0.07409567385911942
random,0,log_prot,score_sd,0.12819413840770721
random,0,log_prot,sd_spacing,0.09076336026191711
random,0,log_prot,sd_spacing_optimal,0.028346767649054527
random,0,log_prot,sd_unpaired_probability,0.02884644642472267
random,0,log_prot,start_unpaired_probability,0.03185683861374855
random,0,log_prot,sd_start_opening_energy,0.04714391753077507
random,1,log_translation_proxy,gc_promoter,0.10796544700860977
random,1,log_translation_proxy,gc_rbs,0.0817023366689682
random,1,log_translation_proxy,score_minus10,0.08763134479522705
random,1,log_translation_proxy,score_minus35,0.09074072539806366
random,1,log_translation_proxy,spacer_length,0.07054299116134644
random,1,log_translation_proxy,spacer_optimal,0.025623414665460587
random,1,log_translation_proxy,score_sd,0.20206359028816223
random,1,log_translation_proxy,sd_spacing,0.12499590963125229
random,1,log_translation_proxy,sd_spacing_optimal,0.040991850197315216
random,1,log_translation_proxy,sd_unpaired_probability,0.04086430370807648
random,1,log_translation_proxy,start_unpaired_probability,0.05011426657438278
random,1,log_translation_proxy,sd_start_opening_energy,0.07676378637552261
random,1,log_prot,gc_promoter,0.1622489094734192
random,1,log_prot,gc_rbs,0.06091994047164917
random,1,log_prot,score_minus10,0.09653168171644211
random,1,log_prot,score_minus35,0.13351258635520935
random,1,log_prot,spacer_length,0.10036694258451462
random,1,log_prot,spacer_optimal,0.07310754805803299
random,1,log_prot,score_sd,0.13890352845191956
random,1,log_prot,sd_spacing,0.10000025480985641
random,1,log_prot,sd_spacing_optimal,0.021442538127303123
random,1,log_prot,sd_unpaired_probability,0.029661482200026512
random,1,log_prot,start_unpaired_probability,0.03074522688984871
random,1,log_prot,sd_start_opening_energy,0.05255921930074692
random,2,log_translation_proxy,gc_promoter,0.10566145181655884
random,2,log_translation_proxy,gc_rbs,0.09013716876506805
random,2,log_translation_proxy,score_minus10,0.06940728425979614
random,2,log_translation_proxy,score_minus35,0.08860399574041367
random,2,log_translation_proxy,spacer_length,0.07347426563501358
random,2,log_translation_proxy,spacer_optimal,0.04912394657731056
random,2,log_translation_proxy,score_sd,0.19805365800857544
random,2,log_translation_proxy,sd_spacing,0.12098408490419388
random,2,log_translation_proxy,sd_spacing_optimal,0.03678818419575691
random,2,log_translation_proxy,sd_unpaired_probability,0.04118270426988602
random,2,log_translation_proxy,start_unpaired_probability,0.05192221701145172
random,2,log_translation_proxy,sd_start_opening_energy,0.07466107606887817
random,2,log_prot,gc_promoter,0.17634950578212738
random,2,log_prot,gc_rbs,0.06104984134435654
random,2,log_prot,score_minus10,0.09927559643983841
random,2,log_prot,score_minus35,0.1304096132516861
random,2,log_prot,spacer_length,0.0935048907995224
random,2,log_prot,spacer_optimal,0.06211376190185547
random,2,log_prot,score_sd,0.15012776851654053
random,2,log_prot,sd_spacing,0.08965553343296051
random,2,log_prot,sd_spacing_optimal,0.025918949395418167
random,2,log_prot,sd_unpaired_probability,0.03053179383277893
random,2,log_prot,start_unpaired_probability,0.030569469556212425
random,2,log_prot,sd_start_opening_energy,0.05049331858754158
random,3,log_translation_proxy,gc_promoter,0.11572238057851791
random,3,log_translation_proxy,gc_rbs,0.08541296422481537
random,3,log_translation_proxy,score_minus10,0.06675388664007187
random,3,log_translation_proxy,score_minus35,0.09707875549793243
random,3,log_translation_proxy,spacer_length,0.07671815156936646
random,3,log_translation_proxy,spacer_optimal,0.04272940009832382
random,3,log_translation_proxy,score_sd,0.18452338874340057
random,3,log_translation_proxy,sd_spacing,0.11596392095088959
random,3,log_translation_proxy,sd_spacing_optimal,0.049265868961811066
random,3,log_translation_proxy,sd_unpaired_probability,0.03859856724739075
random,3,log_translation_proxy,start_unpaired_probability,0.05002404749393463
random,3,log_translation_proxy,sd_start_opening_energy,0.07720857858657837
random,3,log_prot,gc_promoter,0.17469891905784607
random,3,log_prot,gc_rbs,0.05864711105823517
random,3,log_prot,score_minus10,0.09645375609397888
random,3,log_prot,score_minus35,0.13058622181415558
random,3,log_prot,spacer_length,0.09701310098171234
random,3,log_prot,spacer_optimal,0.08221685141324997
random,3,log_prot,score_sd,0.136519193649292
random,3,log_prot,sd_spacing,0.08509231358766556
random,3,log_prot,sd_spacing_optimal,0.029174884781241417
random,3,log_prot,sd_unpaired_probability,0.02759106457233429
random,3,log_prot,start_unpaired_probability,0.030706295743584633
random,3,log_prot,sd_start_opening_energy,0.05130034685134888
random,4,log_translation_proxy,gc_promoter,0.10954105854034424
random,4,log_translation_proxy,gc_rbs,0.08747954666614532
random,4,log_translation_proxy,score_minus10,0.07730801403522491
random,4,log_translation_proxy,score_minus35,0.092945396900177
random,4,log_translation_proxy,spacer_length,0.07085825502872467
random,4,log_translation_proxy,spacer_optimal,0.04789424315094948
random,4,log_translation_proxy,score_sd,0.1820504367351532
random,4,log_translation_proxy,sd_spacing,0.12590919435024261
random,4,log_translation_proxy,sd_spacing_optimal,0.028309285640716553
random,4,log_translation_proxy,sd_unpaired_probability,0.039152637124061584
random,4,log_translation_proxy,start_unpaired_probability,0.05401032790541649
random,4,log_translation_proxy,sd_start_opening_energy,0.08454155921936035
random,4,log_prot,gc_promoter,0.1684104949235916
random,4,log_prot,gc_rbs,0.058492790907621384
random,4,log_prot,score_minus10,0.1070752665400505
random,4,log_prot,score_minus35,0.13544195890426636
random,4,log_prot,spacer_length,0.09314396232366562
random,4,log_prot,spacer_optimal,0.06290718168020248
random,4,log_prot,score_sd,0.1363954097032547
random,4,log_prot,sd_spacing,0.093629390001297
random,4,log_prot,sd_spacing_optimal,0.02929847314953804
random,4,log_prot,sd_unpaired_probability,0.02968326024711132
random,4,log_prot,start_unpaired_probability,0.0316886231303215
random,4,log_prot,sd_start_opening_energy,0.05383305624127388
promoter_holdout,0,log_translation_proxy,gc_promoter,0.10719664394855499
promoter_holdout,0,log_translation_proxy,gc_rbs,0.07705323398113251
promoter_holdout,0,log_translation_proxy,score_minus10,0.07123308628797531
promoter_holdout,0,log_translation_proxy,score_minus35,0.1169368252158165
promoter_holdout,0,log_translation_proxy,spacer_length,0.09827747195959091
promoter_holdout,0,log_translation_proxy,spacer_optimal,0.07338603585958481
promoter_holdout,0,log_translation_proxy,score_sd,0.17188335955142975
promoter_holdout,0,log_translation_proxy,sd_spacing,0.10370881110429764
promoter_holdout,0,log_translation_proxy,sd_spacing_optimal,0.03579896315932274
promoter_holdout,0,log_translation_proxy,sd_unpaired_probability,0.038524676114320755
promoter_holdout,0,log_translation_proxy,start_unpaired_probability,0.04362380504608154
promoter_holdout,0,log_translation_proxy,sd_start_opening_energy,0.06237715110182762
promoter_holdout,0,log_prot,gc_promoter,0.15073639154434204
promoter_holdout,0,log_prot,gc_rbs,0.05408276990056038
promoter_holdout,0,log_prot,score_minus10,0.1148424819111824
promoter_holdout,0,log_prot,score_minus35,0.1812654435634613
promoter_holdout,0,log_prot,spacer_length,0.11939463019371033
promoter_holdout,0,log_prot,spacer_optimal,0.039769358932971954
promoter_holdout,0,log_prot,score_sd,0.12404734641313553
promoter_holdout,0,log_prot,sd_spacing,0.08145007491111755
promoter_holdout,0,log_prot,sd_spacing_optimal,0.03345324471592903
promoter_holdout,0,log_prot,sd_unpaired_probability,0.026901569217443466
promoter_holdout,0,log_prot,start_unpaired_probability,0.028765719383955002
promoter_holdout,0,log_prot,sd_start_opening_energy,0.04529093578457832
promoter_holdout,1,log_translation_proxy,gc_promoter,0.12582607567310333
promoter_holdout,1,log_translation_proxy,gc_rbs,0.08332614600658417
promoter_holdout,1,log_translation_proxy,score_minus10,0.07320985198020935
promoter_holdout,1,log_translation_proxy,score_minus35,0.09699322283267975
promoter_holdout,1,log_translation_proxy,spacer_length,0.06550589203834534
promoter_holdout,1,log_translation_proxy,spacer_optimal,0.05948568880558014
promoter_holdout,1,log_translation_proxy,score_sd,0.16789045929908752
promoter_holdout,1,log_translation_proxy,sd_spacing,0.1179618090391159
promoter_holdout,1,log_translation_proxy,sd_spacing_optimal,0.0375787578523159
promoter_holdout,1,log_translation_proxy,sd_unpaired_probability,0.03989053890109062
promoter_holdout,1,log_translation_proxy,start_unpaired_probability,0.05409309267997742
promoter_holdout,1,log_translation_proxy,sd_start_opening_energy,0.07823842763900757
promoter_holdout,1,log_prot,gc_promoter,0.20559300482273102
promoter_holdout,1,log_prot,gc_rbs,0.055626582354307175
promoter_holdout,1,log_prot,score_minus10,0.1393754780292511
promoter_holdout,1,log_prot,score_minus35,0.10062967240810394
promoter_holdout,1,log_prot,spacer_length,0.08087203651666641
promoter_holdout,1,log_prot,spacer_optimal,0.06967819482088089
promoter_holdout,1,log_prot,score_sd,0.12445882707834244
promoter_holdout,1,log_prot,sd_spacing,0.08758795261383057
promoter_holdout,1,log_prot,sd_spacing_optimal,0.019251516088843346
promoter_holdout,1,log_prot,sd_unpaired_probability,0.029097523540258408
promoter_holdout,1,log_prot,start_unpaired_probability,0.030681582167744637
promoter_holdout,1,log_prot,sd_start_opening_energy,0.05714757367968559
promoter_holdout,2,log_translation_proxy,gc_promoter,0.11164041608572006
promoter_holdout,2,log_translation_proxy,gc_rbs,0.08451817184686661
promoter_holdout,2,log_translation_proxy,score_minus10,0.08898638933897018
promoter_holdout,2,log_translation_proxy,score_minus35,0.08166681230068207
promoter_holdout,2,log_translation_proxy,spacer_length,0.059227582067251205
promoter_holdout,2,log_translation_proxy,spacer_optimal,0.047660235315561295
promoter_holdout,2,log_translation_proxy,score_sd,0.2009531557559967
promoter_holdout,2,log_translation_proxy,sd_spacing,0.1330977976322174
promoter_holdout,2,log_translation_proxy,sd_spacing_optimal,0.02905108593404293
promoter_holdout,2,log_translation_proxy,sd_unpaired_probability,0.043580565601587296
promoter_holdout,2,log_translation_proxy,start_unpaired_probability,0.04746910557150841
promoter_holdout,2,log_translation_proxy,sd_start_opening_energy,0.07214860618114471
promoter_holdout,2,log_prot,gc_promoter,0.1659187376499176
promoter_holdout,2,log_prot,gc_rbs,0.059214357286691666
promoter_holdout,2,log_prot,score_minus10,0.10091710835695267
promoter_holdout,2,log_prot,score_minus35,0.1520359367132187
promoter_holdout,2,log_prot,spacer_length,0.10244228690862656
promoter_holdout,2,log_prot,spacer_optimal,0.06631993502378464
promoter_holdout,2,log_prot,score_sd,0.1323092132806778
promoter_holdout,2,log_prot,sd_spacing,0.09655391424894333
promoter_holdout,2,log_prot,sd_spacing_optimal,0.02103184349834919
promoter_holdout,2,log_prot,sd_unpaired_probability,0.027722125872969627
promoter_holdout,2,log_prot,start_unpaired_probability,0.030825354158878326
promoter_holdout,2,log_prot,sd_start_opening_energy,0.04470933601260185
promoter_holdout,3,log_translation_proxy,gc_promoter,0.10085746645927429
promoter_holdout,3,log_translation_proxy,gc_rbs,0.08363109827041626
promoter_holdout,3,log_translation_proxy,score_minus10,0.05485326424241066
promoter_holdout,3,log_translation_proxy,score_minus35,0.11050444096326828
promoter_holdout,3,log_translation_proxy,spacer_length,0.05901980400085449
promoter_holdout,3,log_translation_proxy,spacer_optimal,0.05339646339416504
promoter_holdout,3,log_translation_proxy,score_sd,0.18845900893211365
promoter_holdout,3,log_translation_proxy,sd_spacing,0.13705165684223175
promoter_holdout,3,log_translation_proxy,sd_spacing_optimal,0.03925305977463722
promoter_holdout,3,log_translation_proxy,sd_unpaired_probability,0.04052799940109253
promoter_holdout,3,log_translation_proxy,start_unpaired_probability,0.0504910871386528
promoter_holdout,3,log_translation_proxy,sd_start_opening_energy,0.08195462822914124
promoter_holdout,3,log_prot,gc_promoter,0.151702880859375
promoter_holdout,3,log_prot,gc_rbs,0.060893714427948
promoter_holdout,3,log_prot,score_minus10,0.1104399710893631
promoter_holdout,3,log_prot,score_minus35,0.11269773542881012
promoter_holdout,3,log_prot,spacer_length,0.11184962838888168
promoter_holdout,3,log_prot,spacer_optimal,0.11399085074663162
promoter_holdout,3,log_prot,score_sd,0.1291723996400833
promoter_holdout,3,log_prot,sd_spacing,0.08535098284482956
promoter_holdout,3,log_prot,sd_spacing_optimal,0.018067410215735435
promoter_holdout,3,log_prot,sd_unpaired_probability,0.027966240420937538
promoter_holdout,3,log_prot,start_unpaired_probability,0.029174361377954483
promoter_holdout,3,log_prot,sd_start_opening_energy,0.04869388788938522
promoter_holdout,4,log_translation_proxy,gc_promoter,0.09586461633443832
promoter_holdout,4,log_translation_proxy,gc_rbs,0.08235466480255127
promoter_holdout,4,log_translation_proxy,score_minus10,0.08808731287717819
promoter_holdout,4,log_translation_proxy,score_minus35,0.10666538774967194
promoter_holdout,4,log_translation_proxy,spacer_length,0.0958036258816719
promoter_holdout,4,log_translation_proxy,spacer_optimal,0.03469803184270859
promoter_holdout,4,log_translation_proxy,score_sd,0.18143020570278168
promoter_holdout,4,log_translation_proxy,sd_spacing,0.11490517109632492
promoter_holdout,4,log_translation_proxy,sd_spacing_optimal,0.026563849300146103
promoter_holdout,4,log_translation_proxy,sd_unpaired_probability,0.03646702319383621
promoter_holdout,4,log_translation_proxy,start_unpaired_probability,0.05680372565984726
promoter_holdout,4,log_translation_proxy,sd_start_opening_energy,0.08035635948181152
promoter_holdout,4,log_prot,gc_promoter,0.1667914241552353
promoter_holdout,4,log_prot,gc_rbs,0.05797168239951134
promoter_holdout,4,log_prot,score_minus10,0.10542002320289612
promoter_holdout,4,log_prot,score_minus35,0.13829749822616577
promoter_holdout,4,log_prot,spacer_length,0.08305709064006805
promoter_holdout,4,log_prot,spacer_optimal,0.09709855169057846
promoter_holdout,4,log_prot,score_sd,0.1337728649377823
promoter_holdout,4,log_prot,sd_spacing,0.08524195104837418
promoter_holdout,4,log_prot,sd_spacing_optimal,0.02269640378654003
promoter_holdout,4,log_prot,sd_unpaired_probability,0.027409546077251434
promoter_holdout,4,log_prot,start_unpaired_probability,0.02943335846066475
promoter_holdout,4,log_prot,sd_start_opening_energy,0.052809592336416245
rbs_holdout,0,log_translation_proxy,gc_promoter,0.10725466907024384
rbs_holdout,0,log_translation_proxy,gc_rbs,0.07906153053045273
rbs_holdout,0,log_translation_proxy,score_minus10,0.07255520671606064
rbs_holdout,0,log_translation_proxy,score_minus35,0.10770002752542496
rbs_holdout,0,log_translation_proxy,spacer_length,0.07336575537919998
rbs_holdout,0,log_translation_proxy,spacer_optimal,0.028067566454410553
rbs_holdout,0,log_translation_proxy,score_sd,0.1984756588935852
rbs_holdout,0,log_translation_proxy,sd_spacing,0.13739526271820068
rbs_holdout,0,log_translation_proxy,sd_spacing_optimal,0.03139009699225426
rbs_holdout,0,log_translation_proxy,sd_unpaired_probability,0.04006517678499222
rbs_holdout,0,log_translation_proxy,start_unpaired_probability,0.052292902022600174
rbs_holdout,0,log_translation_proxy,sd_start_opening_energy,0.07237628102302551
rbs_holdout,0,log_prot,gc_promoter,0.17431528866291046
rbs_holdout,0,log_prot,gc_rbs,0.060879308730363846
rbs_holdout,0,log_prot,score_minus10,0.10257641971111298
rbs_holdout,0,log_prot,score_minus35,0.1368112564086914
rbs_holdout,0,log_prot,spacer_length,0.09696841239929199
rbs_holdout,0,log_prot,spacer_optimal,0.043815676122903824
rbs_holdout,0,log_prot,score_sd,0.1546044498682022
rbs_holdout,0,log_prot,sd_spacing,0.09624871611595154
rbs_holdout,0,log_prot,sd_spacing_optimal,0.025964880362153053
rbs_holdout,0,log_prot,sd_unpaired_probability,0.030020272359251976
rbs_holdout,0,log_prot,start_unpaired_probability,0.032243698835372925
rbs_holdout,0,log_prot,sd_start_opening_energy,0.04555152729153633
rbs_holdout,1,log_translation_proxy,gc_promoter,0.10012824833393097
rbs_holdout,1,log_translation_proxy,gc_rbs,0.10733205080032349
rbs_holdout,1,log_translation_proxy,score_minus10,0.07366057485342026
rbs_holdout,1,log_translation_proxy,score_minus35,0.08402512222528458
rbs_holdout,1,log_translation_proxy,spacer_length,0.07306239008903503
rbs_holdout,1,log_translation_proxy,spacer_optimal,0.04789012297987938
rbs_holdout,1,log_translation_proxy,score_sd,0.2130930870771408
rbs_holdout,1,log_translation_proxy,sd_spacing,0.1060766726732254
rbs_holdout,1,log_translation_proxy,sd_spacing_optimal,0.036663249135017395
rbs_holdout,1,log_translation_proxy,sd_unpaired_probability,0.03455561771988869
rbs_holdout,1,log_translation_proxy,start_unpaired_probability,0.050869137048721313
rbs_holdout,1,log_translation_proxy,sd_start_opening_energy,0.0726437196135521
rbs_holdout,1,log_prot,gc_promoter,0.16444367170333862
rbs_holdout,1,log_prot,gc_rbs,0.07136671990156174
rbs_holdout,1,log_prot,score_minus10,0.09977476298809052
rbs_holdout,1,log_prot,score_minus35,0.13307416439056396
rbs_holdout,1,log_prot,spacer_length,0.09189891815185547
rbs_holdout,1,log_prot,spacer_optimal,0.05540526658296585
rbs_holdout,1,log_prot,score_sd,0.15699295699596405
rbs_holdout,1,log_prot,sd_spacing,0.08769865334033966
rbs_holdout,1,log_prot,sd_spacing_optimal,0.028595997020602226
rbs_holdout,1,log_prot,sd_unpaired_probability,0.027104463428258896
rbs_holdout,1,log_prot,start_unpaired_probability,0.030378568917512894
rbs_holdout,1,log_prot,sd_start_opening_energy,0.05326584726572037
rbs_holdout,2,log_translation_proxy,gc_promoter,0.1044243648648262
rbs_holdout,2,log_translation_proxy,gc_rbs,0.07923600822687149
rbs_holdout,2,log_translation_proxy,score_minus10,0.0746590793132782
rbs_holdout,2,log_translation_proxy,score_minus35,0.08793915808200836
rbs_holdout,2,log_translation_proxy,spacer_length,0.06162358075380325
rbs_holdout,2,log_translation_proxy,spacer_optimal,0.043980374932289124
rbs_holdout,2,log_translation_proxy,score_sd,0.20667243003845215
rbs_holdout,2,log_translation_proxy,sd_spacing,0.1380516141653061
rbs_holdout,2,log_translation_proxy,sd_spacing_optimal,0.040475357323884964
rbs_holdout,2,log_translation_proxy,sd_unpaired_probability,0.029163703322410583
rbs_holdout,2,log_translation_proxy,start_unpaired_probability,0.05786415934562683
rbs_holdout,2,log_translation_proxy,sd_start_opening_energy,0.07591011375188828
rbs_holdout,2,log_prot,gc_promoter,0.16522608697414398
rbs_holdout,2,log_prot,gc_rbs,0.06220758333802223
rbs_holdout,2,log_prot,score_minus10,0.09736265242099762
rbs_holdout,2,log_prot,score_minus35,0.12495019286870956
rbs_holdout,2,log_prot,spacer_length,0.09614265710115433
rbs_holdout,2,log_prot,spacer_optimal,0.06447981297969818
rbs_holdout,2,log_prot,score_sd,0.14400964975357056
rbs_holdout,2,log_prot,sd_spacing,0.09975999593734741
rbs_holdout,2,log_prot,sd_spacing_optimal,0.03701523691415787
rbs_holdout,2,log_prot,sd_unpaired_probability,0.021801061928272247
rbs_holdout,2,log_prot,start_unpaired_probability,0.037480760365724564
rbs_holdout,2,log_prot,sd_start_opening_energy,0.049564264714717865
rbs_holdout,3,log_translation_proxy,gc_promoter,0.11216875910758972
rbs_holdout,3,log_translation_proxy,gc_rbs,0.07357658445835114
rbs_holdout,3,log_translation_proxy,score_minus10,0.07777965068817139
rbs_holdout,3,log_translation_proxy,score_minus35,0.10086328536272049
rbs_holdout,3,log_translation_proxy,spacer_length,0.07754416018724442
rbs_holdout,3,log_translation_proxy,spacer_optimal,0.04438392072916031
rbs_holdout,3,log_translation_proxy,score_sd,0.1419706493616104
rbs_holdout,3,log_translation_proxy,sd_spacing,0.13573111593723297
rbs_holdout,3,log_translation_proxy,sd_spacing_optimal,0.04993165656924248
rbs_holdout,3,log_translation_proxy,sd_unpaired_probability,0.04996108636260033
rbs_holdout,3,log_translation_proxy,start_unpaired_probability,0.058051809668540955
rbs_holdout,3,log_translation_proxy,sd_start_opening_energy,0.0780373141169548
rbs_holdout,3,log_prot,gc_promoter,0.17117325961589813
rbs_holdout,3,log_prot,gc_rbs,0.048941537737846375
rbs_holdout,3,log_prot,score_minus10,0.10354015976190567
rbs_holdout,3,log_prot,score_minus35,0.13699635863304138
rbs_holdout,3,log_prot,spacer_length,0.1062769666314125
rbs_holdout,3,log_prot,spacer_optimal,0.0740663930773735
rbs_holdout,3,log_prot,score_sd,0.09513375908136368
rbs_holdout,3,log_prot,sd_spacing,0.10695115476846695
rbs_holdout,3,log_prot,sd_spacing_optimal,0.02540132775902748
rbs_holdout,3,log_prot,sd_unpaired_probability,0.035649869590997696
rbs_holdout,3,log_prot,start_unpaired_probability,0.03431672975420952
rbs_holdout,3,log_prot,sd_start_opening_energy,0.06155240908265114
rbs_holdout,4,log_translation_proxy,gc_promoter,0.09702573716640472
rbs_holdout,4,log_translation_proxy,gc_rbs,0.12079072743654251
rbs_holdout,4,log_translation_proxy,score_minus10,0.07494678348302841
rbs_holdout,4,log_translation_proxy,score_minus35,0.09177659451961517
rbs_holdout,4,log_translation_proxy,spacer_length,0.06847066432237625
rbs_holdout,4,log_translation_proxy,spacer_optimal,0.04172084107995033
rbs_holdout,4,log_translation_proxy,score_sd,0.19291584193706512
rbs_holdout,4,log_translation_proxy,sd_spacing,0.11765841394662857
rbs_holdout,4,log_translation_proxy,sd_spacing_optimal,0.0405125617980957
rbs_holdout,4,log_translation_proxy,sd_unpaired_probability,0.0401005782186985
rbs_holdout,4,log_translation_proxy,start_unpaired_probability,0.041323222219944
rbs_holdout,4,log_translation_proxy,sd_start_opening_energy,0.07275809347629547
rbs_holdout,4,log_prot,gc_promoter,0.1693158894777298
rbs_holdout,4,log_prot,gc_rbs,0.08202663064002991
rbs_holdout,4,log_prot,score_minus10,0.1084134578704834
rbs_holdout,4,log_prot,score_minus35,0.13248102366924286
rbs_holdout,4,log_prot,spacer_length,0.09881885349750519
rbs_holdout,4,log_prot,spacer_optimal,0.05759851261973381
rbs_holdout,4,log_prot,score_sd,0.14743101596832275
rbs_holdout,4,log_prot,sd_spacing,0.07397942990064621
rbs_holdout,4,log_prot,sd_spacing_optimal,0.026110127568244934
rbs_holdout,4,log_prot,sd_unpaired_probability,0.02860979735851288
rbs_holdout,4,log_prot,start_unpaired_probability,0.023600047454237938
rbs_holdout,4,log_prot,sd_start_opening_energy,0.051615141332149506
double_unseen,0,log_translation_proxy,gc_promoter,0.11345154792070389
double_unseen,0,log_translation_proxy,gc_rbs,0.07783114910125732
double_unseen,0,log_translation_proxy,score_minus10,0.08143322914838791
double_unseen,0,log_translation_proxy,score_minus35,0.10956642776727676
double_unseen,0,log_translation_proxy,spacer_length,0.0812651589512825
double_unseen,0,log_translation_proxy,spacer_optimal,0.058619096875190735
double_unseen,0,log_translation_proxy,score_sd,0.16041339933872223
double_unseen,0,log_translation_proxy,sd_spacing,0.12101033329963684
double_unseen,0,log_translation_proxy,sd_spacing_optimal,0.046652086079120636
double_unseen,0,log_translation_proxy,sd_unpaired_probability,0.041676152497529984
double_unseen,0,log_translation_proxy,start_unpaired_probability,0.047303855419158936
double_unseen,0,log_translation_proxy,sd_start_opening_energy,0.06077755615115166
double_unseen,0,log_prot,gc_promoter,0.16259682178497314
double_unseen,0,log_prot,gc_rbs,0.0547313317656517
double_unseen,0,log_prot,score_minus10,0.1110277995467186
double_unseen,0,log_prot,score_minus35,0.1728837490081787
double_unseen,0,log_prot,spacer_length,0.10937167704105377
double_unseen,0,log_prot,spacer_optimal,0.053120844066143036
double_unseen,0,log_prot,score_sd,0.13227932155132294
double_unseen,0,log_prot,sd_spacing,0.08593549579381943
double_unseen,0,log_prot,sd_spacing_optimal,0.019706420600414276
double_unseen,0,log_prot,sd_unpaired_probability,0.02877075783908367
double_unseen,0,log_prot,start_unpaired_probability,0.029712462797760963
double_unseen,0,log_prot,sd_start_opening_energy,0.039863232523202896
double_unseen,1,log_translation_proxy,gc_promoter,0.12367646396160126
double_unseen,1,log_translation_proxy,gc_rbs,0.10729879885911942
double_unseen,1,log_translation_proxy,score_minus10,0.06063499301671982
double_unseen,1,log_translation_proxy,score_minus35,0.0880388543009758
double_unseen,1,log_translation_proxy,spacer_length,0.07483741641044617
double_unseen,1,log_translation_proxy,spacer_optimal,0.034296583384275436
double_unseen,1,log_translation_proxy,score_sd,0.191440612077713
double_unseen,1,log_translation_proxy,sd_spacing,0.10982193052768707
double_unseen,1,log_translation_proxy,sd_spacing_optimal,0.03902013972401619
double_unseen,1,log_translation_proxy,sd_unpaired_probability,0.03588539734482765
double_unseen,1,log_translation_proxy,start_unpaired_probability,0.054447341710329056
double_unseen,1,log_translation_proxy,sd_start_opening_energy,0.08060149103403091
double_unseen,1,log_prot,gc_promoter,0.19619502127170563
double_unseen,1,log_prot,gc_rbs,0.06679569184780121
double_unseen,1,log_prot,score_minus10,0.12047050148248672
double_unseen,1,log_prot,score_minus35,0.10485219955444336
double_unseen,1,log_prot,spacer_length,0.08408671617507935
double_unseen,1,log_prot,spacer_optimal,0.06657271832227707
double_unseen,1,log_prot,score_sd,0.13587471842765808
double_unseen,1,log_prot,sd_spacing,0.08110451698303223
double_unseen,1,log_prot,sd_spacing_optimal,0.028200944885611534
double_unseen,1,log_prot,sd_unpaired_probability,0.026844961568713188
double_unseen,1,log_prot,start_unpaired_probability,0.03219319134950638
double_unseen,1,log_prot,sd_start_opening_energy,0.05680880695581436
double_unseen,2,log_translation_proxy,gc_promoter,0.10548484325408936
double_unseen,2,log_translation_proxy,gc_rbs,0.08502544462680817
double_unseen,2,log_translation_proxy,score_minus10,0.0788000077009201
double_unseen,2,log_translation_proxy,score_minus35,0.07187580317258835
double_unseen,2,log_translation_proxy,spacer_length,0.06356807053089142
double_unseen,2,log_translation_proxy,spacer_optimal,0.04393379017710686
double_unseen,2,log_translation_proxy,score_sd,0.21104544401168823
double_unseen,2,log_translation_proxy,sd_spacing,0.14444321393966675
double_unseen,2,log_translation_proxy,sd_spacing_optimal,0.036409132182598114
double_unseen,2,log_translation_proxy,sd_unpaired_probability,0.03390338271856308
double_unseen,2,log_translation_proxy,start_unpaired_probability,0.05108993500471115
double_unseen,2,log_translation_proxy,sd_start_opening_energy,0.0744210034608841
double_unseen,2,log_prot,gc_promoter,0.16207769513130188
double_unseen,2,log_prot,gc_rbs,0.05605991184711456
double_unseen,2,log_prot,score_minus10,0.09382286667823792
double_unseen,2,log_prot,score_minus35,0.1483498066663742
double_unseen,2,log_prot,spacer_length,0.08576751500368118
double_unseen,2,log_prot,spacer_optimal,0.07330463826656342
double_unseen,2,log_prot,score_sd,0.1446750909090042
double_unseen,2,log_prot,sd_spacing,0.10002875328063965
double_unseen,2,log_prot,sd_spacing_optimal,0.0357365757226944
double_unseen,2,log_prot,sd_unpaired_probability,0.02080603688955307
double_unseen,2,log_prot,start_unpaired_probability,0.03547968715429306
double_unseen,2,log_prot,sd_start_opening_energy,0.043891459703445435
double_unseen,3,log_translation_proxy,gc_promoter,0.10631678998470306
double_unseen,3,log_translation_proxy,gc_rbs,0.07966618239879608
double_unseen,3,log_translation_proxy,score_minus10,0.0560125894844532
double_unseen,3,log_translation_proxy,score_minus35,0.11389816552400589
double_unseen,3,log_translation_proxy,spacer_length,0.0591990202665329
double_unseen,3,log_translation_proxy,spacer_optimal,0.062120139598846436
double_unseen,3,log_translation_proxy,score_sd,0.1567455679178238
double_unseen,3,log_translation_proxy,sd_spacing,0.13568027317523956
double_unseen,3,log_translation_proxy,sd_spacing_optimal,0.036191750317811966
double_unseen,3,log_translation_proxy,sd_unpaired_probability,0.05112092196941376
double_unseen,3,log_translation_proxy,start_unpaired_probability,0.05795788764953613
double_unseen,3,log_translation_proxy,sd_start_opening_energy,0.08509069681167603
double_unseen,3,log_prot,gc_promoter,0.152893528342247
double_unseen,3,log_prot,gc_rbs,0.04649660363793373
double_unseen,3,log_prot,score_minus10,0.10433554649353027
double_unseen,3,log_prot,score_minus35,0.12434805184602737
double_unseen,3,log_prot,spacer_length,0.10562589764595032
double_unseen,3,log_prot,spacer_optimal,0.12589463591575623
double_unseen,3,log_prot,score_sd,0.09543958306312561
double_unseen,3,log_prot,sd_spacing,0.09231553226709366
double_unseen,3,log_prot,sd_spacing_optimal,0.03979885205626488
double_unseen,3,log_prot,sd_unpaired_probability,0.03260187804698944
double_unseen,3,log_prot,start_unpaired_probability,0.030332062393426895
double_unseen,3,log_prot,sd_start_opening_energy,0.049917884171009064
double_unseen,4,log_translation_proxy,gc_promoter,0.08393015712499619
double_unseen,4,log_translation_proxy,gc_rbs,0.12213407456874847
double_unseen,4,log_translation_proxy,score_minus10,0.08443497866392136
double_unseen,4,log_translation_proxy,score_minus35,0.10111546516418457
double_unseen,4,log_translation_proxy,spacer_length,0.08123791217803955
double_unseen,4,log_translation_proxy,spacer_optimal,0.03018905408680439
double_unseen,4,log_translation_proxy,score_sd,0.1742054522037506
double_unseen,4,log_translation_proxy,sd_spacing,0.11209370940923691
double_unseen,4,log_translation_proxy,sd_spacing_optimal,0.04534600302577019
double_unseen,4,log_translation_proxy,sd_unpaired_probability,0.041135817766189575
double_unseen,4,log_translation_proxy,start_unpaired_probability,0.048422921448946
double_unseen,4,log_translation_proxy,sd_start_opening_energy,0.07575441896915436
double_unseen,4,log_prot,gc_promoter,0.1602645069360733
double_unseen,4,log_prot,gc_rbs,0.07369747012853622
double_unseen,4,log_prot,score_minus10,0.10605595260858536
double_unseen,4,log_prot,score_minus35,0.13434508442878723
double_unseen,4,log_prot,spacer_length,0.08341866731643677
double_unseen,4,log_prot,spacer_optimal,0.12675704061985016
double_unseen,4,log_prot,score_sd,0.12606795132160187
double_unseen,4,log_prot,sd_spacing,0.06641500443220139
double_unseen,4,log_prot,sd_spacing_optimal,0.016892416402697563
double_unseen,4,log_prot,sd_unpaired_probability,0.02821200154721737
double_unseen,4,log_prot,start_unpaired_probability,0.025084439665079117
double_unseen,4,log_prot,sd_start_opening_energy,0.05278944596648216
