scenario,fold,target,baseline,n_test,spearman,mae_log,r2_log
random,0,log_translation_proxy,B4_sequence_only,2335,0.7660544960080341,0.6356853151260697,0.5979434408145821
random,0,log_translation_proxy,Ridge_B4_sequence_only,2335,0.5336912856302475,0.8615145251111533,0.2750394541575818
random,0,log_translation_proxy,B3_historical_MFE,2335,0.7702624384465772,0.6321876317972321,0.6115368719517124
random,0,log_translation_proxy,Ridge_B3_historical_MFE,2335,0.5424309559232728,0.8548294895329558,0.28886296259141997
random,0,log_translation_proxy,B6_TSS_accessibility,2335,0.8158921547492332,0.5644174251668043,0.6862951759518567
random,0,log_translation_proxy,Ridge_B6_TSS_accessibility,2335,0.5561023444811518,0.8359169198743174,0.32155877873735716
random,0,log_translation_proxy,B7_OSTIR,2335,0.45880008079607715,0.8832288118120865,0.19386448258515843
random,0,log_prot,B4_sequence_only,2335,0.8576930553913152,0.735762133619405,0.7364939249221646
random,0,log_prot,Ridge_B4_sequence_only,2335,0.634639923779187,1.190282216156428,0.39250255038947224
random,0,log_prot,B3_historical_MFE,2335,0.8623270751310425,0.7280782303376928,0.7446403584754993
random,0,log_prot,Ridge_B3_historical_MFE,2335,0.6356655195243984,1.188959636948531,0.39309922423440735
random,0,log_prot,B6_TSS_accessibility,2335,0.9036324759174497,0.636137944739098,0.809117057003317
random,0,log_prot,Ridge_B6_TSS_accessibility,2335,0.6527877051134733,1.1624622548455659,0.41767066973930556
random,1,log_translation_proxy,B4_sequence_only,2335,0.7579141102244714,0.6158858656867469,0.583366006264313
random,1,log_translation_proxy,Ridge_B4_sequence_only,2335,0.49628455660283793,0.8519227517001134,0.24487762568446092
random,1,log_translation_proxy,B3_historical_MFE,2335,0.759755424057608,0.6159156098584331,0.5938316534303516
random,1,log_translation_proxy,Ridge_B3_historical_MFE,2335,0.5078446807503867,0.8460851700047135,0.26096512319425236
random,1,log_translation_proxy,B6_TSS_accessibility,2335,0.8169003837874451,0.5343798266963927,0.6889802644517491
random,1,log_translation_proxy,Ridge_B6_TSS_accessibility,2335,0.5119542591245465,0.8361783520183035,0.28500219487710265
random,1,log_translation_proxy,B7_OSTIR,2335,0.4159092285960208,0.8740872413641362,0.16603715747893943
random,1,log_prot,B4_sequence_only,2335,0.8507274014247719,0.7252533190525672,0.7292183063284507
random,1,log_prot,Ridge_B4_sequence_only,2335,0.6418042389893311,1.1561162827932536,0.4041907483107976
random,1,log_prot,B3_historical_MFE,2335,0.8578463641401943,0.7146638460044722,0.7412251180458036
random,1,log_prot,Ridge_B3_historical_MFE,2335,0.6429331462023847,1.1542449431593178,0.4061352889249008
random,1,log_prot,B6_TSS_accessibility,2335,0.8940670812263088,0.6432206424777046,0.7985964044720899
random,1,log_prot,Ridge_B6_TSS_accessibility,2335,0.6508777136644266,1.140477968629553,0.41762783755263
random,2,log_translation_proxy,B4_sequence_only,2334,0.7694421422868203,0.6359111963328172,0.5887196973255571
random,2,log_translation_proxy,Ridge_B4_sequence_only,2334,0.5366522185827823,0.8575452732394527,0.2705610665828204
random,2,log_translation_proxy,B3_historical_MFE,2334,0.7717961061784164,0.632145530013005,0.6005734176275457
random,2,log_translation_proxy,Ridge_B3_historical_MFE,2334,0.5456517828516175,0.8492738322858473,0.2871154066486875
random,2,log_translation_proxy,B6_TSS_accessibility,2334,0.8374007832318275,0.53890503848219,0.7110135894731603
random,2,log_translation_proxy,Ridge_B6_TSS_accessibility,2334,0.5562425773432343,0.833153038257188,0.3247379572967021
random,2,log_translation_proxy,B7_OSTIR,2334,0.48132522421669416,0.8810771146989225,0.21423616721941463
random,2,log_prot,B4_sequence_only,2334,0.8536256441869066,0.7236664038951317,0.7346888820214814
random,2,log_prot,Ridge_B4_sequence_only,2334,0.6295330683676816,1.1913691034140101,0.38986768232395685
random,2,log_prot,B3_historical_MFE,2334,0.8563230833481361,0.7242478870513703,0.7397944162382805
random,2,log_prot,Ridge_B3_historical_MFE,2334,0.6289902826367351,1.1905404549729932,0.38902159223532384
random,2,log_prot,B6_TSS_accessibility,2334,0.8993790939103223,0.6325884399951205,0.8075097655114545
random,2,log_prot,Ridge_B6_TSS_accessibility,2334,0.6410549126655287,1.1694192410376143,0.4078686520626148
random,3,log_translation_proxy,B4_sequence_only,2334,0.7364137138637512,0.6388700306052084,0.5620358663674915
random,3,log_translation_proxy,Ridge_B4_sequence_only,2334,0.510108161714309,0.8472547439646263,0.25090144455122
random,3,log_translation_proxy,B3_historical_MFE,2334,0.742235830268576,0.6328971847419179,0.5753494541207652
random,3,log_translation_proxy,Ridge_B3_historical_MFE,2334,0.5141925252676371,0.8466620219299643,0.26158759839171564
random,3,log_translation_proxy,B6_TSS_accessibility,2334,0.8158886851874995,0.5412310459115195,0.6892353819101645
random,3,log_translation_proxy,Ridge_B6_TSS_accessibility,2334,0.5324045317856673,0.823552590365114,0.2989817882128851
random,3,log_translation_proxy,B7_OSTIR,2334,0.49714713590396314,0.8533796813082972,0.2173854963403523
random,3,log_prot,B4_sequence_only,2334,0.8526486191974849,0.7403646809147543,0.7320828570755381
random,3,log_prot,Ridge_B4_sequence_only,2334,0.6503717058939874,1.1678578506134998,0.41583692420383456
random,3,log_prot,B3_historical_MFE,2334,0.8581819977540254,0.7397200797866036,0.7403820604841878
random,3,log_prot,Ridge_B3_historical_MFE,2334,0.6502659839825649,1.1683490590508923,0.4153398950553061
random,3,log_prot,B6_TSS_accessibility,2334,0.9018372436339854,0.6327706498465567,0.8105017281460547
random,3,log_prot,Ridge_B6_TSS_accessibility,2334,0.6638297102163783,1.141118821058032,0.43689660711514744
random,4,log_translation_proxy,B4_sequence_only,2334,0.7718660643027803,0.6174507731861709,0.6084359650056543
random,4,log_translation_proxy,Ridge_B4_sequence_only,2334,0.525762197515844,0.8477603730573533,0.28016675219390197
random,4,log_translation_proxy,B3_historical_MFE,2334,0.7707579327005363,0.6157921061027807,0.6119602086722634
random,4,log_translation_proxy,Ridge_B3_historical_MFE,2334,0.5265483414500892,0.8486976408408653,0.28249586778674596
random,4,log_translation_proxy,B6_TSS_accessibility,2334,0.8296555375390611,0.546046878404653,0.6904286847927604
random,4,log_translation_proxy,Ridge_B6_TSS_accessibility,2334,0.5295127384793431,0.8387294646893098,0.2977414701970864
random,4,log_translation_proxy,B7_OSTIR,2334,0.4510870917494127,0.8814817774628618,0.18421342575151733
random,4,log_prot,B4_sequence_only,2334,0.8521749648239733,0.7183112011434766,0.7429226086230625
random,4,log_prot,Ridge_B4_sequence_only,2334,0.6077895916409859,1.1869781642516062,0.37198337593020936
random,4,log_prot,B3_historical_MFE,2334,0.8535767576511734,0.7215192182648724,0.7460801391988023
random,4,log_prot,Ridge_B3_historical_MFE,2334,0.6093252315159201,1.1850659757296687,0.3735121000756553
random,4,log_prot,B6_TSS_accessibility,2334,0.8913223027316979,0.6326575625947923,0.8044419433503078
random,4,log_prot,Ridge_B6_TSS_accessibility,2334,0.6229465366441752,1.1624667122824723,0.393718513263115
promoter_holdout,0,log_translation_proxy,B4_sequence_only,2366,0.5322054378865764,0.8330514666333615,0.20252679995696776
promoter_holdout,0,log_translation_proxy,Ridge_B4_sequence_only,2366,0.42347583217560514,0.8427777342971438,0.1553181525671138
promoter_holdout,0,log_translation_proxy,B3_historical_MFE,2366,0.51915015477684,0.8488431847156067,0.1836181013761734
promoter_holdout,0,log_translation_proxy,Ridge_B3_historical_MFE,2366,0.41995601991696097,0.8488443290497635,0.14766061346207038
promoter_holdout,0,log_translation_proxy,B6_TSS_accessibility,2366,0.7017314080701307,0.656170914021136,0.5146997665967475
promoter_holdout,0,log_translation_proxy,Ridge_B6_TSS_accessibility,2366,0.479294598669909,0.8171329090077233,0.23035669266660974
promoter_holdout,0,log_translation_proxy,B7_OSTIR,2366,0.51505266889685,0.8032549407355524,0.20219375412989427
promoter_holdout,0,log_prot,B4_sequence_only,2366,0.5781376024489525,1.1657340664638296,0.33138433937831724
promoter_holdout,0,log_prot,Ridge_B4_sequence_only,2366,0.5400815404927941,1.1969988852902207,0.2950970505142343
promoter_holdout,0,log_prot,B3_historical_MFE,2366,0.5446228909937786,1.1978857178999585,0.2904976286723121
promoter_holdout,0,log_prot,Ridge_B3_historical_MFE,2366,0.5388109990025636,1.1977643394736628,0.2941122654973153
promoter_holdout,0,log_prot,B6_TSS_accessibility,2366,0.672467952308712,1.0348975314447588,0.46562248243241255
promoter_holdout,0,log_prot,Ridge_B6_TSS_accessibility,2366,0.5551139855398265,1.1824059379809735,0.3115307022856083
promoter_holdout,1,log_translation_proxy,B4_sequence_only,2418,0.565389854418126,0.8012106574514842,0.3244215459931429
promoter_holdout,1,log_translation_proxy,Ridge_B4_sequence_only,2418,0.5074098991695031,0.8314738599384539,0.24626570408333748
promoter_holdout,1,log_translation_proxy,B3_historical_MFE,2418,0.5706932156172267,0.7905277548416987,0.34875106632141084
promoter_holdout,1,log_translation_proxy,Ridge_B3_historical_MFE,2418,0.5257000698067059,0.8239765921685066,0.2614272859948814
promoter_holdout,1,log_translation_proxy,B6_TSS_accessibility,2418,0.6739622641283618,0.6858289938041687,0.49999653242146336
promoter_holdout,1,log_translation_proxy,Ridge_B6_TSS_accessibility,2418,0.5322920414714516,0.8098116085762246,0.28928783194860763
promoter_holdout,1,log_translation_proxy,B7_OSTIR,2418,0.5398198505633849,0.8201637346958333,0.2612326746763206
promoter_holdout,1,log_prot,B4_sequence_only,2418,0.5166532852357373,1.2110177995231892,0.20984923676237854
promoter_holdout,1,log_prot,Ridge_B4_sequence_only,2418,0.594096609216851,1.1925146927070747,0.3095745005115237
promoter_holdout,1,log_prot,B3_historical_MFE,2418,0.5657772424125881,1.1474978293353264,0.30697954683746875
promoter_holdout,1,log_prot,Ridge_B3_historical_MFE,2418,0.590307814385057,1.1968908562574343,0.3054690901600132
promoter_holdout,1,log_prot,B6_TSS_accessibility,2418,0.6139928815648533,1.0967138709389874,0.3683871748566382
promoter_holdout,1,log_prot,Ridge_B6_TSS_accessibility,2418,0.59707233940906,1.1661684196118998,0.3231491369913104
promoter_holdout,2,log_translation_proxy,B4_sequence_only,2274,0.5070141812389941,0.9309029888743595,0.16344970021176963
promoter_holdout,2,log_translation_proxy,Ridge_B4_sequence_only,2274,0.48044993395541585,0.937253436149844,0.19612759295009408
promoter_holdout,2,log_translation_proxy,B3_historical_MFE,2274,0.541374439607011,0.9046764544349725,0.23291277583976355
promoter_holdout,2,log_translation_proxy,Ridge_B3_historical_MFE,2274,0.49045275275283307,0.9295347982310951,0.21474842560639884
promoter_holdout,2,log_translation_proxy,B6_TSS_accessibility,2274,0.6402280796326768,0.7875362713202257,0.405577058610481
promoter_holdout,2,log_translation_proxy,Ridge_B6_TSS_accessibility,2274,0.5367505659302327,0.8944694652216847,0.2657869049416499
promoter_holdout,2,log_translation_proxy,B7_OSTIR,2274,0.42458951224508046,0.9321781574473806,0.15474886999989323
promoter_holdout,2,log_prot,B4_sequence_only,2274,0.6657210468599373,1.0675224784331356,0.46386458809249487
promoter_holdout,2,log_prot,Ridge_B4_sequence_only,2274,0.6442859152014911,1.1685958668087235,0.4067477516909731
promoter_holdout,2,log_prot,B3_historical_MFE,2274,0.6739628176775618,1.059742024542672,0.47325375155058347
promoter_holdout,2,log_prot,Ridge_B3_historical_MFE,2274,0.6438349672533408,1.1704529240765673,0.4048184863733194
promoter_holdout,2,log_prot,B6_TSS_accessibility,2274,0.7442270801900486,0.9548470435635872,0.5649565536545536
promoter_holdout,2,log_prot,Ridge_B6_TSS_accessibility,2274,0.6578138152719674,1.150761569434693,0.42567203867713166
promoter_holdout,3,log_translation_proxy,B4_sequence_only,2260,0.4317535432628716,0.9578078671649491,0.14067132759224232
promoter_holdout,3,log_translation_proxy,Ridge_B4_sequence_only,2260,0.49912276117262167,0.9139787144982616,0.2405496933336515
promoter_holdout,3,log_translation_proxy,B3_historical_MFE,2260,0.472398079511559,0.9220983005387418,0.2095885189055362
promoter_holdout,3,log_translation_proxy,Ridge_B3_historical_MFE,2260,0.5110689845310609,0.9083349806599343,0.2561648287581094
promoter_holdout,3,log_translation_proxy,B6_TSS_accessibility,2260,0.5825501574751486,0.8128190668849544,0.385887172741046
promoter_holdout,3,log_translation_proxy,Ridge_B6_TSS_accessibility,2260,0.4873419770601149,0.908871716419896,0.2627250646078677
promoter_holdout,3,log_translation_proxy,B7_OSTIR,2260,0.42456824311330404,0.935262944863495,0.1755030844189155
promoter_holdout,3,log_prot,B4_sequence_only,2260,0.6733041657173485,1.0846011623214,0.4316614867179587
promoter_holdout,3,log_prot,Ridge_B4_sequence_only,2260,0.6553473865444003,1.1654954720012753,0.42514949196050467
promoter_holdout,3,log_prot,B3_historical_MFE,2260,0.701457939527179,1.0486465806973084,0.4666206426978077
promoter_holdout,3,log_prot,Ridge_B3_historical_MFE,2260,0.6563166808443286,1.1611460306615335,0.4264412630513802
promoter_holdout,3,log_prot,B6_TSS_accessibility,2260,0.7524466601508796,0.9561742555882078,0.5416278317276577
promoter_holdout,3,log_prot,Ridge_B6_TSS_accessibility,2260,0.664203293481527,1.1386134083219173,0.44623767863200003
promoter_holdout,4,log_translation_proxy,B4_sequence_only,2354,0.4244159079327576,0.9049596312848447,0.0742596342510643
promoter_holdout,4,log_translation_proxy,Ridge_B4_sequence_only,2354,0.5034056991656872,0.8398823067705798,0.25706080147559995
promoter_holdout,4,log_translation_proxy,B3_historical_MFE,2354,0.44096748401318603,0.8984163654891989,0.11371923812657991
promoter_holdout,4,log_translation_proxy,Ridge_B3_historical_MFE,2354,0.5059864309519517,0.8392066595000829,0.2687670243861714
promoter_holdout,4,log_translation_proxy,B6_TSS_accessibility,2354,0.5189253995224753,0.8183578871608547,0.2558545617592296
promoter_holdout,4,log_translation_proxy,Ridge_B6_TSS_accessibility,2354,0.47197583528475356,0.8427298798696056,0.24756708715594233
promoter_holdout,4,log_translation_proxy,B7_OSTIR,2354,0.4085523620049622,0.9011563403716125,0.12419025866564681
promoter_holdout,4,log_prot,B4_sequence_only,2354,0.6065999137202348,1.2565572321339518,0.29958570460400313
promoter_holdout,4,log_prot,Ridge_B4_sequence_only,2354,0.5772476038099691,1.335090796384549,0.2814098791028733
promoter_holdout,4,log_prot,B3_historical_MFE,2354,0.6103602427506334,1.2449804902633068,0.31334067463382087
promoter_holdout,4,log_prot,Ridge_B3_historical_MFE,2354,0.5781156592709915,1.3330689091059307,0.28296684441417863
promoter_holdout,4,log_prot,B6_TSS_accessibility,2354,0.6840886882604981,1.1623229668331008,0.42756342725251106
promoter_holdout,4,log_prot,Ridge_B6_TSS_accessibility,2354,0.594157568382159,1.3151850359727224,0.2988328444007494
rbs_holdout,0,log_translation_proxy,B4_sequence_only,2337,0.7601188766750494,0.6203651936807912,0.5542711622428795
rbs_holdout,0,log_translation_proxy,Ridge_B4_sequence_only,2337,0.525027154209323,0.8182156282875884,0.26938410285329484
rbs_holdout,0,log_translation_proxy,B3_historical_MFE,2337,0.7595493814165102,0.6143147580732651,0.5668583417704325
rbs_holdout,0,log_translation_proxy,Ridge_B3_historical_MFE,2337,0.5258855996699591,0.818320728368119,0.2777175499902217
rbs_holdout,0,log_translation_proxy,B6_TSS_accessibility,2337,0.7969904276865414,0.552626362210164,0.6541288389347237
rbs_holdout,0,log_translation_proxy,Ridge_B6_TSS_accessibility,2337,0.5542069084012049,0.7836403980563077,0.34499874956891075
rbs_holdout,0,log_translation_proxy,B7_OSTIR,2337,0.44640165810266774,0.8799198765935551,0.14166740714833748
rbs_holdout,0,log_prot,B4_sequence_only,2337,0.8362173924038708,0.7353235095320435,0.726155566305167
rbs_holdout,0,log_prot,Ridge_B4_sequence_only,2337,0.6243997377517582,1.1766724479084523,0.38066382570104906
rbs_holdout,0,log_prot,B3_historical_MFE,2337,0.8404766928650526,0.7363513158245552,0.7337300682346568
rbs_holdout,0,log_prot,Ridge_B3_historical_MFE,2337,0.6238485414090797,1.1752514528733553,0.3801068795187854
rbs_holdout,0,log_prot,B6_TSS_accessibility,2337,0.8717180136875068,0.6508359650711286,0.7961600673040348
rbs_holdout,0,log_prot,Ridge_B6_TSS_accessibility,2337,0.6471621284598544,1.137975341019377,0.41535820015862934
rbs_holdout,1,log_translation_proxy,B4_sequence_only,2358,0.5698649372703728,0.8052008110426637,0.24154102259004184
rbs_holdout,1,log_translation_proxy,Ridge_B4_sequence_only,2358,0.44127700010501053,0.8340289435340259,0.13605266483501777
rbs_holdout,1,log_translation_proxy,B3_historical_MFE,2358,0.5720414073948851,0.800958202691423,0.26009693463897987
rbs_holdout,1,log_translation_proxy,Ridge_B3_historical_MFE,2358,0.4295363249814062,0.8373258321121926,0.13683694084037767
rbs_holdout,1,log_translation_proxy,B6_TSS_accessibility,2358,0.668403426915393,0.6755830352897415,0.44191176126447274
rbs_holdout,1,log_translation_proxy,Ridge_B6_TSS_accessibility,2358,0.45683862026782734,0.824623203703047,0.16410180063558688
rbs_holdout,1,log_translation_proxy,B7_OSTIR,2358,0.4120799967573289,0.8041914927031212,0.15622781956747978
rbs_holdout,1,log_prot,B4_sequence_only,2358,0.7478869380368892,0.9931038103029838,0.5347695444859124
rbs_holdout,1,log_prot,Ridge_B4_sequence_only,2358,0.6324579475519827,1.2320938275401991,0.3359241451816014
rbs_holdout,1,log_prot,B3_historical_MFE,2358,0.7519905305972346,0.9812662676701018,0.5501287150101415
rbs_holdout,1,log_prot,Ridge_B3_historical_MFE,2358,0.6333213441575032,1.2309394098794273,0.33743247601973814
rbs_holdout,1,log_prot,B6_TSS_accessibility,2358,0.7921862072589669,0.8866489891837591,0.630191708704054
rbs_holdout,1,log_prot,Ridge_B6_TSS_accessibility,2358,0.6488863083913486,1.2059756280358513,0.3612865951178793
rbs_holdout,2,log_translation_proxy,B4_sequence_only,2323,0.6292711179679725,0.7290939400309767,0.44218337414430176
rbs_holdout,2,log_translation_proxy,Ridge_B4_sequence_only,2323,0.4925061255561026,0.8405752489724921,0.23173830936793238
rbs_holdout,2,log_translation_proxy,B3_historical_MFE,2323,0.620839370803891,0.7276412673255542,0.4518195749140068
rbs_holdout,2,log_translation_proxy,Ridge_B3_historical_MFE,2323,0.5138255374345864,0.8272875649414829,0.2542994157412023
rbs_holdout,2,log_translation_proxy,B6_TSS_accessibility,2323,0.7200593608419098,0.6429540691946841,0.5611955938591552
rbs_holdout,2,log_translation_proxy,Ridge_B6_TSS_accessibility,2323,0.49866883412896584,0.833176051941943,0.25686451893298945
rbs_holdout,2,log_translation_proxy,B7_OSTIR,2323,0.4976482524997506,0.8139439451161584,0.2460402286552601
rbs_holdout,2,log_prot,B4_sequence_only,2323,0.721973160233252,0.9619250708501293,0.5482314826618728
rbs_holdout,2,log_prot,Ridge_B4_sequence_only,2323,0.6152816162393057,1.1766355756394415,0.3773474464982133
rbs_holdout,2,log_prot,B3_historical_MFE,2323,0.7253030750512712,0.9577513310383177,0.5571341056582549
rbs_holdout,2,log_prot,Ridge_B3_historical_MFE,2323,0.6155566949039414,1.176746830403715,0.3772531032385211
rbs_holdout,2,log_prot,B6_TSS_accessibility,2323,0.7708075984911696,0.8795292214795588,0.6331601492901453
rbs_holdout,2,log_prot,Ridge_B6_TSS_accessibility,2323,0.6275281339647147,1.1546983598673388,0.39563846821660575
rbs_holdout,3,log_translation_proxy,B4_sequence_only,2350,0.7206431939641608,0.7231243534099303,0.5659924341790725
rbs_holdout,3,log_translation_proxy,Ridge_B4_sequence_only,2350,0.5691597089147095,0.8992844411045545,0.289891554754536
rbs_holdout,3,log_translation_proxy,B3_historical_MFE,2350,0.7311475959586432,0.7168594958507456,0.5731227666873409
rbs_holdout,3,log_translation_proxy,Ridge_B3_historical_MFE,2350,0.5665308486660262,0.8994311588415704,0.2864801926429049
rbs_holdout,3,log_translation_proxy,B6_TSS_accessibility,2350,0.6920245775588052,0.7568322527293262,0.503648295717109
rbs_holdout,3,log_translation_proxy,Ridge_B6_TSS_accessibility,2350,0.5578474874308464,0.8939037801046207,0.2843922878677403
rbs_holdout,3,log_translation_proxy,B7_OSTIR,2350,0.3925028862143142,0.9714822336572052,0.1442202639533805
rbs_holdout,3,log_prot,B4_sequence_only,2350,0.8237847454369088,0.8307603670252444,0.667942931261932
rbs_holdout,3,log_prot,Ridge_B4_sequence_only,2350,0.6371731185906199,1.1834351348137677,0.38185253394990104
rbs_holdout,3,log_prot,B3_historical_MFE,2350,0.8318432683989591,0.8234449922024297,0.6778165256838513
rbs_holdout,3,log_prot,Ridge_B3_historical_MFE,2350,0.6398611740488911,1.1805215561203664,0.3848412524982834
rbs_holdout,3,log_prot,B6_TSS_accessibility,2350,0.7562069783022527,0.9616739705093634,0.5408918100001734
rbs_holdout,3,log_prot,Ridge_B6_TSS_accessibility,2350,0.5919658679565479,1.2227170539336847,0.32450286606419665
rbs_holdout,4,log_translation_proxy,B4_sequence_only,2304,0.5805085619253859,0.8218933970999129,0.3626740013932861
rbs_holdout,4,log_translation_proxy,Ridge_B4_sequence_only,2304,0.4177519472856881,0.9363726512204747,0.18518324039912704
rbs_holdout,4,log_translation_proxy,B3_historical_MFE,2304,0.5709466046690553,0.8231528158030206,0.3656395329927652
rbs_holdout,4,log_translation_proxy,Ridge_B3_historical_MFE,2304,0.4166055622455419,0.9372639015202542,0.1913426582413459
rbs_holdout,4,log_translation_proxy,B6_TSS_accessibility,2304,0.6559839602977812,0.7322878184551056,0.48363592516969034
rbs_holdout,4,log_translation_proxy,Ridge_B6_TSS_accessibility,2304,0.4346448064849237,0.9259599714057107,0.22226480742957155
rbs_holdout,4,log_translation_proxy,B7_OSTIR,2304,0.44218999439251455,0.9299430785041959,0.17309148508927685
rbs_holdout,4,log_prot,B4_sequence_only,2304,0.7225626114047201,0.9784108438018101,0.5013168963046092
rbs_holdout,4,log_prot,Ridge_B4_sequence_only,2304,0.5871948631864229,1.2336429209794315,0.32260155418239433
rbs_holdout,4,log_prot,B3_historical_MFE,2304,0.7177268531638289,0.985026429625138,0.4961324912200702
rbs_holdout,4,log_prot,Ridge_B3_historical_MFE,2304,0.5879102387011652,1.231506875752448,0.3243446981083966
rbs_holdout,4,log_prot,B6_TSS_accessibility,2304,0.7597024165373043,0.9282350329013378,0.559148743426275
rbs_holdout,4,log_prot,Ridge_B6_TSS_accessibility,2304,0.5925368042734052,1.2282643436547946,0.32768169306091843
double_unseen,0,log_translation_proxy,B4_sequence_only,466,0.5016768080739955,0.8622593709829917,0.1262134744062171
double_unseen,0,log_translation_proxy,Ridge_B4_sequence_only,466,0.446553250908245,0.8159155884799484,0.16925731155691093
double_unseen,0,log_translation_proxy,B3_historical_MFE,466,0.4963355363546651,0.8548310240741513,0.12534952335909422
double_unseen,0,log_translation_proxy,Ridge_B3_historical_MFE,466,0.42194328994004715,0.8500233880798982,0.12356902184128926
double_unseen,0,log_translation_proxy,B6_TSS_accessibility,466,0.6422868774237425,0.7018598716776656,0.4219191088686268
double_unseen,0,log_translation_proxy,Ridge_B6_TSS_accessibility,466,0.493305379170334,0.7879818917224406,0.27023448793317095
double_unseen,0,log_translation_proxy,B7_OSTIR,466,0.46624818342169555,0.8488736613289163,0.12121380218619926
double_unseen,0,log_prot,B4_sequence_only,466,0.5206581866471413,1.1682884520021564,0.2531432560840188
double_unseen,0,log_prot,Ridge_B4_sequence_only,466,0.5524598434499363,1.136555675342089,0.3072920799537925
double_unseen,0,log_prot,B3_historical_MFE,466,0.50168241254216,1.170754005415379,0.24765131522519546
double_unseen,0,log_prot,Ridge_B3_historical_MFE,466,0.5518516869334846,1.1335613777671312,0.30502103880475284
double_unseen,0,log_prot,B6_TSS_accessibility,466,0.6491254593746614,1.0194262885420566,0.4606921491814081
double_unseen,0,log_prot,Ridge_B6_TSS_accessibility,466,0.5873298249546992,1.1064707119957946,0.3512857638032717
double_unseen,1,log_translation_proxy,B4_sequence_only,485,0.3225781512269571,0.9555838784783666,-0.15889424917728578
double_unseen,1,log_translation_proxy,Ridge_B4_sequence_only,485,0.3838874857641581,0.7980485981275642,0.1143566623099318
double_unseen,1,log_translation_proxy,B3_historical_MFE,485,0.2947896355087095,0.946017736147392,-0.13699270909079164
double_unseen,1,log_translation_proxy,Ridge_B3_historical_MFE,485,0.4086164473499283,0.7916923483891909,0.13884304239758027
double_unseen,1,log_translation_proxy,B6_TSS_accessibility,485,0.3887762346993837,0.8295642468118236,0.0916651132749634
double_unseen,1,log_translation_proxy,Ridge_B6_TSS_accessibility,485,0.4105897041854555,0.7955309172250538,0.1398103980079377
double_unseen,1,log_translation_proxy,B7_OSTIR,485,0.5183588126233445,0.7538043523242065,0.22353503086721493
double_unseen,1,log_prot,B4_sequence_only,485,0.34312583690166265,1.332945075442645,-0.04128646248884249
double_unseen,1,log_prot,Ridge_B4_sequence_only,485,0.5982827083323785,1.3155373138613937,0.09707683634579756
double_unseen,1,log_prot,B3_historical_MFE,485,0.370017097900513,1.296824092971154,0.01054634044516467
double_unseen,1,log_prot,Ridge_B3_historical_MFE,485,0.5971526457968269,1.3182319253183366,0.09449914677115945
double_unseen,1,log_prot,B6_TSS_accessibility,485,0.4160566259632845,1.2351768123099567,0.08212026483806067
double_unseen,1,log_prot,Ridge_B6_TSS_accessibility,485,0.5934494380604259,1.2908245789214454,0.11413092948771919
double_unseen,2,log_translation_proxy,B4_sequence_only,448,0.3201035728272267,1.036214738466903,0.004920436645178938
double_unseen,2,log_translation_proxy,Ridge_B4_sequence_only,448,0.4339393254315666,0.9477696045617456,0.15125210179404824
double_unseen,2,log_translation_proxy,B3_historical_MFE,448,0.3665953603814557,1.0226484834384348,0.07165989548611962
double_unseen,2,log_translation_proxy,Ridge_B3_historical_MFE,448,0.4540155870657106,0.9276774183598651,0.18953372886213704
double_unseen,2,log_translation_proxy,B6_TSS_accessibility,448,0.5087580102368744,0.8848277532826604,0.27246855625445265
double_unseen,2,log_translation_proxy,Ridge_B6_TSS_accessibility,448,0.48721351592011214,0.9054326241543643,0.22986075946540774
double_unseen,2,log_translation_proxy,B7_OSTIR,448,0.46829337181305447,0.8792361649045907,0.20935210080839783
double_unseen,2,log_prot,B4_sequence_only,448,0.4796174447256651,1.2972193023739282,0.2062558613313452
double_unseen,2,log_prot,Ridge_B4_sequence_only,448,0.6178021315710044,1.1692708530467577,0.3858362469964848
double_unseen,2,log_prot,B3_historical_MFE,448,0.5242842654858212,1.2465234072463716,0.2761056798567697
double_unseen,2,log_prot,Ridge_B3_historical_MFE,448,0.6139579052691791,1.1743532804080128,0.37860889743791915
double_unseen,2,log_prot,B6_TSS_accessibility,448,0.6009698784112448,1.1277663618612823,0.3880214622816006
double_unseen,2,log_prot,Ridge_B6_TSS_accessibility,448,0.6347714862805155,1.1426096352766333,0.4145670338877312
double_unseen,3,log_translation_proxy,B4_sequence_only,458,0.3975096677717734,1.0682854868088214,0.17159130244692122
double_unseen,3,log_translation_proxy,Ridge_B4_sequence_only,458,0.5718450574453511,0.9812628200336795,0.27078142065175137
double_unseen,3,log_translation_proxy,B3_historical_MFE,458,0.44207942646177667,1.0506467848040444,0.21167209777080565
double_unseen,3,log_translation_proxy,Ridge_B3_historical_MFE,458,0.5919607202315172,0.9749828390841838,0.2822646666373825
double_unseen,3,log_translation_proxy,B6_TSS_accessibility,458,0.4493929002904309,1.0578289020628768,0.21159381668691757
double_unseen,3,log_translation_proxy,Ridge_B6_TSS_accessibility,458,0.5605503378766392,0.983860940532527,0.27151458417339625
double_unseen,3,log_translation_proxy,B7_OSTIR,458,0.3663768265156603,1.0676753297574835,0.13713803628000953
double_unseen,3,log_prot,B4_sequence_only,458,0.6576519990906352,1.1378704547417653,0.38576183069928216
double_unseen,3,log_prot,Ridge_B4_sequence_only,458,0.6519381300297096,1.174396413577796,0.3956866303398995
double_unseen,3,log_prot,B3_historical_MFE,458,0.6932454008212632,1.119578355479032,0.42135204828709394
double_unseen,3,log_prot,Ridge_B3_historical_MFE,458,0.6529733073287266,1.1723333251236474,0.39674430241360403
double_unseen,3,log_prot,B6_TSS_accessibility,458,0.5769639085286508,1.2880894355125314,0.21770887859714227
double_unseen,3,log_prot,Ridge_B6_TSS_accessibility,458,0.6028496499214583,1.2115422384741403,0.3404710078939802
double_unseen,4,log_translation_proxy,B4_sequence_only,463,0.31087545128388855,1.0434439941936826,-0.1446802274879737
double_unseen,4,log_translation_proxy,Ridge_B4_sequence_only,463,0.4564757127278056,0.8802528954821873,0.23194690650482008
double_unseen,4,log_translation_proxy,B3_historical_MFE,463,0.29385449612355313,1.0542330832470843,-0.13544342537934573
double_unseen,4,log_translation_proxy,Ridge_B3_historical_MFE,463,0.46209943247096746,0.8803979124835428,0.24136022472110819
double_unseen,4,log_translation_proxy,B6_TSS_accessibility,463,0.3700951707114662,0.9845717357675344,-0.007020796971007881
double_unseen,4,log_translation_proxy,Ridge_B6_TSS_accessibility,463,0.4049638545709893,0.8996360810630124,0.20267599669085445
double_unseen,4,log_translation_proxy,B7_OSTIR,463,0.39720099289874206,0.9328078332976295,0.1157184832373983
double_unseen,4,log_prot,B4_sequence_only,463,0.5384058294753641,1.3344595340591803,0.14975240027594539
double_unseen,4,log_prot,Ridge_B4_sequence_only,463,0.5521253255438018,1.3655013108465075,0.2137632949799645
double_unseen,4,log_prot,B3_historical_MFE,463,0.537998764482155,1.3321592094193904,0.16137433611380714
double_unseen,4,log_prot,Ridge_B3_historical_MFE,463,0.5522861101081612,1.3654550681764233,0.21380027003280933
double_unseen,4,log_prot,B6_TSS_accessibility,463,0.5902091723314278,1.2392590838798823,0.2653927361724784
double_unseen,4,log_prot,Ridge_B6_TSS_accessibility,463,0.556826256280005,1.3709325897341302,0.20717971165905158
